#
# A fatal error has been detected by the Java Runtime Environment:
#
#  EXCEPTION_ACCESS_VIOLATION (0xc0000005) at pc=0x0000019b64628e5a, pid=5588, tid=11948
#
# JRE version: OpenJDK Runtime Environment (21.0.6) (build 21.0.6+-13391695-b895.109)
# Java VM: OpenJDK 64-Bit Server VM (21.0.6+-13391695-b895.109, mixed mode, tiered, compressed oops, compressed class ptrs, g1 gc, windows-amd64)
# Problematic frame:
# j  org.gradle.internal.management.DependencyResolutionManagementInternal$RulesModeInternal.of(Lorg/gradle/api/initialization/resolve/RulesMode;)Lorg/gradle/internal/management/DependencyResolutionManagementInternal$RulesModeInternal;+1
#
# No core dump will be written. Minidumps are not enabled by default on client versions of Windows
#
# If you would like to submit a bug report, please visit:
#   https://youtrack.jetbrains.com/issues/JBR
#

---------------  S U M M A R Y ------------

Command Line: --add-opens=java.base/java.lang=ALL-UNNAMED --add-opens=java.base/java.lang.invoke=ALL-UNNAMED --add-opens=java.base/java.util=ALL-UNNAMED --add-opens=java.prefs/java.util.prefs=ALL-UNNAMED --add-exports=jdk.compiler/com.sun.tools.javac.api=ALL-UNNAMED --add-exports=jdk.compiler/com.sun.tools.javac.util=ALL-UNNAMED --add-opens=java.base/java.util=ALL-UNNAMED --add-opens=java.prefs/java.util.prefs=ALL-UNNAMED --add-opens=java.base/java.nio.charset=ALL-UNNAMED --add-opens=java.base/java.net=ALL-UNNAMED --add-opens=java.base/java.util.concurrent.atomic=ALL-UNNAMED --add-opens=java.xml/javax.xml.namespace=ALL-UNNAMED -Xmx2048m -Dfile.encoding=UTF-8 -Duser.country=RU -Duser.language=ru -Duser.variant -javaagent:C:\Users\gaginik\.gradle\wrapper\dists\gradle-8.13-bin\5xuhj0ry160q40clulazy9h7d\gradle-8.13\lib\agents\gradle-instrumentation-agent-8.13.jar org.gradle.launcher.daemon.bootstrap.GradleDaemon 8.13

Host: Intel(R) Core(TM) i7-3770 CPU @ 3.40GHz, 8 cores, 7G,  Windows 10 , 64 bit Build 19041 (10.0.19041.6807)
Time: Tue Mar 10 10:03:26 2026  Windows 10 , 64 bit Build 19041 (10.0.19041.6807) elapsed time: 2758.247110 seconds (0d 0h 45m 58s)

---------------  T H R E A D  ---------------

Current thread (0x0000019b0f524a90):  JavaThread "Daemon worker Thread 4"        [_thread_in_Java, id=11948, stack(0x0000001810000000,0x0000001810100000) (1024K)]

Stack: [0x0000001810000000,0x0000001810100000],  sp=0x00000018100f7b40,  free space=990k
Native frames: (J=compiled Java code, j=interpreted, Vv=VM code, C=native code)
C  0x0000019b64628e5a

The last pc belongs to invokevirtual (printed below).

siginfo: EXCEPTION_ACCESS_VIOLATION (0xc0000005), reading address 0xffffffffffffffff


Registers:
RAX=0x0000000083e2a648, RBX=0x00000000000000b6, RCX=0x2000019b038898c0, RDX=0x0000000000000020
RSP=0x00000018100f7b40, RBP=0x00000018100f7b90, RSI=0x00000001002cb948, RDI=0x000000008cef1ff4
R8 =0x0000000000000050, R9 =0x0000000000000000, R10=0x00007ff9658c2170, R11=0x000000002005dc5e
R12=0x0000000000000000, R13=0x0000019b7508a119, R14=0x00000018100f7ba0, R15=0x0000019b0f524a90
RIP=0x0000019b64628e5a, EFLAGS=0x0000000000010202

XMM[0]=0x0000000000000000 0x00000000fdd2d428
XMM[1]=0x0000000000000000 0x00000018100f74a8
XMM[2]=0x0000000000000000 0x00000000805f7c70
XMM[3]=0x0000000000000000 0x0000000000000000
XMM[4]=0x0000000000000000 0x0000000000000000
XMM[5]=0x656369767265532f 0x656369767265732f
XMM[6]=0x0000000000000000 0x0000000083e48cd8
XMM[7]=0x0000000000000000 0x000000002001dc41
XMM[8]=0x0000000000000000 0x0000000000000020
XMM[9]=0x0000000000000000 0x0000000100042bb0
XMM[10]=0x0000000000000000 0x0000000000000000
XMM[11]=0x0000000000000000 0x0000000000000000
XMM[12]=0x0000000000000000 0x0000000000000000
XMM[13]=0x0000000000000000 0x0000000000000000
XMM[14]=0x0000000000000000 0x0000000000000000
XMM[15]=0x0000000000000000 0x0000000000000000
  MXCSR=0x00001fa0


Register to memory mapping:

RAX=0x0000000083e2a648 is an oop: org.gradle.api.initialization.resolve.RulesMode 
{0x0000000083e2a648} - klass: 'org/gradle/api/initialization/resolve/RulesMode'
 - ---- fields (total size 3 words):
 - private final 'ordinal' 'I' @12  0 (0x00000000)
 - private 'hash' 'I' @16  0 (0x00000000)
 - private final 'name' 'Ljava/lang/String;' @20  "PREFER_PROJECT"{0x0000000083e2a410} (0x83e2a410)
RBX=0x00000000000000b6 is an unknown value
RCX=0x2000019b038898c0 is an unknown value
RDX=0x0000000000000020 is an unknown value
RSP=0x00000018100f7b40 is pointing into the stack for thread: 0x0000019b0f524a90
RBP=0x00000018100f7b90 is pointing into the stack for thread: 0x0000019b0f524a90
RSI=0x00000001002cb948 is a pointer to class: 
org.gradle.api.internal.provider.DefaultProperty {0x00000001002cb950}
 - instance size:     5
 - klass size:        281
 - access:            public synchronized 
 - flags:             rewritten has_nonstatic_fields should_verify_class has_nonstatic_concrete_methods has_localvariable_table has_miranda_methods 
 - state:             fully_initialized
 - name:              'org/gradle/api/internal/provider/DefaultProperty'
 - super:             'org/gradle/api/internal/provider/AbstractProperty'
 - sub:               'org/gradle/api/internal/file/DefaultFilePropertyFactory$AbstractFileVar'   'org/gradle/api/internal/cache/DefaultCacheConfigurations$ContextualErrorMessageProperty'   
 - arrays:            null
 - methods:           Array<T>(0x0000019b734b8fe8)
 - method ordering:   Array<T>(0x0000019b72000018)
 - default_methods:   Array<T>(0x0000019b734c9828)
 - default vtable indices:   Array<T>(0x0000019b734c9840)
 - local interfaces:  Array<T>(0x0000019b734b8fd8)
 - trans. interfaces: Array<T>(0x0000019b734c9788)
 - constants:         constant pool [287] {0x0000019b734b85f0} for 'org/gradle/api/internal/provider/DefaultProperty' cache=0x0000019b73561848
 - class loader data:  loader data: 0x0000019b760eae50 for instance a 'org/gradle/internal/classloader/VisitableURLClassLoader'{0x00000000805615d8}
 - source file:       'DefaultProperty.java'
 - generic signature: '<T:Ljava/lang/Object;>Lorg/gradle/api/internal/provider/AbstractProperty<TT;Lorg/gradle/api/internal/provider/ProviderInternal<+TT;>;>;Lorg/gradle/api/provider/Property<TT;>;'
 - inner classes:     Array<T>(0x0000019b734bad40)
 - nest members:     Array<T>(0x0000019b72000028)
 - permitted subclasses:     Array<T>(0x0000019b72000028)
 - java mirror:       a 'java/lang/Class'{0x00000000814a0660} = 'org/gradle/api/internal/provider/DefaultProperty'
 - vtable length      90  (start addr: 0x00000001002cbb28)
 - itable length      130 (start addr: 0x00000001002cbdf8)
 - ---- static fields (1 words):
 - private static final 'NOT_DEFINED' 'Lorg/gradle/api/internal/provider/ProviderInternal;' @112 
 - ---- non-static fields (6 words):
 - private 'producer' 'Lorg/gradle/internal/state/ModelObject;' @12 
 - private 'displayName' 'Lorg/gradle/internal/DisplayName;' @16 
 - private 'state' 'Lorg/gradle/api/internal/provider/ValueState;' @20 
 - private 'value' 'Lorg/gradle/api/internal/provider/ValueSupplier;' @24 
 - private final 'type' 'Ljava/lang/Class;' @28 
 - private final 'sanitizer' 'Lorg/gradle/api/internal/provider/ValueSanitizer;' @32 
 - non-static oop maps: 12-32 
RDI=
[error occurred during error reporting (printing register info), id 0xc0000005, EXCEPTION_ACCESS_VIOLATION (0xc0000005) at pc=0x00007ff964e3a0f6]
R8 =0x0000000000000050 is an unknown value
R9 =0x0 is null
R10=0x00007ff9658c2170 jvm.dll
R11=537255006 is a compressed pointer to class: 0x00000001002ee2f0
org.gradle.api.internal.provider.ValueSupplier$Present {0x00000001002ee2f8}
 - instance size:     3
 - klass size:        94
 - access:            public synchronized 
 - flags:             rewritten has_nonstatic_fields should_verify_class has_localvariable_table 
 - state:             fully_initialized
 - name:              'org/gradle/api/internal/provider/ValueSupplier$Present'
 - super:             'java/lang/Object'
 - sub:               
 - arrays:            null
 - methods:           Array<T>(0x0000019b73569af0)
 - method ordering:   Array<T>(0x0000019b72000018)
 - local interfaces:  Array<T>(0x0000019b73569ae0)
 - trans. interfaces: Array<T>(0x0000019b73569ae0)
 - constants:         constant pool [144] {0x0000019b735695d0} for 'org/gradle/api/internal/provider/ValueSupplier$Present' cache=0x0000019b7356ac18
 - class loader data:  loader data: 0x0000019b760eae50 for instance a 'org/gradle/internal/classloader/VisitableURLClassLoader'{0x00000000805615d8}
 - source file:       'ValueSupplier.java'
 - generic signature: '<T:Ljava/lang/Object;>Ljava/lang/Object;Lorg/gradle/api/internal/provider/ValueSupplier$Value<TT;>;'
 - inner classes:     Array<T>(0x0000019b7356abc0)
 - nest members:     Array<T>(0x0000019b72000028)
 - permitted subclasses:     Array<T>(0x0000019b72000028)
 - java mirror:       a 'java/lang/Class'{0x000000008147d880} = 'org/gradle/api/internal/provider/ValueSupplier$Present'
 - vtable length      17  (start addr: 0x00000001002ee4d0)
 - itable length      16 (start addr: 0x00000001002ee558)
 - ---- static fields (0 words):
 - ---- non-static fields (2 words):
 - private final 'result' 'Ljava/lang/Object;' @12 
 - private final 'sideEffect' 'Lorg/gradle/api/internal/provider/ValueSupplier$SideEffect;' @16 
 - non-static oop maps: 12-16 
R12=0x0 is null
R13=0x0000019b7508a119 is pointing into metadata
R14=0x00000018100f7ba0 is pointing into the stack for thread: 0x0000019b0f524a90
R15=0x0000019b0f524a90 is a thread

Top of Stack: (sp=0x00000018100f7b40)
0x00000018100f7b40:   0000000083e2a648 00000018100f7b48
0x00000018100f7b50:   0000019b7508a119 0000000000000002
0x00000018100f7b60:   2000019b038898c0 0000000000000000
0x00000018100f7b70:   0000000083f710f0 0000019b7508a138
0x00000018100f7b80:   0000000000000000 00000018100f7ba0
0x00000018100f7b90:   00000018100f7bf0 0000019b646189c0
0x00000018100f7ba0:   0000000083e2a648 00000018100f7ba8
0x00000018100f7bb0:   0000019b7508d72d 0000000000000002
0x00000018100f7bc0:   0000019b7508e360 0000000000000000
0x00000018100f7bd0:   0000000083f24698 0000019b7508d748
0x00000018100f7be0:   00000018100f7ba0 00000018100f7c00
0x00000018100f7bf0:   00000018100f7c50 0000019b646189c0
0x00000018100f7c00:   0000000090021488 00000018100f7c08
0x00000018100f7c10:   0000019b75095c28 0000000000000002
0x00000018100f7c20:   0000019b750970a8 0000000000000000
0x00000018100f7c30:   0000000083fc36a0 0000019b75095c48
0x00000018100f7c40:   00000018100f7c00 00000018100f7c60
0x00000018100f7c50:   00000018100f7cb0 0000019b64618e54
0x00000018100f7c60:   0000000090021488 00000018100f7c68
0x00000018100f7c70:   0000019b74138aa1 0000000000000005
0x00000018100f7c80:   0000019b751eac60 0000000000000000
0x00000018100f7c90:   00000000ffe889d8 0000019b74138b40
0x00000018100f7ca0:   00000018100f7c60 00000018100f7cd0
0x00000018100f7cb0:   00000018100f7d28 0000019b646189c0
0x00000018100f7cc0:   0000000000000000 0000000000000000
0x00000018100f7cd0:   0000000090021488 000000008f1031d8
0x00000018100f7ce0:   00000018100f7ce0 0000019b096b7fd0
0x00000018100f7cf0:   0000000000000002 0000019b099bc480
0x00000018100f7d00:   0000000000000000 0000000093f9fad0
0x00000018100f7d10:   0000019b099bc400 00000018100f7cd0
0x00000018100f7d20:   00000018100f7d38 00000018100f7d88
0x00000018100f7d30:   0000019b64618e54 000000008f103788 

Instructions: (pc=0x0000019b64628e5a)
0x0000019b64628d5a:   45 88 4d 00 e9 8e 00 00 00 83 f8 06 0f 85 45 00
0x0000019b64628d6a:   00 00 c5 fa 10 04 24 48 83 c4 08 59 48 3b 01 c5
0x0000019b64628d7a:   fa 11 04 19 45 0f b7 4d 01 48 8b 5d d0 41 c1 e1
0x0000019b64628d8a:   02 42 8b 5c cb 38 c1 eb 18 81 e3 ff 00 00 00 41
0x0000019b64628d9a:   b9 d8 00 00 00 83 fb 00 0f 84 04 00 00 00 45 88
0x0000019b64628daa:   4d 00 e9 40 00 00 00 c5 fb 10 04 24 48 83 c4 10
0x0000019b64628dba:   59 48 3b 01 c5 fb 11 04 19 45 0f b7 4d 01 48 8b
0x0000019b64628dca:   5d d0 41 c1 e1 02 42 8b 5c cb 38 c1 eb 18 81 e3
0x0000019b64628dda:   ff 00 00 00 41 b9 d7 00 00 00 83 fb 00 0f 84 04
0x0000019b64628dea:   00 00 00 45 88 4d 00 41 0f b6 5d 03 49 83 c5 03
0x0000019b64628dfa:   49 ba 70 29 8c 65 f9 7f 00 00 41 ff 24 da a0 2e
0x0000019b64628e0a:   63 65 f9 7f 00 00 c0 04 00 00 b6 00 00 00 00 00
0x0000019b64628e1a:   00 00 00 00 00 00 48 83 ec 08 c5 fa 11 04 24 eb
0x0000019b64628e2a:   1f 48 83 ec 10 c5 fb 11 04 24 eb 14 48 83 ec 10
0x0000019b64628e3a:   48 89 04 24 48 c7 44 24 08 00 00 00 00 eb 01 50
0x0000019b64628e4a:   4c 89 6d c0 41 0f b7 55 01 48 8b 4d d0 c1 e2 02
0x0000019b64628e5a:   8b 5c d1 38 c1 eb 18 81 e3 ff 00 00 00 81 fb b6
0x0000019b64628e6a:   00 00 00 0f 84 b4 00 00 00 bb b6 00 00 00 e8 05
0x0000019b64628e7a:   00 00 00 e9 99 00 00 00 48 8b d3 48 8d 44 24 08
0x0000019b64628e8a:   4c 89 6d c0 49 8b cf c5 f8 77 49 89 af a8 03 00
0x0000019b64628e9a:   00 49 89 87 98 03 00 00 48 83 ec 20 40 f6 c4 0f
0x0000019b64628eaa:   0f 84 19 00 00 00 48 83 ec 08 48 b8 c0 83 0d 65
0x0000019b64628eba:   f9 7f 00 00 ff d0 48 83 c4 08 e9 0c 00 00 00 48
0x0000019b64628eca:   b8 c0 83 0d 65 f9 7f 00 00 ff d0 48 83 c4 20 49
0x0000019b64628eda:   c7 87 98 03 00 00 00 00 00 00 49 c7 87 a8 03 00
0x0000019b64628eea:   00 00 00 00 00 49 c7 87 a0 03 00 00 00 00 00 00
0x0000019b64628efa:   c5 f8 77 49 83 7f 08 00 0f 84 05 00 00 00 e9 f3
0x0000019b64628f0a:   7f fe ff 4c 8b 6d c0 4c 8b 75 c8 4e 8d 74 f5 00
0x0000019b64628f1a:   c3 41 0f b7 55 01 48 8b 4d d0 c1 e2 02 48 8b 5c
0x0000019b64628f2a:   d1 48 8b 54 d1 50 8b ca 81 e1 ff 00 00 00 48 8b
0x0000019b64628f3a:   4c cc f8 44 8b ea c1 ea 1c 49 ba 80 e0 8b 65 f9
0x0000019b64628f4a:   7f 00 00 49 8b 14 d2 52 41 8b d5 4c 8b 6d c0 8b 


Stack slot to memory mapping:

stack at sp + 0 slots: 0x0000000083e2a648 is an oop: org.gradle.api.initialization.resolve.RulesMode 
{0x0000000083e2a648} - klass: 'org/gradle/api/initialization/resolve/RulesMode'
 - ---- fields (total size 3 words):
 - private final 'ordinal' 'I' @12  0 (0x00000000)
 - private 'hash' 'I' @16  0 (0x00000000)
 - private final 'name' 'Ljava/lang/String;' @20  "PREFER_PROJECT"{0x0000000083e2a410} (0x83e2a410)
stack at sp + 1 slots: 0x00000018100f7b48 is pointing into the stack for thread: 0x0000019b0f524a90
stack at sp + 2 slots: 0x0000019b7508a119 is pointing into metadata
stack at sp + 3 slots: 0x0000000000000002 is an unknown value
stack at sp + 4 slots: 0x2000019b038898c0 is an unknown value
stack at sp + 5 slots: 0x0 is null
stack at sp + 6 slots: 0x0000000083f710f0 is an oop: java.lang.Class 
{0x0000000083f710f0} - klass: 'java/lang/Class'
 - ---- fields (total size 16 words):
 - private volatile transient 'classRedefinedCount' 'I' @12  0 (0x00000000)
 - injected 'klass' 'J' @16  4303181696 (0x00000001007d5780)
 - injected 'array_klass' 'J' @24  4314135848 (0x0000000101247d28)
 - injected 'oop_size' 'I' @32  16 (0x00000010)
 - injected 'static_oop_field_count' 'I' @36  4 (0x00000004)
 - private volatile transient 'cachedConstructor' 'Ljava/lang/reflect/Constructor;' @40  null (0x00000000)
 - private transient 'name' 'Ljava/lang/String;' @44  "org.gradle.internal.management.DependencyResolutionManagementInternal$RulesModeInternal"{0x0000000083f71170} (0x83f71170)
 - private transient 'module' 'Ljava/lang/Module;' @48  a 'java/lang/Module'{0x00000000805753b0} (0x805753b0)
 - private final 'classLoader' 'Ljava/lang/ClassLoader;' @52  a 'org/gradle/internal/classloader/VisitableURLClassLoader'{0x00000000805615d8} (0x805615d8)
 - private transient 'classData' 'Ljava/lang/Object;' @56  null (0x00000000)
 - private transient 'packageName' 'Ljava/lang/String;' @60  "org.gradle.internal.management"{0x00000000ffe79948} (0xffe79948)
 - private final 'componentType' 'Ljava/lang/Class;' @64  null (0x00000000)
 - private volatile transient 'reflectionData' 'Ljava/lang/ref/SoftReference;' @68  a 'java/lang/ref/SoftReference'{0x0000000087e01fb8} (0x87e01fb8)
 - private volatile transient 'genericInfo' 'Lsun/reflect/generics/repository/ClassRepository;' @72  null (0x00000000)
 - private volatile transient 'enumConstants' '[Ljava/lang/Object;' @76  a 'org/gradle/internal/management/DependencyResolutionManagementInternal$RulesModeInternal'[3] {0x0000000087e01f98} (0x87e01f98)
 - private volatile transient 'enumConstantDirectory' 'Ljava/util/Map;' @80  a 'java/util/HashMap'{0x0000000087e01ee8} (0x87e01ee8)
 - private volatile transient 'annotationData' 'Ljava/lang/Class$AnnotationData;' @84  null (0x00000000)
 - private volatile transient 'annotationType' 'Lsun/reflect/annotation/AnnotationType;' @88  null (0x00000000)
 - transient 'classValueMap' 'Ljava/lang/ClassValue$ClassValueMap;' @92  null (0x00000000)
 - injected 'protection_domain' 'Ljava/lang/Object;' @96  a 'java/security/ProtectionDomain'{0x00000000805c3cf8} (0x805c3cf8)
 - injected 'signers_name' 'Ljava/lang/Object;' @100  null (0x00000000)
 - injected 'source_file' 'Ljava/lang/Object;' @104  null (0x00000000)
 - injected '<init_lock>' 'Ljava/lang/Object;' @108  null (0x00000000)
 - signature: Lorg/gradle/internal/management/DependencyResolutionManagementInternal$RulesModeInternal;
 - ---- static fields (4):
 - public static final 'PREFER_PROJECT' 'Lorg/gradle/internal/management/DependencyResolutionManagementInternal$RulesModeInternal;' @112  a 'org/gradle/internal/management/DependencyResolutionManagementInternal$RulesModeInternal'{0x0000000087e01ec8} (0x87e01ec8)
 - public static final 'PREFER_SETTINGS' 'Lorg/gradle/internal/management/DependencyResolutionManagementInternal$RulesModeInternal;' @116  a 'org/gradle/internal/management/DependencyResolutionManagementInternal$RulesModeInternal'{0x0000000087e01ea8} (0x87e01ea8)
 - public static final 'FAIL_ON_PROJECT_RULES' 'Lorg/gradle/internal/management/DependencyResolutionManagementInternal$RulesModeInternal;' @120  a 'org/gradle/internal/management/DependencyResolutionManagementInternal$RulesModeInternal'{0x0000000087e01e88} (0x87e01e88)
 - private static final synthetic '$VALUES' '[Lorg/gradle/internal/management/DependencyResolutionManagementInternal$RulesModeInternal;' @124  a 'org/gradle/internal/management/DependencyResolutionManagementInternal$RulesModeInternal'[3] {0x0000000087e01e68} (0x87e01e68)
stack at sp + 7 slots: {method} {0x0000019b7508a140} 'of' '(Lorg/gradle/api/initialization/resolve/RulesMode;)Lorg/gradle/internal/management/DependencyResolutionManagementInternal$RulesModeInternal;' in 'org/gradle/internal/management/DependencyResolutionManagementInternal$RulesModeInternal'

invokevirtual  182 invokevirtual  [0x0000019b64628e20, 0x0000019b646292c8]  1192 bytes
[MachCode]
  0x0000019b64628e20: 4883 ec08 | c5fa 1104 | 24eb 1f48 | 83ec 10c5 | fb11 0424 | eb14 4883 | ec10 4889 | 0424 48c7 
  0x0000019b64628e40: 4424 0800 | 0000 00eb | 0150 4c89 | 6dc0 410f | b755 0148 | 8b4d d0c1 | e202 8b5c | d138 c1eb 
  0x0000019b64628e60: 1881 e3ff | 0000 0081 | fbb6 0000 | 000f 84b4 | 0000 00bb | b600 0000 | e805 0000 | 00e9 9900 
  0x0000019b64628e80: 0000 488b | d348 8d44 | 2408 4c89 | 6dc0 498b | cfc5 f877 | 4989 afa8 | 0300 0049 | 8987 9803 
  0x0000019b64628ea0: 0000 4883 | ec20 40f6 | c40f 0f84 | 1900 0000 | 4883 ec08 | 48b8 c083 | 0d65 f97f | 0000 ffd0 
  0x0000019b64628ec0: 4883 c408 | e90c 0000 | 0048 b8c0 | 830d 65f9 | 7f00 00ff | d048 83c4 | 2049 c787 | 9803 0000 
  0x0000019b64628ee0: 0000 0000 | 49c7 87a8 | 0300 0000 | 0000 0049 | c787 a003 | 0000 0000 | 0000 c5f8 | 7749 837f 
  0x0000019b64628f00: 0800 0f84 | 0500 0000 | e9f3 7ffe | ff4c 8b6d | c04c 8b75 | c84e 8d74 | f500 c341 | 0fb7 5501 
  0x0000019b64628f20: 488b 4dd0 | c1e2 0248 | 8b5c d148 | 8b54 d150 | 8bca 81e1 | ff00 0000 | 488b 4ccc | f844 8bea 
  0x0000019b64628f40: c1ea 1c49 | ba80 e08b | 65f9 7f00 | 0049 8b14 | d252 418b | d54c 8b6d | c08b c225 | 0000 1000 
  0x0000019b64628f60: 0f84 6601 | 0000 483b | 0148 8b45 | d848 85c0 | 0f84 1200 | 0000 4883 | 4008 0148 | 8358 0800 
  0x0000019b64628f80: 4883 c038 | 4889 45d8 | 488b 45d8 | 4885 c00f | 842b 0100 | 0080 78c8 | 0b0f 8521 | 0100 0048 
  0x0000019b64628fa0: 83c0 084c | 8b68 f841 | 83ed 0041 | 83fd 020f | 8c00 0100 | 004c 8b6b | 0845 0fb7 | 6d2e 4c2b 
  0x0000019b64628fc0: 2841 83ed | 014e 8b6c | ec08 4d85 | ed75 0ef6 | 4008 0175 | 4ff0 4883 | 4808 01eb | 4745 8b6d 
  0x0000019b64628fe0: 0849 c1e5 | 034d 8bd5 | 4c33 6808 | 49f7 c5fc | ffff ff74 | 2f41 f6c5 | 0275 2948 | 8378 0800 
  0x0000019b64629000: 741e 4883 | 7808 0174 | 174d 8bea | 4c33 6808 | 49f7 c5fc | ffff ff74 | 0b48 8348 | 0802 eb04 
  0x0000019b64629020: 4c89 6808 | 4883 c010 | 4c8b 68e8 | 4183 ed02 | 4183 fd02 | 0f8c 7b00 | 0000 4c8b | 6b08 450f 
  0x0000019b64629040: b76d 2e4c | 2b28 4183 | ed01 4e8b | 6cec 084d | 85ed 750e | f640 0801 | 754f f048 | 8348 0801 
  0x0000019b64629060: eb47 458b | 6d08 49c1 | e503 4d8b | d54c 3368 | 0849 f7c5 | fcff ffff | 742f 41f6 | c502 7529 
  0x0000019b64629080: 4883 7808 | 0074 1e48 | 8378 0801 | 7417 4d8b | ea4c 3368 | 0849 f7c5 | fcff ffff | 740b 4883 
  0x0000019b646290a0: 4808 02eb | 044c 8968 | 0848 83c0 | 104c 8b68 | d841 83ed | 0441 c1e5 | 0349 03c5 | 4889 45d8 
  0x0000019b646290c0: 4c8d 6c24 | 084c 896d | f0ff 6368 | 8b41 0848 | c1e0 034c | 8b75 d84d | 85f6 0f84 | 9500 0000 
  0x0000019b646290e0: 498b 5618 | 483b d00f | 850f 0000 | 0049 8346 | 2001 4983 | 5e20 00e9 | 7100 0000 | 4885 d20f 
  0x0000019b64629100: 8442 0000 | 0049 8b56 | 2848 3bd0 | 0f85 0f00 | 0000 4983 | 4630 0149 | 835e 3000 | e94c 0000 
  0x0000019b64629120: 0048 85d2 | 740f 4983 | 4608 0149 | 835e 0800 | e938 0000 | 0049 8946 | 28ba 0100 | 0000 4989 
  0x0000019b64629140: 5630 e926 | 0000 0049 | 3b46 280f | 850f 0000 | 0049 8346 | 3001 4983 | 5e30 00e9 | 0d00 0000 
  0x0000019b64629160: 4989 4618 | ba01 0000 | 0049 8956 | 2049 83c6 | 384c 8975 | d848 8b9c | d8e0 0100 | 0048 8b55 
  0x0000019b64629180: d848 85d2 | 0f84 2b01 | 0000 807a | c80b 0f85 | 2101 0000 | 4883 c208 | 4c8b 6af8 | 4183 ed00 
  0x0000019b646291a0: 4183 fd02 | 0f8c 0001 | 0000 4c8b | 6b08 450f | b76d 2e4c | 2b2a 4183 | ed01 4e8b | 6cec 084d 
  0x0000019b646291c0: 85ed 750e | f642 0801 | 754f f048 | 834a 0801 | eb47 458b | 6d08 49c1 | e503 4d8b | d54c 336a 
  0x0000019b646291e0: 0849 f7c5 | fcff ffff | 742f 41f6 | c502 7529 | 4883 7a08 | 0074 1e48 | 837a 0801 | 7417 4d8b 
  0x0000019b64629200: ea4c 336a | 0849 f7c5 | fcff ffff | 740b 4883 | 4a08 02eb | 044c 896a | 0848 83c2 | 104c 8b6a 
  0x0000019b64629220: e841 83ed | 0241 83fd | 020f 8c7b | 0000 004c | 8b6b 0845 | 0fb7 6d2e | 4c2b 2a41 | 83ed 014e 
  0x0000019b64629240: 8b6c ec08 | 4d85 ed75 | 0ef6 4208 | 0175 4ff0 | 4883 4a08 | 01eb 4745 | 8b6d 0849 | c1e5 034d 
  0x0000019b64629260: 8bd5 4c33 | 6a08 49f7 | c5fc ffff | ff74 2f41 | f6c5 0275 | 2948 837a | 0800 741e | 4883 7a08 
  0x0000019b64629280: 0174 174d | 8bea 4c33 | 6a08 49f7 | c5fc ffff | ff74 0b48 | 834a 0802 | eb04 4c89 | 6a08 4883 
  0x0000019b646292a0: c210 4c8b | 6ad8 4183 | ed04 41c1 | e503 4903 | d548 8955 | d84c 8d6c | 2408 4c89 | 6df0 ff63 
  0x0000019b646292c0: 680f 1f80 | 0000 0000 
[/MachCode]

---------------  P R O C E S S  ---------------

Threads class SMR info:
_java_thread_list=0x0000019b0d75b230, length=86, elements={
0x0000019b57cc2db0, 0x0000019b7185bec0, 0x0000019b7185c910, 0x0000019b7185d5e0,
0x0000019b7185e030, 0x0000019b7186eeb0, 0x0000019b7186f900, 0x0000019b7184a0d0,
0x0000019b7184ab60, 0x0000019b7162a5a0, 0x0000019b71b6df40, 0x0000019b76b6fb00,
0x0000019b77b2c890, 0x0000019b77b707d0, 0x0000019b77bdcde0, 0x0000019b77bddb00,
0x0000019b77bde190, 0x0000019b77bdeeb0, 0x0000019b77bdc750, 0x0000019b79714590,
0x0000019b79712b50, 0x0000019b797117a0, 0x0000019b797131e0, 0x0000019b79713870,
0x0000019b79710a80, 0x0000019b797103f0, 0x0000019b79713f00, 0x0000019b79715fd0,
0x0000019b7d902de0, 0x0000019b0d15bd60, 0x0000019b0f3a4180, 0x0000019b0ee072a0,
0x0000019b0ee04b40, 0x0000019b0f522330, 0x0000019b0f5264d0, 0x0000019b0f524a90,
0x0000019b7eb82e40, 0x0000019b7eb841f0, 0x0000019b7eb84f10, 0x0000019b7b56caa0,
0x0000019b0ee05ef0, 0x0000019b0ee051d0, 0x0000019b0f527f10, 0x0000019b0f526b60,
0x0000019b0f521ca0, 0x0000019b0f5229c0, 0x0000019b0f5285a0, 0x0000019b0f523050,
0x0000019b0f5236e0, 0x0000019b0f523d70, 0x0000019b0f525120, 0x0000019b0f5292c0,
0x0000019b0f524400, 0x0000019b0f5257b0, 0x0000019b0f525e40, 0x0000019b7cf1a3f0,
0x0000019b0ee03e20, 0x0000019b0ee06580, 0x0000019b0ee06c10, 0x0000019b798d2c20,
0x0000019b798cfe30, 0x0000019b7b56eb70, 0x0000019b7b56d7c0, 0x0000019b7b56f200,
0x0000019b7b56bd80, 0x0000019b795506e0, 0x0000019b0ee044b0, 0x0000019b0ee05860,
0x0000019b0dbc11a0, 0x0000019b7f585960, 0x0000019b7f585ff0, 0x0000019b7f586680,
0x0000019b7f583f20, 0x0000019b7f586d10, 0x0000019b7f583890, 0x0000019b7f5845b0,
0x0000019b798d0b50, 0x0000019b0dbc2be0, 0x0000019b0dbc1ec0, 0x0000019b0dbc2550,
0x0000019b0dbc4cb0, 0x0000019b0dbc3900, 0x0000019b0dbc6060, 0x0000019b0dbc3f90,
0x0000019b07bfff30, 0x0000019b7f584c40
}

Java Threads: ( => current thread )
  0x0000019b57cc2db0 JavaThread "main"                              [_thread_blocked, id=8064, stack(0x000000180e300000,0x000000180e400000) (1024K)]
  0x0000019b7185bec0 JavaThread "Reference Handler"          daemon [_thread_blocked, id=7824, stack(0x000000180eb00000,0x000000180ec00000) (1024K)]
  0x0000019b7185c910 JavaThread "Finalizer"                  daemon [_thread_blocked, id=7872, stack(0x000000180ec00000,0x000000180ed00000) (1024K)]
  0x0000019b7185d5e0 JavaThread "Signal Dispatcher"          daemon [_thread_blocked, id=7716, stack(0x000000180ed00000,0x000000180ee00000) (1024K)]
  0x0000019b7185e030 JavaThread "Attach Listener"            daemon [_thread_blocked, id=4036, stack(0x000000180ee00000,0x000000180ef00000) (1024K)]
  0x0000019b7186eeb0 JavaThread "Service Thread"             daemon [_thread_blocked, id=4268, stack(0x000000180ef00000,0x000000180f000000) (1024K)]
  0x0000019b7186f900 JavaThread "Monitor Deflation Thread"   daemon [_thread_blocked, id=10856, stack(0x000000180f000000,0x000000180f100000) (1024K)]
  0x0000019b7184a0d0 JavaThread "C2 CompilerThread0"         daemon [_thread_blocked, id=1724, stack(0x000000180f100000,0x000000180f200000) (1024K)]
  0x0000019b7184ab60 JavaThread "C1 CompilerThread0"         daemon [_thread_blocked, id=7956, stack(0x000000180f200000,0x000000180f300000) (1024K)]
  0x0000019b7162a5a0 JavaThread "Common-Cleaner"             daemon [_thread_blocked, id=10836, stack(0x000000180f300000,0x000000180f400000) (1024K)]
  0x0000019b71b6df40 JavaThread "Notification Thread"        daemon [_thread_blocked, id=9168, stack(0x000000180f400000,0x000000180f500000) (1024K)]
  0x0000019b76b6fb00 JavaThread "Daemon health stats"               [_thread_blocked, id=10152, stack(0x000000180fd00000,0x000000180fe00000) (1024K)]
  0x0000019b77b2c890 JavaThread "Incoming local TCP Connector on port 50569"        [_thread_in_native, id=9344, stack(0x000000180fe00000,0x000000180ff00000) (1024K)]
  0x0000019b77b707d0 JavaThread "Daemon periodic checks"            [_thread_blocked, id=11120, stack(0x000000180ff00000,0x0000001810000000) (1024K)]
  0x0000019b77bdcde0 JavaThread "Cache worker for journal cache (C:\Users\gaginik\.gradle\caches\journal-1)"        [_thread_blocked, id=11304, stack(0x0000001810900000,0x0000001810a00000) (1024K)]
  0x0000019b77bddb00 JavaThread "File lock request listener"        [_thread_in_native, id=9900, stack(0x0000001810a00000,0x0000001810b00000) (1024K)]
  0x0000019b77bde190 JavaThread "Cache worker for file hash cache (C:\Users\gaginik\.gradle\caches\8.13\fileHashes)"        [_thread_blocked, id=9924, stack(0x0000001810b00000,0x0000001810c00000) (1024K)]
  0x0000019b77bdeeb0 JavaThread "File watcher server"        daemon [_thread_in_native, id=5436, stack(0x0000001810e00000,0x0000001810f00000) (1024K)]
  0x0000019b77bdc750 JavaThread "File watcher consumer"      daemon [_thread_blocked, id=11644, stack(0x0000001810f00000,0x0000001811000000) (1024K)]
  0x0000019b79714590 JavaThread "jar transforms"                    [_thread_blocked, id=3732, stack(0x000000180f500000,0x000000180f600000) (1024K)]
  0x0000019b79712b50 JavaThread "jar transforms Thread 2"           [_thread_blocked, id=10252, stack(0x000000180f600000,0x000000180f700000) (1024K)]
  0x0000019b797117a0 JavaThread "jar transforms Thread 3"           [_thread_blocked, id=3548, stack(0x0000001811000000,0x0000001811100000) (1024K)]
  0x0000019b797131e0 JavaThread "jar transforms Thread 4"           [_thread_blocked, id=8000, stack(0x0000001811100000,0x0000001811200000) (1024K)]
  0x0000019b79713870 JavaThread "jar transforms Thread 5"           [_thread_blocked, id=12188, stack(0x0000001811200000,0x0000001811300000) (1024K)]
  0x0000019b79710a80 JavaThread "jar transforms Thread 6"           [_thread_blocked, id=2680, stack(0x0000001811300000,0x0000001811400000) (1024K)]
  0x0000019b797103f0 JavaThread "jar transforms Thread 7"           [_thread_blocked, id=4788, stack(0x0000001811400000,0x0000001811500000) (1024K)]
  0x0000019b79713f00 JavaThread "jar transforms Thread 8"           [_thread_blocked, id=2932, stack(0x0000001811500000,0x0000001811600000) (1024K)]
  0x0000019b79715fd0 JavaThread "Cache worker for file content cache (C:\Users\gaginik\.gradle\caches\8.13\fileContent)"        [_thread_blocked, id=1372, stack(0x0000001811900000,0x0000001811a00000) (1024K)]
  0x0000019b7d902de0 JavaThread "Memory manager"                    [_thread_blocked, id=11920, stack(0x0000001815900000,0x0000001815a00000) (1024K)]
  0x0000019b0d15bd60 JavaThread "pool-3-thread-1"                   [_thread_blocked, id=2924, stack(0x0000001815b00000,0x0000001815c00000) (1024K)]
  0x0000019b0f3a4180 JavaThread "pool-7-thread-1"                   [_thread_blocked, id=10196, stack(0x0000001812f00000,0x0000001813000000) (1024K)]
  0x0000019b0ee072a0 JavaThread "pool-12-thread-1"                  [_thread_blocked, id=11600, stack(0x0000001813100000,0x0000001813200000) (1024K)]
  0x0000019b0ee04b40 JavaThread "Daemon Thread 4"                   [_thread_blocked, id=11872, stack(0x000000180e000000,0x000000180e100000) (1024K)]
  0x0000019b0f522330 JavaThread "Handler for socket connection from /127.0.0.1:50569 to /127.0.0.1:65164"        [_thread_in_native, id=3536, stack(0x000000180e100000,0x000000180e200000) (1024K)]
  0x0000019b0f5264d0 JavaThread "Cancel handler"                    [_thread_blocked, id=10948, stack(0x000000180e200000,0x000000180e300000) (1024K)]
=>0x0000019b0f524a90 JavaThread "Daemon worker Thread 4"            [_thread_in_Java, id=11948, stack(0x0000001810000000,0x0000001810100000) (1024K)]
  0x0000019b7eb82e40 JavaThread "Asynchronous log dispatcher for DefaultDaemonConnection: socket connection from /127.0.0.1:50569 to /127.0.0.1:65164"        [_thread_blocked, id=3896, stack(0x0000001810100000,0x0000001810200000) (1024K)]
  0x0000019b7eb841f0 JavaThread "Stdin handler"                     [_thread_blocked, id=8528, stack(0x0000001810200000,0x0000001810300000) (1024K)]
  0x0000019b7eb84f10 JavaThread "Daemon client event forwarder"        [_thread_blocked, id=8728, stack(0x0000001810300000,0x0000001810400000) (1024K)]
  0x0000019b7b56caa0 JavaThread "Cache worker for file hash cache (G:\practice-task_1 ANDROID\practice-task_1\.gradle\8.13\fileHashes)"        [_thread_blocked, id=9748, stack(0x0000001810400000,0x0000001810500000) (1024K)]
  0x0000019b0ee05ef0 JavaThread "Cache worker for Build Output Cleanup Cache (G:\practice-task_1 ANDROID\practice-task_1\.gradle\buildOutputCleanup)"        [_thread_blocked, id=3476, stack(0x0000001810500000,0x0000001810600000) (1024K)]
  0x0000019b0ee051d0 JavaThread "Cache worker for checksums cache (G:\practice-task_1 ANDROID\practice-task_1\.gradle\8.13\checksums)"        [_thread_blocked, id=8548, stack(0x0000001810600000,0x0000001810700000) (1024K)]
  0x0000019b0f527f10 JavaThread "Cache worker for cache directory md-supplier (C:\Users\gaginik\.gradle\caches\8.13\md-supplier)"        [_thread_blocked, id=8208, stack(0x0000001810c00000,0x0000001810d00000) (1024K)]
  0x0000019b0f526b60 JavaThread "Cache worker for cache directory md-rule (C:\Users\gaginik\.gradle\caches\8.13\md-rule)"        [_thread_blocked, id=1208, stack(0x0000001810d00000,0x0000001810e00000) (1024K)]
  0x0000019b0f521ca0 JavaThread "Unconstrained build operations"        [_thread_blocked, id=9916, stack(0x0000001811600000,0x0000001811700000) (1024K)]
  0x0000019b0f5229c0 JavaThread "Unconstrained build operations Thread 2"        [_thread_blocked, id=5528, stack(0x0000001811700000,0x0000001811800000) (1024K)]
  0x0000019b0f5285a0 JavaThread "Unconstrained build operations Thread 3"        [_thread_blocked, id=2696, stack(0x0000001811800000,0x0000001811900000) (1024K)]
  0x0000019b0f523050 JavaThread "Unconstrained build operations Thread 4"        [_thread_blocked, id=11200, stack(0x0000001811a00000,0x0000001811b00000) (1024K)]
  0x0000019b0f5236e0 JavaThread "Unconstrained build operations Thread 5"        [_thread_blocked, id=11256, stack(0x0000001811b00000,0x0000001811c00000) (1024K)]
  0x0000019b0f523d70 JavaThread "Unconstrained build operations Thread 6"        [_thread_blocked, id=4184, stack(0x0000001811c00000,0x0000001811d00000) (1024K)]
  0x0000019b0f525120 JavaThread "Unconstrained build operations Thread 7"        [_thread_blocked, id=2380, stack(0x0000001811d00000,0x0000001811e00000) (1024K)]
  0x0000019b0f5292c0 JavaThread "Unconstrained build operations Thread 8"        [_thread_blocked, id=11712, stack(0x0000001811e00000,0x0000001811f00000) (1024K)]
  0x0000019b0f524400 JavaThread "Unconstrained build operations Thread 9"        [_thread_blocked, id=8008, stack(0x0000001811f00000,0x0000001812000000) (1024K)]
  0x0000019b0f5257b0 JavaThread "Unconstrained build operations Thread 10"        [_thread_blocked, id=2340, stack(0x0000001812000000,0x0000001812100000) (1024K)]
  0x0000019b0f525e40 JavaThread "Unconstrained build operations Thread 11"        [_thread_blocked, id=3620, stack(0x0000001812100000,0x0000001812200000) (1024K)]
  0x0000019b7cf1a3f0 JavaThread "Unconstrained build operations Thread 12"        [_thread_blocked, id=7992, stack(0x0000001812200000,0x0000001812300000) (1024K)]
  0x0000019b0ee03e20 JavaThread "Unconstrained build operations Thread 13"        [_thread_blocked, id=4160, stack(0x0000001812300000,0x0000001812400000) (1024K)]
  0x0000019b0ee06580 JavaThread "Unconstrained build operations Thread 14"        [_thread_blocked, id=9848, stack(0x0000001812400000,0x0000001812500000) (1024K)]
  0x0000019b0ee06c10 JavaThread "Unconstrained build operations Thread 15"        [_thread_blocked, id=9152, stack(0x0000001812500000,0x0000001812600000) (1024K)]
  0x0000019b798d2c20 JavaThread "Unconstrained build operations Thread 16"        [_thread_blocked, id=8212, stack(0x0000001812600000,0x0000001812700000) (1024K)]
  0x0000019b798cfe30 JavaThread "Unconstrained build operations Thread 17"        [_thread_blocked, id=4580, stack(0x0000001812700000,0x0000001812800000) (1024K)]
  0x0000019b7b56eb70 JavaThread "Unconstrained build operations Thread 18"        [_thread_blocked, id=2880, stack(0x0000001812800000,0x0000001812900000) (1024K)]
  0x0000019b7b56d7c0 JavaThread "Unconstrained build operations Thread 19"        [_thread_blocked, id=12064, stack(0x0000001812900000,0x0000001812a00000) (1024K)]
  0x0000019b7b56f200 JavaThread "Unconstrained build operations Thread 20"        [_thread_blocked, id=3688, stack(0x0000001812a00000,0x0000001812b00000) (1024K)]
  0x0000019b7b56bd80 JavaThread "Unconstrained build operations Thread 21"        [_thread_blocked, id=10156, stack(0x0000001812b00000,0x0000001812c00000) (1024K)]
  0x0000019b795506e0 JavaThread "Unconstrained build operations Thread 22"        [_thread_blocked, id=6308, stack(0x0000001812c00000,0x0000001812d00000) (1024K)]
  0x0000019b0ee044b0 JavaThread "Unconstrained build operations Thread 23"        [_thread_blocked, id=5708, stack(0x0000001812d00000,0x0000001812e00000) (1024K)]
  0x0000019b0ee05860 JavaThread "Unconstrained build operations Thread 24"        [_thread_blocked, id=11736, stack(0x0000001812e00000,0x0000001812f00000) (1024K)]
  0x0000019b0dbc11a0 JavaThread "Unconstrained build operations Thread 25"        [_thread_blocked, id=7764, stack(0x0000001813000000,0x0000001813100000) (1024K)]
  0x0000019b7f585960 JavaThread "Unconstrained build operations Thread 26"        [_thread_blocked, id=9200, stack(0x0000001813200000,0x0000001813300000) (1024K)]
  0x0000019b7f585ff0 JavaThread "Unconstrained build operations Thread 27"        [_thread_blocked, id=6916, stack(0x0000001813300000,0x0000001813400000) (1024K)]
  0x0000019b7f586680 JavaThread "Unconstrained build operations Thread 28"        [_thread_blocked, id=4056, stack(0x0000001813400000,0x0000001813500000) (1024K)]
  0x0000019b7f583f20 JavaThread "Unconstrained build operations Thread 29"        [_thread_blocked, id=9740, stack(0x0000001813500000,0x0000001813600000) (1024K)]
  0x0000019b7f586d10 JavaThread "build event listener"              [_thread_blocked, id=2316, stack(0x0000001813600000,0x0000001813700000) (1024K)]
  0x0000019b7f583890 JavaThread "pool-15-thread-1"                  [_thread_blocked, id=6268, stack(0x0000001813700000,0x0000001813800000) (1024K)]
  0x0000019b7f5845b0 JavaThread "included builds"                   [_thread_blocked, id=12108, stack(0x0000001813800000,0x0000001813900000) (1024K)]
  0x0000019b798d0b50 JavaThread "Execution worker"                  [_thread_blocked, id=8240, stack(0x0000001813900000,0x0000001813a00000) (1024K)]
  0x0000019b0dbc2be0 JavaThread "Execution worker Thread 2"         [_thread_blocked, id=11152, stack(0x0000001813a00000,0x0000001813b00000) (1024K)]
  0x0000019b0dbc1ec0 JavaThread "Execution worker Thread 3"         [_thread_blocked, id=6580, stack(0x0000001813b00000,0x0000001813c00000) (1024K)]
  0x0000019b0dbc2550 JavaThread "Execution worker Thread 4"         [_thread_blocked, id=5396, stack(0x0000001813c00000,0x0000001813d00000) (1024K)]
  0x0000019b0dbc4cb0 JavaThread "Execution worker Thread 5"         [_thread_blocked, id=9716, stack(0x0000001813d00000,0x0000001813e00000) (1024K)]
  0x0000019b0dbc3900 JavaThread "Execution worker Thread 6"         [_thread_blocked, id=7892, stack(0x0000001813e00000,0x0000001813f00000) (1024K)]
  0x0000019b0dbc6060 JavaThread "Execution worker Thread 7"         [_thread_blocked, id=1476, stack(0x0000001813f00000,0x0000001814000000) (1024K)]
  0x0000019b0dbc3f90 JavaThread "Cache worker for execution history cache (G:\practice-task_1 ANDROID\practice-task_1\.gradle\8.13\executionHistory)"        [_thread_blocked, id=3384, stack(0x0000001814000000,0x0000001814100000) (1024K)]
  0x0000019b07bfff30 JavaThread "idea-tooling-model-converter"        [_thread_blocked, id=3196, stack(0x0000001814100000,0x0000001814200000) (1024K)]
  0x0000019b7f584c40 JavaThread "Unconstrained build operations Thread 30"        [_thread_blocked, id=3312, stack(0x0000001814200000,0x0000001814300000) (1024K)]
Total: 86

Other Threads:
  0x0000019b57c996c0 VMThread "VM Thread"                           [id=6664, stack(0x000000180ea00000,0x000000180eb00000) (1024K)]
  0x0000019b71627c10 WatcherThread "VM Periodic Task Thread"        [id=9488, stack(0x000000180e900000,0x000000180ea00000) (1024K)]
  0x0000019b57c98be0 WorkerThread "GC Thread#0"                     [id=7092, stack(0x000000180e400000,0x000000180e500000) (1024K)]
  0x0000019b57c99a60 WorkerThread "GC Thread#1"                     [id=11396, stack(0x000000180f700000,0x000000180f800000) (1024K)]
  0x0000019b57c99e00 WorkerThread "GC Thread#2"                     [id=4692, stack(0x000000180f800000,0x000000180f900000) (1024K)]
  0x0000019b57c984a0 WorkerThread "GC Thread#3"                     [id=11064, stack(0x000000180f900000,0x000000180fa00000) (1024K)]
  0x0000019b772056f0 WorkerThread "GC Thread#4"                     [id=11028, stack(0x000000180fa00000,0x000000180fb00000) (1024K)]
  0x0000019b77206570 WorkerThread "GC Thread#5"                     [id=11104, stack(0x000000180fb00000,0x000000180fc00000) (1024K)]
  0x0000019b77204c10 WorkerThread "GC Thread#6"                     [id=8136, stack(0x000000180fc00000,0x000000180fd00000) (1024K)]
  0x0000019b77207b30 WorkerThread "GC Thread#7"                     [id=11300, stack(0x0000001810700000,0x0000001810800000) (1024K)]
  0x0000019b59ffbef0 ConcurrentGCThread "G1 Main Marker"            [id=10088, stack(0x000000180e500000,0x000000180e600000) (1024K)]
  0x0000019b57c98f80 WorkerThread "G1 Conc#0"                       [id=9804, stack(0x000000180e600000,0x000000180e700000) (1024K)]
  0x0000019b77208270 WorkerThread "G1 Conc#1"                       [id=2140, stack(0x0000001810800000,0x0000001810900000) (1024K)]
  0x0000019b714fe150 ConcurrentGCThread "G1 Refine#0"               [id=7264, stack(0x000000180e700000,0x000000180e800000) (1024K)]
  0x0000019b71500980 ConcurrentGCThread "G1 Service"                [id=6516, stack(0x000000180e800000,0x000000180e900000) (1024K)]
Total: 15

Threads with active compile tasks:
Total: 0

VM state: not at safepoint (normal execution)

VM Mutex/Monitor currently owned by a thread: None

Heap address: 0x0000000080000000, size: 2048 MB, Compressed Oops mode: 32-bit

CDS archive(s) not mapped
Compressed class space mapped at: 0x0000000100000000-0x0000000140000000, reserved size: 1073741824
Narrow klass base: 0x0000000000000000, Narrow klass shift: 3, Narrow klass range: 0x140000000

GC Precious Log:
 CardTable entry size: 512
 Card Set container configuration: InlinePtr #cards 5 size 8 Array Of Cards #cards 12 size 40 Howl #buckets 4 coarsen threshold 1843 Howl Bitmap #cards 512 size 80 coarsen threshold 460 Card regions per heap region 1 cards per card region 2048
 CPUs: 8 total, 8 available
 Memory: 7875M
 Large Page Support: Disabled
 NUMA Support: Disabled
 Compressed Oops: Enabled (32-bit)
 Heap Region Size: 1M
 Heap Min Capacity: 8M
 Heap Initial Capacity: 124M
 Heap Max Capacity: 2G
 Pre-touch: Disabled
 Parallel Workers: 8
 Concurrent Workers: 2
 Concurrent Refinement Workers: 8
 Periodic GC: Disabled

Heap:
 garbage-first heap   total 836608K, used 380662K [0x0000000080000000, 0x0000000100000000)
  region size 1024K, 56 young (57344K), 24 survivors (24576K)
 Metaspace       used 273701K, committed 277056K, reserved 1310720K
  class space    used 33773K, committed 35392K, reserved 1048576K

Heap Regions: E=young(eden), S=young(survivor), O=old, HS=humongous(starts), HC=humongous(continues), CS=collection set, F=free, TAMS=top-at-mark-start, PB=parsable bottom
|   0|0x0000000080000000, 0x0000000080100000, 0x0000000080100000|100%|HS|  |TAMS 0x0000000080000000| PB 0x0000000080000000| Complete 
|   1|0x0000000080100000, 0x0000000080200000, 0x0000000080200000|100%|HC|  |TAMS 0x0000000080100000| PB 0x0000000080100000| Complete 
|   2|0x0000000080200000, 0x0000000080300000, 0x0000000080300000|100%|HC|  |TAMS 0x0000000080200000| PB 0x0000000080200000| Complete 
|   3|0x0000000080300000, 0x0000000080400000, 0x0000000080400000|100%| O|  |TAMS 0x0000000080300000| PB 0x0000000080300000| Untracked 
|   4|0x0000000080400000, 0x0000000080500000, 0x0000000080500000|100%| O|  |TAMS 0x0000000080400000| PB 0x0000000080400000| Untracked 
|   5|0x0000000080500000, 0x0000000080600000, 0x0000000080600000|100%| O|  |TAMS 0x0000000080500000| PB 0x0000000080500000| Untracked 
|   6|0x0000000080600000, 0x0000000080700000, 0x0000000080700000|100%|HS|  |TAMS 0x0000000080600000| PB 0x0000000080600000| Complete 
|   7|0x0000000080700000, 0x0000000080800000, 0x0000000080800000|100%| O|  |TAMS 0x0000000080700000| PB 0x0000000080700000| Untracked 
|   8|0x0000000080800000, 0x0000000080900000, 0x0000000080900000|100%| O|  |TAMS 0x0000000080800000| PB 0x0000000080800000| Untracked 
|   9|0x0000000080900000, 0x0000000080a00000, 0x0000000080a00000|100%| O|  |TAMS 0x0000000080900000| PB 0x0000000080900000| Untracked 
|  10|0x0000000080a00000, 0x0000000080b00000, 0x0000000080b00000|100%| O|  |TAMS 0x0000000080a00000| PB 0x0000000080a00000| Untracked 
|  11|0x0000000080b00000, 0x0000000080c00000, 0x0000000080c00000|100%| O|  |TAMS 0x0000000080b00000| PB 0x0000000080b00000| Untracked 
|  12|0x0000000080c00000, 0x0000000080d00000, 0x0000000080d00000|100%| O|  |TAMS 0x0000000080c00000| PB 0x0000000080c00000| Untracked 
|  13|0x0000000080d00000, 0x0000000080e00000, 0x0000000080e00000|100%| O|  |TAMS 0x0000000080d00000| PB 0x0000000080d00000| Untracked 
|  14|0x0000000080e00000, 0x0000000080f00000, 0x0000000080f00000|100%| O|  |TAMS 0x0000000080e00000| PB 0x0000000080e00000| Untracked 
|  15|0x0000000080f00000, 0x0000000081000000, 0x0000000081000000|100%| O|  |TAMS 0x0000000080f00000| PB 0x0000000080f00000| Untracked 
|  16|0x0000000081000000, 0x0000000081100000, 0x0000000081100000|100%| O|  |TAMS 0x0000000081000000| PB 0x0000000081000000| Untracked 
|  17|0x0000000081100000, 0x0000000081200000, 0x0000000081200000|100%| O|  |TAMS 0x0000000081100000| PB 0x0000000081100000| Untracked 
|  18|0x0000000081200000, 0x0000000081300000, 0x0000000081300000|100%| O|  |TAMS 0x0000000081200000| PB 0x0000000081200000| Untracked 
|  19|0x0000000081300000, 0x0000000081400000, 0x0000000081400000|100%| O|  |TAMS 0x0000000081300000| PB 0x0000000081300000| Untracked 
|  20|0x0000000081400000, 0x0000000081500000, 0x0000000081500000|100%| O|  |TAMS 0x0000000081400000| PB 0x0000000081400000| Untracked 
|  21|0x0000000081500000, 0x0000000081600000, 0x0000000081600000|100%|HS|  |TAMS 0x0000000081500000| PB 0x0000000081500000| Complete 
|  22|0x0000000081600000, 0x0000000081700000, 0x0000000081700000|100%|HC|  |TAMS 0x0000000081600000| PB 0x0000000081600000| Complete 
|  23|0x0000000081700000, 0x0000000081800000, 0x0000000081800000|100%|HC|  |TAMS 0x0000000081700000| PB 0x0000000081700000| Complete 
|  24|0x0000000081800000, 0x0000000081900000, 0x0000000081900000|100%|HC|  |TAMS 0x0000000081800000| PB 0x0000000081800000| Complete 
|  25|0x0000000081900000, 0x0000000081a00000, 0x0000000081a00000|100%|HC|  |TAMS 0x0000000081900000| PB 0x0000000081900000| Complete 
|  26|0x0000000081a00000, 0x0000000081b00000, 0x0000000081b00000|100%|HC|  |TAMS 0x0000000081a00000| PB 0x0000000081a00000| Complete 
|  27|0x0000000081b00000, 0x0000000081c00000, 0x0000000081c00000|100%|HS|  |TAMS 0x0000000081b00000| PB 0x0000000081b00000| Complete 
|  28|0x0000000081c00000, 0x0000000081d00000, 0x0000000081d00000|100%|HS|  |TAMS 0x0000000081c00000| PB 0x0000000081c00000| Complete 
|  29|0x0000000081d00000, 0x0000000081e00000, 0x0000000081e00000|100%|HC|  |TAMS 0x0000000081d00000| PB 0x0000000081d00000| Complete 
|  30|0x0000000081e00000, 0x0000000081f00000, 0x0000000081f00000|100%|HC|  |TAMS 0x0000000081e00000| PB 0x0000000081e00000| Complete 
|  31|0x0000000081f00000, 0x0000000082000000, 0x0000000082000000|100%|HC|  |TAMS 0x0000000081f00000| PB 0x0000000081f00000| Complete 
|  32|0x0000000082000000, 0x0000000082100000, 0x0000000082100000|100%|HS|  |TAMS 0x0000000082000000| PB 0x0000000082000000| Complete 
|  33|0x0000000082100000, 0x0000000082200000, 0x0000000082200000|100%|HC|  |TAMS 0x0000000082100000| PB 0x0000000082100000| Complete 
|  34|0x0000000082200000, 0x0000000082300000, 0x0000000082300000|100%|HS|  |TAMS 0x0000000082200000| PB 0x0000000082200000| Complete 
|  35|0x0000000082300000, 0x0000000082400000, 0x0000000082400000|100%|HS|  |TAMS 0x0000000082300000| PB 0x0000000082300000| Complete 
|  36|0x0000000082400000, 0x0000000082500000, 0x0000000082500000|100%|HC|  |TAMS 0x0000000082400000| PB 0x0000000082400000| Complete 
|  37|0x0000000082500000, 0x0000000082600000, 0x0000000082600000|100%|HC|  |TAMS 0x0000000082500000| PB 0x0000000082500000| Complete 
|  38|0x0000000082600000, 0x0000000082700000, 0x0000000082700000|100%|HC|  |TAMS 0x0000000082600000| PB 0x0000000082600000| Complete 
|  39|0x0000000082700000, 0x0000000082800000, 0x0000000082800000|100%|HC|  |TAMS 0x0000000082700000| PB 0x0000000082700000| Complete 
|  40|0x0000000082800000, 0x0000000082900000, 0x0000000082900000|100%|HC|  |TAMS 0x0000000082800000| PB 0x0000000082800000| Complete 
|  41|0x0000000082900000, 0x0000000082a00000, 0x0000000082a00000|100%|HS|  |TAMS 0x0000000082900000| PB 0x0000000082900000| Complete 
|  42|0x0000000082a00000, 0x0000000082b00000, 0x0000000082b00000|100%|HS|  |TAMS 0x0000000082a00000| PB 0x0000000082a00000| Complete 
|  43|0x0000000082b00000, 0x0000000082c00000, 0x0000000082c00000|100%|HC|  |TAMS 0x0000000082b00000| PB 0x0000000082b00000| Complete 
|  44|0x0000000082c00000, 0x0000000082d00000, 0x0000000082d00000|100%|HC|  |TAMS 0x0000000082c00000| PB 0x0000000082c00000| Complete 
|  45|0x0000000082d00000, 0x0000000082e00000, 0x0000000082e00000|100%|HC|  |TAMS 0x0000000082d00000| PB 0x0000000082d00000| Complete 
|  46|0x0000000082e00000, 0x0000000082f00000, 0x0000000082f00000|100%|HS|  |TAMS 0x0000000082e00000| PB 0x0000000082e00000| Complete 
|  47|0x0000000082f00000, 0x0000000083000000, 0x0000000083000000|100%|HC|  |TAMS 0x0000000082f00000| PB 0x0000000082f00000| Complete 
|  48|0x0000000083000000, 0x0000000083100000, 0x0000000083100000|100%|HS|  |TAMS 0x0000000083000000| PB 0x0000000083000000| Complete 
|  49|0x0000000083100000, 0x0000000083200000, 0x0000000083200000|100%| O|  |TAMS 0x0000000083100000| PB 0x0000000083100000| Untracked 
|  50|0x0000000083200000, 0x0000000083300000, 0x0000000083300000|100%| O|  |TAMS 0x0000000083200000| PB 0x0000000083200000| Untracked 
|  51|0x0000000083300000, 0x0000000083400000, 0x0000000083400000|100%| O|  |TAMS 0x0000000083300000| PB 0x0000000083300000| Untracked 
|  52|0x0000000083400000, 0x0000000083500000, 0x0000000083500000|100%| O|  |TAMS 0x0000000083400000| PB 0x0000000083400000| Untracked 
|  53|0x0000000083500000, 0x0000000083600000, 0x0000000083600000|100%| O|  |TAMS 0x0000000083500000| PB 0x0000000083500000| Untracked 
|  54|0x0000000083600000, 0x0000000083700000, 0x0000000083700000|100%| O|  |TAMS 0x0000000083600000| PB 0x0000000083600000| Untracked 
|  55|0x0000000083700000, 0x0000000083800000, 0x0000000083800000|100%| O|  |TAMS 0x0000000083700000| PB 0x0000000083700000| Untracked 
|  56|0x0000000083800000, 0x0000000083900000, 0x0000000083900000|100%| O|  |TAMS 0x0000000083800000| PB 0x0000000083800000| Untracked 
|  57|0x0000000083900000, 0x0000000083a00000, 0x0000000083a00000|100%| O|  |TAMS 0x0000000083900000| PB 0x0000000083900000| Untracked 
|  58|0x0000000083a00000, 0x0000000083b00000, 0x0000000083b00000|100%| O|  |TAMS 0x0000000083a00000| PB 0x0000000083a00000| Untracked 
|  59|0x0000000083b00000, 0x0000000083c00000, 0x0000000083c00000|100%| O|  |TAMS 0x0000000083b00000| PB 0x0000000083b00000| Untracked 
|  60|0x0000000083c00000, 0x0000000083d00000, 0x0000000083d00000|100%| O|  |TAMS 0x0000000083c00000| PB 0x0000000083c00000| Untracked 
|  61|0x0000000083d00000, 0x0000000083e00000, 0x0000000083e00000|100%| O|  |TAMS 0x0000000083d00000| PB 0x0000000083d00000| Untracked 
|  62|0x0000000083e00000, 0x0000000083f00000, 0x0000000083f00000|100%| O|  |TAMS 0x0000000083e00000| PB 0x0000000083e00000| Untracked 
|  63|0x0000000083f00000, 0x0000000084000000, 0x0000000084000000|100%| O|  |TAMS 0x0000000083f00000| PB 0x0000000083f00000| Untracked 
|  64|0x0000000084000000, 0x0000000084100000, 0x0000000084100000|100%| O|  |TAMS 0x0000000084000000| PB 0x0000000084000000| Untracked 
|  65|0x0000000084100000, 0x0000000084200000, 0x0000000084200000|100%| O|  |TAMS 0x0000000084100000| PB 0x0000000084100000| Untracked 
|  66|0x0000000084200000, 0x0000000084300000, 0x0000000084300000|100%| O|  |TAMS 0x0000000084200000| PB 0x0000000084200000| Untracked 
|  67|0x0000000084300000, 0x0000000084400000, 0x0000000084400000|100%| O|  |TAMS 0x0000000084300000| PB 0x0000000084300000| Untracked 
|  68|0x0000000084400000, 0x0000000084500000, 0x0000000084500000|100%| O|  |TAMS 0x0000000084400000| PB 0x0000000084400000| Untracked 
|  69|0x0000000084500000, 0x0000000084600000, 0x0000000084600000|100%| O|  |TAMS 0x0000000084500000| PB 0x0000000084500000| Untracked 
|  70|0x0000000084600000, 0x0000000084700000, 0x0000000084700000|100%|HS|  |TAMS 0x0000000084600000| PB 0x0000000084600000| Complete 
|  71|0x0000000084700000, 0x0000000084800000, 0x0000000084800000|100%| O|  |TAMS 0x0000000084700000| PB 0x0000000084700000| Untracked 
|  72|0x0000000084800000, 0x0000000084900000, 0x0000000084900000|100%| O|  |TAMS 0x0000000084800000| PB 0x0000000084800000| Untracked 
|  73|0x0000000084900000, 0x0000000084a00000, 0x0000000084a00000|100%|HS|  |TAMS 0x0000000084900000| PB 0x0000000084900000| Complete 
|  74|0x0000000084a00000, 0x0000000084b00000, 0x0000000084b00000|100%| O|  |TAMS 0x0000000084a00000| PB 0x0000000084a00000| Untracked 
|  75|0x0000000084b00000, 0x0000000084c00000, 0x0000000084c00000|100%| O|  |TAMS 0x0000000084b00000| PB 0x0000000084b00000| Untracked 
|  76|0x0000000084c00000, 0x0000000084d00000, 0x0000000084d00000|100%| O|  |TAMS 0x0000000084c00000| PB 0x0000000084c00000| Untracked 
|  77|0x0000000084d00000, 0x0000000084e00000, 0x0000000084e00000|100%| O|  |TAMS 0x0000000084d00000| PB 0x0000000084d00000| Untracked 
|  78|0x0000000084e00000, 0x0000000084f00000, 0x0000000084f00000|100%| O|  |TAMS 0x0000000084e00000| PB 0x0000000084e00000| Untracked 
|  79|0x0000000084f00000, 0x0000000085000000, 0x0000000085000000|100%| O|  |TAMS 0x0000000084f00000| PB 0x0000000084f00000| Untracked 
|  80|0x0000000085000000, 0x0000000085100000, 0x0000000085100000|100%| O|Cm|TAMS 0x0000000085000000| PB 0x0000000085000000| Complete 
|  81|0x0000000085100000, 0x0000000085200000, 0x0000000085200000|100%| O|  |TAMS 0x0000000085100000| PB 0x0000000085100000| Untracked 
|  82|0x0000000085200000, 0x0000000085300000, 0x0000000085300000|100%| O|  |TAMS 0x0000000085200000| PB 0x0000000085200000| Untracked 
|  83|0x0000000085300000, 0x0000000085400000, 0x0000000085400000|100%| O|  |TAMS 0x0000000085300000| PB 0x0000000085300000| Untracked 
|  84|0x0000000085400000, 0x0000000085500000, 0x0000000085500000|100%| O|  |TAMS 0x0000000085400000| PB 0x0000000085400000| Untracked 
|  85|0x0000000085500000, 0x0000000085600000, 0x0000000085600000|100%| O|  |TAMS 0x0000000085500000| PB 0x0000000085500000| Untracked 
|  86|0x0000000085600000, 0x0000000085700000, 0x0000000085700000|100%|HS|  |TAMS 0x0000000085600000| PB 0x0000000085600000| Complete 
|  87|0x0000000085700000, 0x0000000085800000, 0x0000000085800000|100%|HC|  |TAMS 0x0000000085700000| PB 0x0000000085700000| Complete 
|  88|0x0000000085800000, 0x0000000085900000, 0x0000000085900000|100%| O|  |TAMS 0x0000000085800000| PB 0x0000000085800000| Untracked 
|  89|0x0000000085900000, 0x0000000085a00000, 0x0000000085a00000|100%|HS|  |TAMS 0x0000000085900000| PB 0x0000000085900000| Complete 
|  90|0x0000000085a00000, 0x0000000085b00000, 0x0000000085b00000|100%| O|  |TAMS 0x0000000085a00000| PB 0x0000000085a00000| Untracked 
|  91|0x0000000085b00000, 0x0000000085c00000, 0x0000000085c00000|100%| O|  |TAMS 0x0000000085b00000| PB 0x0000000085b00000| Untracked 
|  92|0x0000000085c00000, 0x0000000085d00000, 0x0000000085d00000|100%| O|  |TAMS 0x0000000085c00000| PB 0x0000000085c00000| Untracked 
|  93|0x0000000085d00000, 0x0000000085e00000, 0x0000000085e00000|100%| O|  |TAMS 0x0000000085d00000| PB 0x0000000085d00000| Untracked 
|  94|0x0000000085e00000, 0x0000000085f00000, 0x0000000085f00000|100%| O|  |TAMS 0x0000000085e00000| PB 0x0000000085e00000| Untracked 
|  95|0x0000000085f00000, 0x0000000086000000, 0x0000000086000000|100%| O|  |TAMS 0x0000000085f00000| PB 0x0000000085f00000| Untracked 
|  96|0x0000000086000000, 0x0000000086100000, 0x0000000086100000|100%| O|  |TAMS 0x0000000086000000| PB 0x0000000086000000| Untracked 
|  97|0x0000000086100000, 0x0000000086200000, 0x0000000086200000|100%| O|  |TAMS 0x0000000086100000| PB 0x0000000086100000| Untracked 
|  98|0x0000000086200000, 0x0000000086300000, 0x0000000086300000|100%| O|  |TAMS 0x0000000086200000| PB 0x0000000086200000| Untracked 
|  99|0x0000000086300000, 0x0000000086400000, 0x0000000086400000|100%| O|  |TAMS 0x0000000086300000| PB 0x0000000086300000| Untracked 
| 100|0x0000000086400000, 0x0000000086500000, 0x0000000086500000|100%|HS|  |TAMS 0x0000000086400000| PB 0x0000000086400000| Complete 
| 101|0x0000000086500000, 0x0000000086600000, 0x0000000086600000|100%| O|  |TAMS 0x0000000086500000| PB 0x0000000086500000| Untracked 
| 102|0x0000000086600000, 0x0000000086700000, 0x0000000086700000|100%| O|  |TAMS 0x0000000086600000| PB 0x0000000086600000| Untracked 
| 103|0x0000000086700000, 0x0000000086800000, 0x0000000086800000|100%| O|  |TAMS 0x0000000086700000| PB 0x0000000086700000| Untracked 
| 104|0x0000000086800000, 0x0000000086900000, 0x0000000086900000|100%| O|  |TAMS 0x0000000086800000| PB 0x0000000086800000| Untracked 
| 105|0x0000000086900000, 0x0000000086a00000, 0x0000000086a00000|100%| O|  |TAMS 0x0000000086900000| PB 0x0000000086900000| Untracked 
| 106|0x0000000086a00000, 0x0000000086b00000, 0x0000000086b00000|100%| O|  |TAMS 0x0000000086a00000| PB 0x0000000086a00000| Untracked 
| 107|0x0000000086b00000, 0x0000000086c00000, 0x0000000086c00000|100%| O|  |TAMS 0x0000000086b00000| PB 0x0000000086b00000| Untracked 
| 108|0x0000000086c00000, 0x0000000086c00000, 0x0000000086d00000|  0%| F|  |TAMS 0x0000000086c00000| PB 0x0000000086c00000| Untracked 
| 109|0x0000000086d00000, 0x0000000086d00000, 0x0000000086e00000|  0%| F|  |TAMS 0x0000000086d00000| PB 0x0000000086d00000| Untracked 
| 110|0x0000000086e00000, 0x0000000086f00000, 0x0000000086f00000|100%| O|  |TAMS 0x0000000086e00000| PB 0x0000000086e00000| Untracked 
| 111|0x0000000086f00000, 0x0000000086f00000, 0x0000000087000000|  0%| F|  |TAMS 0x0000000086f00000| PB 0x0000000086f00000| Untracked 
| 112|0x0000000087000000, 0x0000000087100000, 0x0000000087100000|100%| O|  |TAMS 0x0000000087000000| PB 0x0000000087000000| Untracked 
| 113|0x0000000087100000, 0x0000000087200000, 0x0000000087200000|100%| O|  |TAMS 0x0000000087100000| PB 0x0000000087100000| Untracked 
| 114|0x0000000087200000, 0x0000000087200000, 0x0000000087300000|  0%| F|  |TAMS 0x0000000087200000| PB 0x0000000087200000| Untracked 
| 115|0x0000000087300000, 0x0000000087400000, 0x0000000087400000|100%| O|  |TAMS 0x0000000087300000| PB 0x0000000087300000| Untracked 
| 116|0x0000000087400000, 0x000000008743d9c8, 0x0000000087500000| 24%| O|  |TAMS 0x0000000087400000| PB 0x0000000087400000| Untracked 
| 117|0x0000000087500000, 0x0000000087600000, 0x0000000087600000|100%| O|  |TAMS 0x0000000087500000| PB 0x0000000087500000| Untracked 
| 118|0x0000000087600000, 0x0000000087700000, 0x0000000087700000|100%|HS|  |TAMS 0x0000000087600000| PB 0x0000000087600000| Complete 
| 119|0x0000000087700000, 0x0000000087800000, 0x0000000087800000|100%| O|  |TAMS 0x0000000087700000| PB 0x0000000087700000| Untracked 
| 120|0x0000000087800000, 0x0000000087900000, 0x0000000087900000|100%| O|Cm|TAMS 0x0000000087800000| PB 0x0000000087800000| Complete 
| 121|0x0000000087900000, 0x0000000087a00000, 0x0000000087a00000|100%| O|  |TAMS 0x0000000087900000| PB 0x0000000087900000| Untracked 
| 122|0x0000000087a00000, 0x0000000087a00000, 0x0000000087b00000|  0%| F|  |TAMS 0x0000000087a00000| PB 0x0000000087a00000| Untracked 
| 123|0x0000000087b00000, 0x0000000087c00000, 0x0000000087c00000|100%|HS|  |TAMS 0x0000000087b00000| PB 0x0000000087b00000| Complete 
| 124|0x0000000087c00000, 0x0000000087d00000, 0x0000000087d00000|100%| O|  |TAMS 0x0000000087c00000| PB 0x0000000087c00000| Untracked 
| 125|0x0000000087d00000, 0x0000000087e00000, 0x0000000087e00000|100%| O|  |TAMS 0x0000000087d00000| PB 0x0000000087d00000| Untracked 
| 126|0x0000000087e00000, 0x0000000087f00000, 0x0000000087f00000|100%| O|  |TAMS 0x0000000087e00000| PB 0x0000000087e00000| Untracked 
| 127|0x0000000087f00000, 0x0000000088000000, 0x0000000088000000|100%| O|  |TAMS 0x0000000087f00000| PB 0x0000000087f00000| Untracked 
| 128|0x0000000088000000, 0x0000000088100000, 0x0000000088100000|100%| O|  |TAMS 0x0000000088000000| PB 0x0000000088000000| Untracked 
| 129|0x0000000088100000, 0x0000000088200000, 0x0000000088200000|100%| O|  |TAMS 0x0000000088100000| PB 0x0000000088100000| Untracked 
| 130|0x0000000088200000, 0x0000000088200000, 0x0000000088300000|  0%| F|  |TAMS 0x0000000088200000| PB 0x0000000088200000| Untracked 
| 131|0x0000000088300000, 0x0000000088400000, 0x0000000088400000|100%|HS|  |TAMS 0x0000000088300000| PB 0x0000000088300000| Complete 
| 132|0x0000000088400000, 0x0000000088500000, 0x0000000088500000|100%| O|  |TAMS 0x0000000088400000| PB 0x0000000088400000| Untracked 
| 133|0x0000000088500000, 0x0000000088600000, 0x0000000088600000|100%| O|  |TAMS 0x0000000088500000| PB 0x0000000088500000| Untracked 
| 134|0x0000000088600000, 0x0000000088700000, 0x0000000088700000|100%| O|  |TAMS 0x0000000088600000| PB 0x0000000088600000| Untracked 
| 135|0x0000000088700000, 0x0000000088800000, 0x0000000088800000|100%| O|  |TAMS 0x0000000088700000| PB 0x0000000088700000| Untracked 
| 136|0x0000000088800000, 0x0000000088900000, 0x0000000088900000|100%| O|  |TAMS 0x0000000088800000| PB 0x0000000088800000| Untracked 
| 137|0x0000000088900000, 0x0000000088900000, 0x0000000088a00000|  0%| F|  |TAMS 0x0000000088900000| PB 0x0000000088900000| Untracked 
| 138|0x0000000088a00000, 0x0000000088b00000, 0x0000000088b00000|100%| O|  |TAMS 0x0000000088a00000| PB 0x0000000088a00000| Untracked 
| 139|0x0000000088b00000, 0x0000000088c00000, 0x0000000088c00000|100%| O|  |TAMS 0x0000000088b00000| PB 0x0000000088b00000| Untracked 
| 140|0x0000000088c00000, 0x0000000088d00000, 0x0000000088d00000|100%| O|  |TAMS 0x0000000088c00000| PB 0x0000000088c00000| Untracked 
| 141|0x0000000088d00000, 0x0000000088e00000, 0x0000000088e00000|100%| O|  |TAMS 0x0000000088d00000| PB 0x0000000088d00000| Untracked 
| 142|0x0000000088e00000, 0x0000000088f00000, 0x0000000088f00000|100%| O|  |TAMS 0x0000000088e00000| PB 0x0000000088e00000| Untracked 
| 143|0x0000000088f00000, 0x0000000089000000, 0x0000000089000000|100%| O|  |TAMS 0x0000000088f00000| PB 0x0000000088f00000| Untracked 
| 144|0x0000000089000000, 0x0000000089100000, 0x0000000089100000|100%| O|Cm|TAMS 0x0000000089000000| PB 0x0000000089000000| Complete 
| 145|0x0000000089100000, 0x0000000089200000, 0x0000000089200000|100%| O|  |TAMS 0x0000000089100000| PB 0x0000000089100000| Untracked 
| 146|0x0000000089200000, 0x0000000089300000, 0x0000000089300000|100%| O|  |TAMS 0x0000000089200000| PB 0x0000000089200000| Untracked 
| 147|0x0000000089300000, 0x0000000089400000, 0x0000000089400000|100%| O|Cm|TAMS 0x0000000089300000| PB 0x0000000089300000| Complete 
| 148|0x0000000089400000, 0x0000000089500000, 0x0000000089500000|100%| O|Cm|TAMS 0x0000000089400000| PB 0x0000000089400000| Complete 
| 149|0x0000000089500000, 0x0000000089600000, 0x0000000089600000|100%|HS|  |TAMS 0x0000000089500000| PB 0x0000000089500000| Complete 
| 150|0x0000000089600000, 0x0000000089700000, 0x0000000089700000|100%|HC|  |TAMS 0x0000000089600000| PB 0x0000000089600000| Complete 
| 151|0x0000000089700000, 0x0000000089800000, 0x0000000089800000|100%|HC|  |TAMS 0x0000000089700000| PB 0x0000000089700000| Complete 
| 152|0x0000000089800000, 0x0000000089900000, 0x0000000089900000|100%|HC|  |TAMS 0x0000000089800000| PB 0x0000000089800000| Complete 
| 153|0x0000000089900000, 0x0000000089a00000, 0x0000000089a00000|100%|HC|  |TAMS 0x0000000089900000| PB 0x0000000089900000| Complete 
| 154|0x0000000089a00000, 0x0000000089b00000, 0x0000000089b00000|100%|HC|  |TAMS 0x0000000089a00000| PB 0x0000000089a00000| Complete 
| 155|0x0000000089b00000, 0x0000000089b00000, 0x0000000089c00000|  0%| F|  |TAMS 0x0000000089b00000| PB 0x0000000089b00000| Untracked 
| 156|0x0000000089c00000, 0x0000000089d00000, 0x0000000089d00000|100%|HS|  |TAMS 0x0000000089c00000| PB 0x0000000089c00000| Complete 
| 157|0x0000000089d00000, 0x0000000089d00000, 0x0000000089e00000|  0%| F|  |TAMS 0x0000000089d00000| PB 0x0000000089d00000| Untracked 
| 158|0x0000000089e00000, 0x0000000089e00000, 0x0000000089f00000|  0%| F|  |TAMS 0x0000000089e00000| PB 0x0000000089e00000| Untracked 
| 159|0x0000000089f00000, 0x000000008a000000, 0x000000008a000000|100%|HS|  |TAMS 0x0000000089f00000| PB 0x0000000089f00000| Complete 
| 160|0x000000008a000000, 0x000000008a100000, 0x000000008a100000|100%|HC|  |TAMS 0x000000008a000000| PB 0x000000008a000000| Complete 
| 161|0x000000008a100000, 0x000000008a200000, 0x000000008a200000|100%|HC|  |TAMS 0x000000008a100000| PB 0x000000008a100000| Complete 
| 162|0x000000008a200000, 0x000000008a300000, 0x000000008a300000|100%|HC|  |TAMS 0x000000008a200000| PB 0x000000008a200000| Complete 
| 163|0x000000008a300000, 0x000000008a400000, 0x000000008a400000|100%|HC|  |TAMS 0x000000008a300000| PB 0x000000008a300000| Complete 
| 164|0x000000008a400000, 0x000000008a500000, 0x000000008a500000|100%|HC|  |TAMS 0x000000008a400000| PB 0x000000008a400000| Complete 
| 165|0x000000008a500000, 0x000000008a600000, 0x000000008a600000|100%| O|Cm|TAMS 0x000000008a500000| PB 0x000000008a500000| Complete 
| 166|0x000000008a600000, 0x000000008a600000, 0x000000008a700000|  0%| F|  |TAMS 0x000000008a600000| PB 0x000000008a600000| Untracked 
| 167|0x000000008a700000, 0x000000008a700000, 0x000000008a800000|  0%| F|  |TAMS 0x000000008a700000| PB 0x000000008a700000| Untracked 
| 168|0x000000008a800000, 0x000000008a900000, 0x000000008a900000|100%| O|  |TAMS 0x000000008a800000| PB 0x000000008a800000| Untracked 
| 169|0x000000008a900000, 0x000000008aa00000, 0x000000008aa00000|100%| O|  |TAMS 0x000000008a900000| PB 0x000000008a900000| Untracked 
| 170|0x000000008aa00000, 0x000000008aa00000, 0x000000008ab00000|  0%| F|  |TAMS 0x000000008aa00000| PB 0x000000008aa00000| Untracked 
| 171|0x000000008ab00000, 0x000000008ab00000, 0x000000008ac00000|  0%| F|  |TAMS 0x000000008ab00000| PB 0x000000008ab00000| Untracked 
| 172|0x000000008ac00000, 0x000000008ac00000, 0x000000008ad00000|  0%| F|  |TAMS 0x000000008ac00000| PB 0x000000008ac00000| Untracked 
| 173|0x000000008ad00000, 0x000000008ad80000, 0x000000008ae00000| 50%| S|CS|TAMS 0x000000008ad00000| PB 0x000000008ad00000| Complete 
| 174|0x000000008ae00000, 0x000000008af00000, 0x000000008af00000|100%| O|  |TAMS 0x000000008ae00000| PB 0x000000008ae00000| Untracked 
| 175|0x000000008af00000, 0x000000008b000000, 0x000000008b000000|100%| S|CS|TAMS 0x000000008af00000| PB 0x000000008af00000| Complete 
| 176|0x000000008b000000, 0x000000008b100000, 0x000000008b100000|100%| O|  |TAMS 0x000000008b000000| PB 0x000000008b000000| Untracked 
| 177|0x000000008b100000, 0x000000008b200000, 0x000000008b200000|100%| S|CS|TAMS 0x000000008b100000| PB 0x000000008b100000| Complete 
| 178|0x000000008b200000, 0x000000008b300000, 0x000000008b300000|100%| O|  |TAMS 0x000000008b200000| PB 0x000000008b200000| Untracked 
| 179|0x000000008b300000, 0x000000008b400000, 0x000000008b400000|100%|HS|  |TAMS 0x000000008b300000| PB 0x000000008b300000| Complete 
| 180|0x000000008b400000, 0x000000008b500000, 0x000000008b500000|100%| S|CS|TAMS 0x000000008b400000| PB 0x000000008b400000| Complete 
| 181|0x000000008b500000, 0x000000008b600000, 0x000000008b600000|100%| O|  |TAMS 0x000000008b500000| PB 0x000000008b500000| Untracked 
| 182|0x000000008b600000, 0x000000008b700000, 0x000000008b700000|100%| O|  |TAMS 0x000000008b600000| PB 0x000000008b600000| Untracked 
| 183|0x000000008b700000, 0x000000008b800000, 0x000000008b800000|100%| O|  |TAMS 0x000000008b700000| PB 0x000000008b700000| Untracked 
| 184|0x000000008b800000, 0x000000008b900000, 0x000000008b900000|100%| O|  |TAMS 0x000000008b800000| PB 0x000000008b800000| Untracked 
| 185|0x000000008b900000, 0x000000008ba00000, 0x000000008ba00000|100%| O|  |TAMS 0x000000008b900000| PB 0x000000008b900000| Untracked 
| 186|0x000000008ba00000, 0x000000008bb00000, 0x000000008bb00000|100%| O|  |TAMS 0x000000008ba00000| PB 0x000000008ba00000| Untracked 
| 187|0x000000008bb00000, 0x000000008bc00000, 0x000000008bc00000|100%| O|  |TAMS 0x000000008bb00000| PB 0x000000008bb00000| Untracked 
| 188|0x000000008bc00000, 0x000000008bd00000, 0x000000008bd00000|100%| O|  |TAMS 0x000000008bc00000| PB 0x000000008bc00000| Untracked 
| 189|0x000000008bd00000, 0x000000008be00000, 0x000000008be00000|100%| O|  |TAMS 0x000000008bd00000| PB 0x000000008bd00000| Untracked 
| 190|0x000000008be00000, 0x000000008bf00000, 0x000000008bf00000|100%| O|  |TAMS 0x000000008be00000| PB 0x000000008be00000| Untracked 
| 191|0x000000008bf00000, 0x000000008c000000, 0x000000008c000000|100%| S|CS|TAMS 0x000000008bf00000| PB 0x000000008bf00000| Complete 
| 192|0x000000008c000000, 0x000000008c100000, 0x000000008c100000|100%| O|  |TAMS 0x000000008c000000| PB 0x000000008c000000| Untracked 
| 193|0x000000008c100000, 0x000000008c200000, 0x000000008c200000|100%| O|  |TAMS 0x000000008c100000| PB 0x000000008c100000| Untracked 
| 194|0x000000008c200000, 0x000000008c300000, 0x000000008c300000|100%| O|  |TAMS 0x000000008c200000| PB 0x000000008c200000| Untracked 
| 195|0x000000008c300000, 0x000000008c400000, 0x000000008c400000|100%| O|  |TAMS 0x000000008c300000| PB 0x000000008c300000| Untracked 
| 196|0x000000008c400000, 0x000000008c500000, 0x000000008c500000|100%| S|CS|TAMS 0x000000008c400000| PB 0x000000008c400000| Complete 
| 197|0x000000008c500000, 0x000000008c600000, 0x000000008c600000|100%| S|CS|TAMS 0x000000008c500000| PB 0x000000008c500000| Complete 
| 198|0x000000008c600000, 0x000000008c700000, 0x000000008c700000|100%| O|  |TAMS 0x000000008c600000| PB 0x000000008c600000| Untracked 
| 199|0x000000008c700000, 0x000000008c800000, 0x000000008c800000|100%| O|  |TAMS 0x000000008c700000| PB 0x000000008c700000| Untracked 
| 200|0x000000008c800000, 0x000000008c900000, 0x000000008c900000|100%| O|  |TAMS 0x000000008c800000| PB 0x000000008c800000| Untracked 
| 201|0x000000008c900000, 0x000000008ca00000, 0x000000008ca00000|100%| O|  |TAMS 0x000000008c900000| PB 0x000000008c900000| Untracked 
| 202|0x000000008ca00000, 0x000000008cb00000, 0x000000008cb00000|100%| S|CS|TAMS 0x000000008ca00000| PB 0x000000008ca00000| Complete 
| 203|0x000000008cb00000, 0x000000008cc00000, 0x000000008cc00000|100%| S|CS|TAMS 0x000000008cb00000| PB 0x000000008cb00000| Complete 
| 204|0x000000008cc00000, 0x000000008cd00000, 0x000000008cd00000|100%| O|  |TAMS 0x000000008cc00000| PB 0x000000008cc00000| Untracked 
| 205|0x000000008cd00000, 0x000000008ce00000, 0x000000008ce00000|100%| S|CS|TAMS 0x000000008cd00000| PB 0x000000008cd00000| Complete 
| 206|0x000000008ce00000, 0x000000008cf00000, 0x000000008cf00000|100%| S|CS|TAMS 0x000000008ce00000| PB 0x000000008ce00000| Complete 
| 207|0x000000008cf00000, 0x000000008d000000, 0x000000008d000000|100%| O|  |TAMS 0x000000008cf00000| PB 0x000000008cf00000| Untracked 
| 208|0x000000008d000000, 0x000000008d100000, 0x000000008d100000|100%| O|  |TAMS 0x000000008d000000| PB 0x000000008d000000| Untracked 
| 209|0x000000008d100000, 0x000000008d200000, 0x000000008d200000|100%|HS|  |TAMS 0x000000008d100000| PB 0x000000008d100000| Complete 
| 210|0x000000008d200000, 0x000000008d300000, 0x000000008d300000|100%| O|  |TAMS 0x000000008d200000| PB 0x000000008d200000| Untracked 
| 211|0x000000008d300000, 0x000000008d400000, 0x000000008d400000|100%| O|  |TAMS 0x000000008d300000| PB 0x000000008d300000| Untracked 
| 212|0x000000008d400000, 0x000000008d500000, 0x000000008d500000|100%| O|  |TAMS 0x000000008d400000| PB 0x000000008d400000| Untracked 
| 213|0x000000008d500000, 0x000000008d600000, 0x000000008d600000|100%| O|  |TAMS 0x000000008d500000| PB 0x000000008d500000| Untracked 
| 214|0x000000008d600000, 0x000000008d700000, 0x000000008d700000|100%| O|  |TAMS 0x000000008d600000| PB 0x000000008d600000| Untracked 
| 215|0x000000008d700000, 0x000000008d800000, 0x000000008d800000|100%| O|  |TAMS 0x000000008d700000| PB 0x000000008d700000| Untracked 
| 216|0x000000008d800000, 0x000000008d900000, 0x000000008d900000|100%| O|  |TAMS 0x000000008d800000| PB 0x000000008d800000| Untracked 
| 217|0x000000008d900000, 0x000000008da00000, 0x000000008da00000|100%| O|  |TAMS 0x000000008d900000| PB 0x000000008d900000| Untracked 
| 218|0x000000008da00000, 0x000000008db00000, 0x000000008db00000|100%| O|  |TAMS 0x000000008da00000| PB 0x000000008da00000| Untracked 
| 219|0x000000008db00000, 0x000000008dc00000, 0x000000008dc00000|100%| O|  |TAMS 0x000000008db00000| PB 0x000000008db00000| Untracked 
| 220|0x000000008dc00000, 0x000000008dd00000, 0x000000008dd00000|100%| O|  |TAMS 0x000000008dc00000| PB 0x000000008dc00000| Untracked 
| 221|0x000000008dd00000, 0x000000008de00000, 0x000000008de00000|100%| O|  |TAMS 0x000000008dd00000| PB 0x000000008dd00000| Untracked 
| 222|0x000000008de00000, 0x000000008df00000, 0x000000008df00000|100%| O|  |TAMS 0x000000008de00000| PB 0x000000008de00000| Untracked 
| 223|0x000000008df00000, 0x000000008e000000, 0x000000008e000000|100%| O|  |TAMS 0x000000008df00000| PB 0x000000008df00000| Untracked 
| 224|0x000000008e000000, 0x000000008e100000, 0x000000008e100000|100%| O|  |TAMS 0x000000008e000000| PB 0x000000008e000000| Untracked 
| 225|0x000000008e100000, 0x000000008e200000, 0x000000008e200000|100%|HS|  |TAMS 0x000000008e100000| PB 0x000000008e100000| Complete 
| 226|0x000000008e200000, 0x000000008e300000, 0x000000008e300000|100%| O|  |TAMS 0x000000008e200000| PB 0x000000008e200000| Untracked 
| 227|0x000000008e300000, 0x000000008e400000, 0x000000008e400000|100%| O|  |TAMS 0x000000008e300000| PB 0x000000008e300000| Untracked 
| 228|0x000000008e400000, 0x000000008e500000, 0x000000008e500000|100%| O|  |TAMS 0x000000008e400000| PB 0x000000008e400000| Untracked 
| 229|0x000000008e500000, 0x000000008e600000, 0x000000008e600000|100%| O|  |TAMS 0x000000008e500000| PB 0x000000008e500000| Untracked 
| 230|0x000000008e600000, 0x000000008e700000, 0x000000008e700000|100%| O|  |TAMS 0x000000008e600000| PB 0x000000008e600000| Untracked 
| 231|0x000000008e700000, 0x000000008e800000, 0x000000008e800000|100%| S|CS|TAMS 0x000000008e700000| PB 0x000000008e700000| Complete 
| 232|0x000000008e800000, 0x000000008e900000, 0x000000008e900000|100%| S|CS|TAMS 0x000000008e800000| PB 0x000000008e800000| Complete 
| 233|0x000000008e900000, 0x000000008ea00000, 0x000000008ea00000|100%| S|CS|TAMS 0x000000008e900000| PB 0x000000008e900000| Complete 
| 234|0x000000008ea00000, 0x000000008eb00000, 0x000000008eb00000|100%| O|  |TAMS 0x000000008ea00000| PB 0x000000008ea00000| Untracked 
| 235|0x000000008eb00000, 0x000000008ec00000, 0x000000008ec00000|100%| S|CS|TAMS 0x000000008eb00000| PB 0x000000008eb00000| Complete 
| 236|0x000000008ec00000, 0x000000008ed00000, 0x000000008ed00000|100%| S|CS|TAMS 0x000000008ec00000| PB 0x000000008ec00000| Complete 
| 237|0x000000008ed00000, 0x000000008ee00000, 0x000000008ee00000|100%| S|CS|TAMS 0x000000008ed00000| PB 0x000000008ed00000| Complete 
| 238|0x000000008ee00000, 0x000000008ef00000, 0x000000008ef00000|100%| S|CS|TAMS 0x000000008ee00000| PB 0x000000008ee00000| Complete 
| 239|0x000000008ef00000, 0x000000008f000000, 0x000000008f000000|100%| O|  |TAMS 0x000000008ef00000| PB 0x000000008ef00000| Untracked 
| 240|0x000000008f000000, 0x000000008f100000, 0x000000008f100000|100%| O|  |TAMS 0x000000008f000000| PB 0x000000008f000000| Untracked 
| 241|0x000000008f100000, 0x000000008f200000, 0x000000008f200000|100%| S|CS|TAMS 0x000000008f100000| PB 0x000000008f100000| Complete 
| 242|0x000000008f200000, 0x000000008f300000, 0x000000008f300000|100%| S|CS|TAMS 0x000000008f200000| PB 0x000000008f200000| Complete 
| 243|0x000000008f300000, 0x000000008f400000, 0x000000008f400000|100%| O|  |TAMS 0x000000008f300000| PB 0x000000008f300000| Untracked 
| 244|0x000000008f400000, 0x000000008f500000, 0x000000008f500000|100%| O|  |TAMS 0x000000008f400000| PB 0x000000008f400000| Untracked 
| 245|0x000000008f500000, 0x000000008f600000, 0x000000008f600000|100%| O|  |TAMS 0x000000008f500000| PB 0x000000008f500000| Untracked 
| 246|0x000000008f600000, 0x000000008f700000, 0x000000008f700000|100%| O|  |TAMS 0x000000008f600000| PB 0x000000008f600000| Untracked 
| 247|0x000000008f700000, 0x000000008f700000, 0x000000008f800000|  0%| F|  |TAMS 0x000000008f700000| PB 0x000000008f700000| Untracked 
| 248|0x000000008f800000, 0x000000008f800000, 0x000000008f900000|  0%| F|  |TAMS 0x000000008f800000| PB 0x000000008f800000| Untracked 
| 249|0x000000008f900000, 0x000000008f900000, 0x000000008fa00000|  0%| F|  |TAMS 0x000000008f900000| PB 0x000000008f900000| Untracked 
| 250|0x000000008fa00000, 0x000000008fa00000, 0x000000008fb00000|  0%| F|  |TAMS 0x000000008fa00000| PB 0x000000008fa00000| Untracked 
| 251|0x000000008fb00000, 0x000000008fb00000, 0x000000008fc00000|  0%| F|  |TAMS 0x000000008fb00000| PB 0x000000008fb00000| Untracked 
| 252|0x000000008fc00000, 0x000000008fc00000, 0x000000008fd00000|  0%| F|  |TAMS 0x000000008fc00000| PB 0x000000008fc00000| Untracked 
| 253|0x000000008fd00000, 0x000000008fd00000, 0x000000008fe00000|  0%| F|  |TAMS 0x000000008fd00000| PB 0x000000008fd00000| Untracked 
| 254|0x000000008fe00000, 0x000000008fe00000, 0x000000008ff00000|  0%| F|  |TAMS 0x000000008fe00000| PB 0x000000008fe00000| Untracked 
| 255|0x000000008ff00000, 0x000000008ff00000, 0x0000000090000000|  0%| F|  |TAMS 0x000000008ff00000| PB 0x000000008ff00000| Untracked 
| 256|0x0000000090000000, 0x0000000090100000, 0x0000000090100000|100%| S|CS|TAMS 0x0000000090000000| PB 0x0000000090000000| Complete 
| 257|0x0000000090100000, 0x0000000090200000, 0x0000000090200000|100%| S|CS|TAMS 0x0000000090100000| PB 0x0000000090100000| Complete 
| 258|0x0000000090200000, 0x0000000090300000, 0x0000000090300000|100%| S|CS|TAMS 0x0000000090200000| PB 0x0000000090200000| Complete 
| 259|0x0000000090300000, 0x0000000090400000, 0x0000000090400000|100%| S|CS|TAMS 0x0000000090300000| PB 0x0000000090300000| Complete 
| 260|0x0000000090400000, 0x0000000090400000, 0x0000000090500000|  0%| F|  |TAMS 0x0000000090400000| PB 0x0000000090400000| Untracked 
| 261|0x0000000090500000, 0x0000000090500000, 0x0000000090600000|  0%| F|  |TAMS 0x0000000090500000| PB 0x0000000090500000| Untracked 
| 262|0x0000000090600000, 0x0000000090700000, 0x0000000090700000|100%|HS|  |TAMS 0x0000000090600000| PB 0x0000000090600000| Complete 
| 263|0x0000000090700000, 0x0000000090800000, 0x0000000090800000|100%|HC|  |TAMS 0x0000000090700000| PB 0x0000000090700000| Complete 
| 264|0x0000000090800000, 0x0000000090900000, 0x0000000090900000|100%|HS|  |TAMS 0x0000000090800000| PB 0x0000000090800000| Complete 
| 265|0x0000000090900000, 0x0000000090900000, 0x0000000090a00000|  0%| F|  |TAMS 0x0000000090900000| PB 0x0000000090900000| Untracked 
| 266|0x0000000090a00000, 0x0000000090a00000, 0x0000000090b00000|  0%| F|  |TAMS 0x0000000090a00000| PB 0x0000000090a00000| Untracked 
| 267|0x0000000090b00000, 0x0000000090c00000, 0x0000000090c00000|100%| O|Cm|TAMS 0x0000000090b00000| PB 0x0000000090b00000| Complete 
| 268|0x0000000090c00000, 0x0000000090c00000, 0x0000000090d00000|  0%| F|  |TAMS 0x0000000090c00000| PB 0x0000000090c00000| Untracked 
| 269|0x0000000090d00000, 0x0000000090d00000, 0x0000000090e00000|  0%| F|  |TAMS 0x0000000090d00000| PB 0x0000000090d00000| Untracked 
| 270|0x0000000090e00000, 0x0000000090f00000, 0x0000000090f00000|100%| O|  |TAMS 0x0000000090e00000| PB 0x0000000090e00000| Untracked 
| 271|0x0000000090f00000, 0x0000000090f00000, 0x0000000091000000|  0%| F|  |TAMS 0x0000000090f00000| PB 0x0000000090f00000| Untracked 
| 272|0x0000000091000000, 0x0000000091000000, 0x0000000091100000|  0%| F|  |TAMS 0x0000000091000000| PB 0x0000000091000000| Untracked 
| 273|0x0000000091100000, 0x0000000091100000, 0x0000000091200000|  0%| F|  |TAMS 0x0000000091100000| PB 0x0000000091100000| Untracked 
| 274|0x0000000091200000, 0x0000000091300000, 0x0000000091300000|100%| O|  |TAMS 0x0000000091200000| PB 0x0000000091200000| Untracked 
| 275|0x0000000091300000, 0x0000000091300000, 0x0000000091400000|  0%| F|  |TAMS 0x0000000091300000| PB 0x0000000091300000| Untracked 
| 276|0x0000000091400000, 0x0000000091500000, 0x0000000091500000|100%| O|Cm|TAMS 0x0000000091400000| PB 0x0000000091400000| Complete 
| 277|0x0000000091500000, 0x0000000091600000, 0x0000000091600000|100%| O|Cm|TAMS 0x0000000091500000| PB 0x0000000091500000| Complete 
| 278|0x0000000091600000, 0x0000000091700000, 0x0000000091700000|100%|HS|  |TAMS 0x0000000091600000| PB 0x0000000091600000| Complete 
| 279|0x0000000091700000, 0x0000000091800000, 0x0000000091800000|100%| O|Cm|TAMS 0x0000000091700000| PB 0x0000000091700000| Complete 
| 280|0x0000000091800000, 0x0000000091800000, 0x0000000091900000|  0%| F|  |TAMS 0x0000000091800000| PB 0x0000000091800000| Untracked 
| 281|0x0000000091900000, 0x0000000091a00000, 0x0000000091a00000|100%| O|  |TAMS 0x0000000091900000| PB 0x0000000091900000| Untracked 
| 282|0x0000000091a00000, 0x0000000091b00000, 0x0000000091b00000|100%| O|Cm|TAMS 0x0000000091a00000| PB 0x0000000091a00000| Complete 
| 283|0x0000000091b00000, 0x0000000091c00000, 0x0000000091c00000|100%| O|  |TAMS 0x0000000091b00000| PB 0x0000000091b00000| Untracked 
| 284|0x0000000091c00000, 0x0000000091d00000, 0x0000000091d00000|100%|HS|  |TAMS 0x0000000091c00000| PB 0x0000000091c00000| Complete 
| 285|0x0000000091d00000, 0x0000000091e00000, 0x0000000091e00000|100%|HC|  |TAMS 0x0000000091d00000| PB 0x0000000091d00000| Complete 
| 286|0x0000000091e00000, 0x0000000091f00000, 0x0000000091f00000|100%| O|  |TAMS 0x0000000091e00000| PB 0x0000000091e00000| Untracked 
| 287|0x0000000091f00000, 0x0000000092000000, 0x0000000092000000|100%|HS|  |TAMS 0x0000000091f00000| PB 0x0000000091f00000| Complete 
| 288|0x0000000092000000, 0x0000000092100000, 0x0000000092100000|100%| O|Cm|TAMS 0x0000000092000000| PB 0x0000000092000000| Complete 
| 289|0x0000000092100000, 0x0000000092200000, 0x0000000092200000|100%| O|  |TAMS 0x0000000092100000| PB 0x0000000092100000| Untracked 
| 290|0x0000000092200000, 0x0000000092300000, 0x0000000092300000|100%| O|  |TAMS 0x0000000092200000| PB 0x0000000092200000| Untracked 
| 291|0x0000000092300000, 0x0000000092300000, 0x0000000092400000|  0%| F|  |TAMS 0x0000000092300000| PB 0x0000000092300000| Untracked 
| 292|0x0000000092400000, 0x0000000092500000, 0x0000000092500000|100%| O|  |TAMS 0x0000000092400000| PB 0x0000000092400000| Untracked 
| 293|0x0000000092500000, 0x0000000092500000, 0x0000000092600000|  0%| F|  |TAMS 0x0000000092500000| PB 0x0000000092500000| Untracked 
| 294|0x0000000092600000, 0x0000000092700000, 0x0000000092700000|100%| O|  |TAMS 0x0000000092600000| PB 0x0000000092600000| Untracked 
| 295|0x0000000092700000, 0x0000000092700000, 0x0000000092800000|  0%| F|  |TAMS 0x0000000092700000| PB 0x0000000092700000| Untracked 
| 296|0x0000000092800000, 0x0000000092800000, 0x0000000092900000|  0%| F|  |TAMS 0x0000000092800000| PB 0x0000000092800000| Untracked 
| 297|0x0000000092900000, 0x0000000092900000, 0x0000000092a00000|  0%| F|  |TAMS 0x0000000092900000| PB 0x0000000092900000| Untracked 
| 298|0x0000000092a00000, 0x0000000092b00000, 0x0000000092b00000|100%| O|  |TAMS 0x0000000092a00000| PB 0x0000000092a00000| Untracked 
| 299|0x0000000092b00000, 0x0000000092c00000, 0x0000000092c00000|100%| O|Cm|TAMS 0x0000000092b00000| PB 0x0000000092b00000| Complete 
| 300|0x0000000092c00000, 0x0000000092d00000, 0x0000000092d00000|100%| O|Cm|TAMS 0x0000000092c00000| PB 0x0000000092c00000| Complete 
| 301|0x0000000092d00000, 0x0000000092d00000, 0x0000000092e00000|  0%| F|  |TAMS 0x0000000092d00000| PB 0x0000000092d00000| Untracked 
| 302|0x0000000092e00000, 0x0000000092e00000, 0x0000000092f00000|  0%| F|  |TAMS 0x0000000092e00000| PB 0x0000000092e00000| Untracked 
| 303|0x0000000092f00000, 0x0000000092f00000, 0x0000000093000000|  0%| F|  |TAMS 0x0000000092f00000| PB 0x0000000092f00000| Untracked 
| 304|0x0000000093000000, 0x0000000093000000, 0x0000000093100000|  0%| F|  |TAMS 0x0000000093000000| PB 0x0000000093000000| Untracked 
| 305|0x0000000093100000, 0x0000000093100000, 0x0000000093200000|  0%| F|  |TAMS 0x0000000093100000| PB 0x0000000093100000| Untracked 
| 306|0x0000000093200000, 0x0000000093300000, 0x0000000093300000|100%|HS|  |TAMS 0x0000000093200000| PB 0x0000000093200000| Complete 
| 307|0x0000000093300000, 0x0000000093400000, 0x0000000093400000|100%|HC|  |TAMS 0x0000000093300000| PB 0x0000000093300000| Complete 
| 308|0x0000000093400000, 0x0000000093500000, 0x0000000093500000|100%|HC|  |TAMS 0x0000000093400000| PB 0x0000000093400000| Complete 
| 309|0x0000000093500000, 0x0000000093500000, 0x0000000093600000|  0%| F|  |TAMS 0x0000000093500000| PB 0x0000000093500000| Untracked 
| 310|0x0000000093600000, 0x0000000093700000, 0x0000000093700000|100%|HS|  |TAMS 0x0000000093600000| PB 0x0000000093600000| Complete 
| 311|0x0000000093700000, 0x0000000093800000, 0x0000000093800000|100%|HS|  |TAMS 0x0000000093700000| PB 0x0000000093700000| Complete 
| 312|0x0000000093800000, 0x0000000093900000, 0x0000000093900000|100%|HC|  |TAMS 0x0000000093800000| PB 0x0000000093800000| Complete 
| 313|0x0000000093900000, 0x0000000093a00000, 0x0000000093a00000|100%|HC|  |TAMS 0x0000000093900000| PB 0x0000000093900000| Complete 
| 314|0x0000000093a00000, 0x0000000093b00000, 0x0000000093b00000|100%| O|  |TAMS 0x0000000093a00000| PB 0x0000000093a00000| Untracked 
| 315|0x0000000093b00000, 0x0000000093c00000, 0x0000000093c00000|100%| O|  |TAMS 0x0000000093b00000| PB 0x0000000093b00000| Untracked 
| 316|0x0000000093c00000, 0x0000000093d00000, 0x0000000093d00000|100%| O|  |TAMS 0x0000000093c00000| PB 0x0000000093c00000| Untracked 
| 317|0x0000000093d00000, 0x0000000093e00000, 0x0000000093e00000|100%| O|  |TAMS 0x0000000093d00000| PB 0x0000000093d00000| Untracked 
| 318|0x0000000093e00000, 0x0000000093f00000, 0x0000000093f00000|100%| O|  |TAMS 0x0000000093e00000| PB 0x0000000093e00000| Untracked 
| 319|0x0000000093f00000, 0x0000000094000000, 0x0000000094000000|100%| O|  |TAMS 0x0000000093f00000| PB 0x0000000093f00000| Untracked 
| 320|0x0000000094000000, 0x0000000094100000, 0x0000000094100000|100%| O|  |TAMS 0x0000000094000000| PB 0x0000000094000000| Untracked 
| 321|0x0000000094100000, 0x0000000094200000, 0x0000000094200000|100%| O|  |TAMS 0x0000000094100000| PB 0x0000000094100000| Untracked 
| 322|0x0000000094200000, 0x0000000094300000, 0x0000000094300000|100%| O|  |TAMS 0x0000000094200000| PB 0x0000000094200000| Untracked 
| 323|0x0000000094300000, 0x0000000094400000, 0x0000000094400000|100%| O|  |TAMS 0x0000000094300000| PB 0x0000000094300000| Untracked 
| 324|0x0000000094400000, 0x0000000094500000, 0x0000000094500000|100%| O|  |TAMS 0x0000000094400000| PB 0x0000000094400000| Untracked 
| 325|0x0000000094500000, 0x0000000094600000, 0x0000000094600000|100%| O|  |TAMS 0x0000000094500000| PB 0x0000000094500000| Untracked 
| 326|0x0000000094600000, 0x0000000094700000, 0x0000000094700000|100%| O|  |TAMS 0x0000000094600000| PB 0x0000000094600000| Untracked 
| 327|0x0000000094700000, 0x0000000094800000, 0x0000000094800000|100%| O|  |TAMS 0x0000000094700000| PB 0x0000000094700000| Untracked 
| 328|0x0000000094800000, 0x0000000094900000, 0x0000000094900000|100%| O|  |TAMS 0x0000000094800000| PB 0x0000000094800000| Untracked 
| 329|0x0000000094900000, 0x0000000094a00000, 0x0000000094a00000|100%| O|  |TAMS 0x0000000094900000| PB 0x0000000094900000| Untracked 
| 330|0x0000000094a00000, 0x0000000094b00000, 0x0000000094b00000|100%| O|  |TAMS 0x0000000094a00000| PB 0x0000000094a00000| Untracked 
| 331|0x0000000094b00000, 0x0000000094c00000, 0x0000000094c00000|100%| O|  |TAMS 0x0000000094b00000| PB 0x0000000094b00000| Untracked 
| 332|0x0000000094c00000, 0x0000000094d00000, 0x0000000094d00000|100%| O|  |TAMS 0x0000000094c00000| PB 0x0000000094c00000| Untracked 
| 333|0x0000000094d00000, 0x0000000094e00000, 0x0000000094e00000|100%| O|  |TAMS 0x0000000094d00000| PB 0x0000000094d00000| Untracked 
| 334|0x0000000094e00000, 0x0000000094f00000, 0x0000000094f00000|100%| O|  |TAMS 0x0000000094e00000| PB 0x0000000094e00000| Untracked 
| 335|0x0000000094f00000, 0x0000000095000000, 0x0000000095000000|100%| O|  |TAMS 0x0000000094f00000| PB 0x0000000094f00000| Untracked 
| 336|0x0000000095000000, 0x0000000095100000, 0x0000000095100000|100%| O|  |TAMS 0x0000000095000000| PB 0x0000000095000000| Untracked 
| 337|0x0000000095100000, 0x0000000095200000, 0x0000000095200000|100%|HS|  |TAMS 0x0000000095100000| PB 0x0000000095100000| Complete 
| 338|0x0000000095200000, 0x0000000095300000, 0x0000000095300000|100%|HC|  |TAMS 0x0000000095200000| PB 0x0000000095200000| Complete 
| 339|0x0000000095300000, 0x0000000095400000, 0x0000000095400000|100%| O|  |TAMS 0x0000000095300000| PB 0x0000000095300000| Untracked 
| 340|0x0000000095400000, 0x0000000095500000, 0x0000000095500000|100%| O|  |TAMS 0x0000000095400000| PB 0x0000000095400000| Untracked 
| 341|0x0000000095500000, 0x0000000095600000, 0x0000000095600000|100%| O|  |TAMS 0x0000000095500000| PB 0x0000000095500000| Untracked 
| 342|0x0000000095600000, 0x0000000095700000, 0x0000000095700000|100%| O|  |TAMS 0x0000000095600000| PB 0x0000000095600000| Untracked 
| 343|0x0000000095700000, 0x0000000095800000, 0x0000000095800000|100%| O|  |TAMS 0x0000000095700000| PB 0x0000000095700000| Untracked 
| 344|0x0000000095800000, 0x0000000095900000, 0x0000000095900000|100%| O|  |TAMS 0x0000000095800000| PB 0x0000000095800000| Untracked 
| 345|0x0000000095900000, 0x0000000095a00000, 0x0000000095a00000|100%| O|  |TAMS 0x0000000095900000| PB 0x0000000095900000| Untracked 
| 346|0x0000000095a00000, 0x0000000095b00000, 0x0000000095b00000|100%| O|  |TAMS 0x0000000095a00000| PB 0x0000000095a00000| Untracked 
| 347|0x0000000095b00000, 0x0000000095c00000, 0x0000000095c00000|100%| O|  |TAMS 0x0000000095b00000| PB 0x0000000095b00000| Untracked 
| 348|0x0000000095c00000, 0x0000000095d00000, 0x0000000095d00000|100%| O|  |TAMS 0x0000000095c00000| PB 0x0000000095c00000| Untracked 
| 349|0x0000000095d00000, 0x0000000095e00000, 0x0000000095e00000|100%| O|  |TAMS 0x0000000095d00000| PB 0x0000000095d00000| Untracked 
| 350|0x0000000095e00000, 0x0000000095f00000, 0x0000000095f00000|100%| O|  |TAMS 0x0000000095e00000| PB 0x0000000095e00000| Untracked 
| 351|0x0000000095f00000, 0x0000000096000000, 0x0000000096000000|100%| O|  |TAMS 0x0000000095f00000| PB 0x0000000095f00000| Untracked 
| 352|0x0000000096000000, 0x0000000096100000, 0x0000000096100000|100%| O|  |TAMS 0x0000000096000000| PB 0x0000000096000000| Untracked 
| 353|0x0000000096100000, 0x0000000096100000, 0x0000000096200000|  0%| F|  |TAMS 0x0000000096100000| PB 0x0000000096100000| Untracked 
| 354|0x0000000096200000, 0x0000000096300000, 0x0000000096300000|100%| O|  |TAMS 0x0000000096200000| PB 0x0000000096200000| Untracked 
| 355|0x0000000096300000, 0x0000000096300000, 0x0000000096400000|  0%| F|  |TAMS 0x0000000096300000| PB 0x0000000096300000| Untracked 
| 356|0x0000000096400000, 0x0000000096500000, 0x0000000096500000|100%| O|  |TAMS 0x0000000096400000| PB 0x0000000096400000| Untracked 
| 357|0x0000000096500000, 0x0000000096600000, 0x0000000096600000|100%| O|  |TAMS 0x0000000096500000| PB 0x0000000096500000| Untracked 
| 358|0x0000000096600000, 0x0000000096700000, 0x0000000096700000|100%| O|  |TAMS 0x0000000096600000| PB 0x0000000096600000| Untracked 
| 359|0x0000000096700000, 0x0000000096800000, 0x0000000096800000|100%| O|  |TAMS 0x0000000096700000| PB 0x0000000096700000| Untracked 
| 360|0x0000000096800000, 0x0000000096900000, 0x0000000096900000|100%| O|  |TAMS 0x0000000096800000| PB 0x0000000096800000| Untracked 
| 361|0x0000000096900000, 0x0000000096a00000, 0x0000000096a00000|100%| O|  |TAMS 0x0000000096900000| PB 0x0000000096900000| Untracked 
| 362|0x0000000096a00000, 0x0000000096b00000, 0x0000000096b00000|100%| O|  |TAMS 0x0000000096a00000| PB 0x0000000096a00000| Untracked 
| 363|0x0000000096b00000, 0x0000000096c00000, 0x0000000096c00000|100%| O|  |TAMS 0x0000000096b00000| PB 0x0000000096b00000| Untracked 
| 364|0x0000000096c00000, 0x0000000096d00000, 0x0000000096d00000|100%| O|  |TAMS 0x0000000096c00000| PB 0x0000000096c00000| Untracked 
| 365|0x0000000096d00000, 0x0000000096e00000, 0x0000000096e00000|100%| O|  |TAMS 0x0000000096d00000| PB 0x0000000096d00000| Untracked 
| 366|0x0000000096e00000, 0x0000000096f00000, 0x0000000096f00000|100%| O|  |TAMS 0x0000000096e00000| PB 0x0000000096e00000| Untracked 
| 367|0x0000000096f00000, 0x0000000097000000, 0x0000000097000000|100%| O|  |TAMS 0x0000000096f00000| PB 0x0000000096f00000| Untracked 
| 368|0x0000000097000000, 0x0000000097100000, 0x0000000097100000|100%| O|  |TAMS 0x0000000097000000| PB 0x0000000097000000| Untracked 
| 369|0x0000000097100000, 0x0000000097200000, 0x0000000097200000|100%| O|  |TAMS 0x0000000097100000| PB 0x0000000097100000| Untracked 
| 370|0x0000000097200000, 0x0000000097300000, 0x0000000097300000|100%| O|  |TAMS 0x0000000097200000| PB 0x0000000097200000| Untracked 
| 371|0x0000000097300000, 0x0000000097400000, 0x0000000097400000|100%| O|  |TAMS 0x0000000097300000| PB 0x0000000097300000| Untracked 
| 372|0x0000000097400000, 0x0000000097500000, 0x0000000097500000|100%| O|  |TAMS 0x0000000097400000| PB 0x0000000097400000| Untracked 
| 373|0x0000000097500000, 0x0000000097600000, 0x0000000097600000|100%| O|  |TAMS 0x0000000097500000| PB 0x0000000097500000| Untracked 
| 374|0x0000000097600000, 0x0000000097700000, 0x0000000097700000|100%| O|  |TAMS 0x0000000097600000| PB 0x0000000097600000| Untracked 
| 375|0x0000000097700000, 0x0000000097700000, 0x0000000097800000|  0%| F|  |TAMS 0x0000000097700000| PB 0x0000000097700000| Untracked 
| 376|0x0000000097800000, 0x0000000097800000, 0x0000000097900000|  0%| F|  |TAMS 0x0000000097800000| PB 0x0000000097800000| Untracked 
| 377|0x0000000097900000, 0x0000000097900000, 0x0000000097a00000|  0%| F|  |TAMS 0x0000000097900000| PB 0x0000000097900000| Untracked 
| 378|0x0000000097a00000, 0x0000000097a00000, 0x0000000097b00000|  0%| F|  |TAMS 0x0000000097a00000| PB 0x0000000097a00000| Untracked 
| 379|0x0000000097b00000, 0x0000000097c00000, 0x0000000097c00000|100%| O|  |TAMS 0x0000000097b00000| PB 0x0000000097b00000| Untracked 
| 380|0x0000000097c00000, 0x0000000097d00000, 0x0000000097d00000|100%| O|  |TAMS 0x0000000097c00000| PB 0x0000000097c00000| Untracked 
| 381|0x0000000097d00000, 0x0000000097e00000, 0x0000000097e00000|100%| O|  |TAMS 0x0000000097d00000| PB 0x0000000097d00000| Untracked 
| 382|0x0000000097e00000, 0x0000000097f00000, 0x0000000097f00000|100%| O|  |TAMS 0x0000000097e00000| PB 0x0000000097e00000| Untracked 
| 383|0x0000000097f00000, 0x0000000098000000, 0x0000000098000000|100%| O|  |TAMS 0x0000000097f00000| PB 0x0000000097f00000| Untracked 
| 384|0x0000000098000000, 0x0000000098100000, 0x0000000098100000|100%| O|  |TAMS 0x0000000098000000| PB 0x0000000098000000| Untracked 
| 385|0x0000000098100000, 0x0000000098200000, 0x0000000098200000|100%| O|  |TAMS 0x0000000098100000| PB 0x0000000098100000| Untracked 
| 386|0x0000000098200000, 0x0000000098300000, 0x0000000098300000|100%| O|  |TAMS 0x0000000098200000| PB 0x0000000098200000| Untracked 
| 387|0x0000000098300000, 0x0000000098400000, 0x0000000098400000|100%| O|  |TAMS 0x0000000098300000| PB 0x0000000098300000| Untracked 
| 388|0x0000000098400000, 0x0000000098500000, 0x0000000098500000|100%| O|  |TAMS 0x0000000098400000| PB 0x0000000098400000| Untracked 
| 389|0x0000000098500000, 0x0000000098600000, 0x0000000098600000|100%| O|  |TAMS 0x0000000098500000| PB 0x0000000098500000| Untracked 
| 390|0x0000000098600000, 0x0000000098700000, 0x0000000098700000|100%| O|  |TAMS 0x0000000098600000| PB 0x0000000098600000| Untracked 
| 391|0x0000000098700000, 0x0000000098800000, 0x0000000098800000|100%| O|  |TAMS 0x0000000098700000| PB 0x0000000098700000| Untracked 
| 392|0x0000000098800000, 0x0000000098800000, 0x0000000098900000|  0%| F|  |TAMS 0x0000000098800000| PB 0x0000000098800000| Untracked 
| 393|0x0000000098900000, 0x0000000098900000, 0x0000000098a00000|  0%| F|  |TAMS 0x0000000098900000| PB 0x0000000098900000| Untracked 
| 394|0x0000000098a00000, 0x0000000098a00000, 0x0000000098b00000|  0%| F|  |TAMS 0x0000000098a00000| PB 0x0000000098a00000| Untracked 
| 395|0x0000000098b00000, 0x0000000098b00000, 0x0000000098c00000|  0%| F|  |TAMS 0x0000000098b00000| PB 0x0000000098b00000| Untracked 
| 396|0x0000000098c00000, 0x0000000098c00000, 0x0000000098d00000|  0%| F|  |TAMS 0x0000000098c00000| PB 0x0000000098c00000| Untracked 
| 397|0x0000000098d00000, 0x0000000098d00000, 0x0000000098e00000|  0%| F|  |TAMS 0x0000000098d00000| PB 0x0000000098d00000| Untracked 
| 398|0x0000000098e00000, 0x0000000098e00000, 0x0000000098f00000|  0%| F|  |TAMS 0x0000000098e00000| PB 0x0000000098e00000| Untracked 
| 399|0x0000000098f00000, 0x0000000098f00000, 0x0000000099000000|  0%| F|  |TAMS 0x0000000098f00000| PB 0x0000000098f00000| Untracked 
| 400|0x0000000099000000, 0x0000000099000000, 0x0000000099100000|  0%| F|  |TAMS 0x0000000099000000| PB 0x0000000099000000| Untracked 
| 401|0x0000000099100000, 0x0000000099100000, 0x0000000099200000|  0%| F|  |TAMS 0x0000000099100000| PB 0x0000000099100000| Untracked 
| 402|0x0000000099200000, 0x0000000099200000, 0x0000000099300000|  0%| F|  |TAMS 0x0000000099200000| PB 0x0000000099200000| Untracked 
| 403|0x0000000099300000, 0x0000000099300000, 0x0000000099400000|  0%| F|  |TAMS 0x0000000099300000| PB 0x0000000099300000| Untracked 
| 404|0x0000000099400000, 0x0000000099400000, 0x0000000099500000|  0%| F|  |TAMS 0x0000000099400000| PB 0x0000000099400000| Untracked 
| 405|0x0000000099500000, 0x0000000099500000, 0x0000000099600000|  0%| F|  |TAMS 0x0000000099500000| PB 0x0000000099500000| Untracked 
| 406|0x0000000099600000, 0x0000000099600000, 0x0000000099700000|  0%| F|  |TAMS 0x0000000099600000| PB 0x0000000099600000| Untracked 
| 407|0x0000000099700000, 0x0000000099700000, 0x0000000099800000|  0%| F|  |TAMS 0x0000000099700000| PB 0x0000000099700000| Untracked 
| 408|0x0000000099800000, 0x0000000099800000, 0x0000000099900000|  0%| F|  |TAMS 0x0000000099800000| PB 0x0000000099800000| Untracked 
| 409|0x0000000099900000, 0x0000000099900000, 0x0000000099a00000|  0%| F|  |TAMS 0x0000000099900000| PB 0x0000000099900000| Untracked 
| 410|0x0000000099a00000, 0x0000000099a00000, 0x0000000099b00000|  0%| F|  |TAMS 0x0000000099a00000| PB 0x0000000099a00000| Untracked 
| 411|0x0000000099b00000, 0x0000000099b00000, 0x0000000099c00000|  0%| F|  |TAMS 0x0000000099b00000| PB 0x0000000099b00000| Untracked 
| 412|0x0000000099c00000, 0x0000000099c00000, 0x0000000099d00000|  0%| F|  |TAMS 0x0000000099c00000| PB 0x0000000099c00000| Untracked 
| 413|0x0000000099d00000, 0x0000000099d00000, 0x0000000099e00000|  0%| F|  |TAMS 0x0000000099d00000| PB 0x0000000099d00000| Untracked 
| 414|0x0000000099e00000, 0x0000000099e00000, 0x0000000099f00000|  0%| F|  |TAMS 0x0000000099e00000| PB 0x0000000099e00000| Untracked 
| 415|0x0000000099f00000, 0x0000000099f00000, 0x000000009a000000|  0%| F|  |TAMS 0x0000000099f00000| PB 0x0000000099f00000| Untracked 
| 416|0x000000009a000000, 0x000000009a000000, 0x000000009a100000|  0%| F|  |TAMS 0x000000009a000000| PB 0x000000009a000000| Untracked 
| 417|0x000000009a100000, 0x000000009a100000, 0x000000009a200000|  0%| F|  |TAMS 0x000000009a100000| PB 0x000000009a100000| Untracked 
| 418|0x000000009a200000, 0x000000009a200000, 0x000000009a300000|  0%| F|  |TAMS 0x000000009a200000| PB 0x000000009a200000| Untracked 
| 419|0x000000009a300000, 0x000000009a300000, 0x000000009a400000|  0%| F|  |TAMS 0x000000009a300000| PB 0x000000009a300000| Untracked 
| 420|0x000000009a400000, 0x000000009a400000, 0x000000009a500000|  0%| F|  |TAMS 0x000000009a400000| PB 0x000000009a400000| Untracked 
| 421|0x000000009a500000, 0x000000009a500000, 0x000000009a600000|  0%| F|  |TAMS 0x000000009a500000| PB 0x000000009a500000| Untracked 
| 422|0x000000009a600000, 0x000000009a600000, 0x000000009a700000|  0%| F|  |TAMS 0x000000009a600000| PB 0x000000009a600000| Untracked 
| 423|0x000000009a700000, 0x000000009a700000, 0x000000009a800000|  0%| F|  |TAMS 0x000000009a700000| PB 0x000000009a700000| Untracked 
| 424|0x000000009a800000, 0x000000009a800000, 0x000000009a900000|  0%| F|  |TAMS 0x000000009a800000| PB 0x000000009a800000| Untracked 
| 425|0x000000009a900000, 0x000000009a900000, 0x000000009aa00000|  0%| F|  |TAMS 0x000000009a900000| PB 0x000000009a900000| Untracked 
| 426|0x000000009aa00000, 0x000000009aa00000, 0x000000009ab00000|  0%| F|  |TAMS 0x000000009aa00000| PB 0x000000009aa00000| Untracked 
| 427|0x000000009ab00000, 0x000000009ab00000, 0x000000009ac00000|  0%| F|  |TAMS 0x000000009ab00000| PB 0x000000009ab00000| Untracked 
| 428|0x000000009ac00000, 0x000000009ac00000, 0x000000009ad00000|  0%| F|  |TAMS 0x000000009ac00000| PB 0x000000009ac00000| Untracked 
| 429|0x000000009ad00000, 0x000000009ad00000, 0x000000009ae00000|  0%| F|  |TAMS 0x000000009ad00000| PB 0x000000009ad00000| Untracked 
| 430|0x000000009ae00000, 0x000000009ae00000, 0x000000009af00000|  0%| F|  |TAMS 0x000000009ae00000| PB 0x000000009ae00000| Untracked 
| 431|0x000000009af00000, 0x000000009af00000, 0x000000009b000000|  0%| F|  |TAMS 0x000000009af00000| PB 0x000000009af00000| Untracked 
| 432|0x000000009b000000, 0x000000009b000000, 0x000000009b100000|  0%| F|  |TAMS 0x000000009b000000| PB 0x000000009b000000| Untracked 
| 433|0x000000009b100000, 0x000000009b100000, 0x000000009b200000|  0%| F|  |TAMS 0x000000009b100000| PB 0x000000009b100000| Untracked 
| 434|0x000000009b200000, 0x000000009b200000, 0x000000009b300000|  0%| F|  |TAMS 0x000000009b200000| PB 0x000000009b200000| Untracked 
| 435|0x000000009b300000, 0x000000009b300000, 0x000000009b400000|  0%| F|  |TAMS 0x000000009b300000| PB 0x000000009b300000| Untracked 
| 436|0x000000009b400000, 0x000000009b400000, 0x000000009b500000|  0%| F|  |TAMS 0x000000009b400000| PB 0x000000009b400000| Untracked 
| 437|0x000000009b500000, 0x000000009b500000, 0x000000009b600000|  0%| F|  |TAMS 0x000000009b500000| PB 0x000000009b500000| Untracked 
| 438|0x000000009b600000, 0x000000009b600000, 0x000000009b700000|  0%| F|  |TAMS 0x000000009b600000| PB 0x000000009b600000| Untracked 
| 439|0x000000009b700000, 0x000000009b700000, 0x000000009b800000|  0%| F|  |TAMS 0x000000009b700000| PB 0x000000009b700000| Untracked 
| 440|0x000000009b800000, 0x000000009b800000, 0x000000009b900000|  0%| F|  |TAMS 0x000000009b800000| PB 0x000000009b800000| Untracked 
| 441|0x000000009b900000, 0x000000009b900000, 0x000000009ba00000|  0%| F|  |TAMS 0x000000009b900000| PB 0x000000009b900000| Untracked 
| 442|0x000000009ba00000, 0x000000009ba00000, 0x000000009bb00000|  0%| F|  |TAMS 0x000000009ba00000| PB 0x000000009ba00000| Untracked 
| 443|0x000000009bb00000, 0x000000009bb00000, 0x000000009bc00000|  0%| F|  |TAMS 0x000000009bb00000| PB 0x000000009bb00000| Untracked 
| 444|0x000000009bc00000, 0x000000009bc00000, 0x000000009bd00000|  0%| F|  |TAMS 0x000000009bc00000| PB 0x000000009bc00000| Untracked 
| 445|0x000000009bd00000, 0x000000009bd00000, 0x000000009be00000|  0%| F|  |TAMS 0x000000009bd00000| PB 0x000000009bd00000| Untracked 
| 446|0x000000009be00000, 0x000000009be00000, 0x000000009bf00000|  0%| F|  |TAMS 0x000000009be00000| PB 0x000000009be00000| Untracked 
| 447|0x000000009bf00000, 0x000000009bf00000, 0x000000009c000000|  0%| F|  |TAMS 0x000000009bf00000| PB 0x000000009bf00000| Untracked 
| 448|0x000000009c000000, 0x000000009c000000, 0x000000009c100000|  0%| F|  |TAMS 0x000000009c000000| PB 0x000000009c000000| Untracked 
| 449|0x000000009c100000, 0x000000009c100000, 0x000000009c200000|  0%| F|  |TAMS 0x000000009c100000| PB 0x000000009c100000| Untracked 
| 450|0x000000009c200000, 0x000000009c200000, 0x000000009c300000|  0%| F|  |TAMS 0x000000009c200000| PB 0x000000009c200000| Untracked 
| 451|0x000000009c300000, 0x000000009c300000, 0x000000009c400000|  0%| F|  |TAMS 0x000000009c300000| PB 0x000000009c300000| Untracked 
| 452|0x000000009c400000, 0x000000009c400000, 0x000000009c500000|  0%| F|  |TAMS 0x000000009c400000| PB 0x000000009c400000| Untracked 
| 453|0x000000009c500000, 0x000000009c500000, 0x000000009c600000|  0%| F|  |TAMS 0x000000009c500000| PB 0x000000009c500000| Untracked 
| 454|0x000000009c600000, 0x000000009c600000, 0x000000009c700000|  0%| F|  |TAMS 0x000000009c600000| PB 0x000000009c600000| Untracked 
| 455|0x000000009c700000, 0x000000009c700000, 0x000000009c800000|  0%| F|  |TAMS 0x000000009c700000| PB 0x000000009c700000| Untracked 
| 456|0x000000009c800000, 0x000000009c800000, 0x000000009c900000|  0%| F|  |TAMS 0x000000009c800000| PB 0x000000009c800000| Untracked 
| 457|0x000000009c900000, 0x000000009c900000, 0x000000009ca00000|  0%| F|  |TAMS 0x000000009c900000| PB 0x000000009c900000| Untracked 
| 458|0x000000009ca00000, 0x000000009ca00000, 0x000000009cb00000|  0%| F|  |TAMS 0x000000009ca00000| PB 0x000000009ca00000| Untracked 
| 459|0x000000009cb00000, 0x000000009cb00000, 0x000000009cc00000|  0%| F|  |TAMS 0x000000009cb00000| PB 0x000000009cb00000| Untracked 
| 460|0x000000009cc00000, 0x000000009cc00000, 0x000000009cd00000|  0%| F|  |TAMS 0x000000009cc00000| PB 0x000000009cc00000| Untracked 
| 461|0x000000009cd00000, 0x000000009cd00000, 0x000000009ce00000|  0%| F|  |TAMS 0x000000009cd00000| PB 0x000000009cd00000| Untracked 
| 462|0x000000009ce00000, 0x000000009ce00000, 0x000000009cf00000|  0%| F|  |TAMS 0x000000009ce00000| PB 0x000000009ce00000| Untracked 
| 463|0x000000009cf00000, 0x000000009cf00000, 0x000000009d000000|  0%| F|  |TAMS 0x000000009cf00000| PB 0x000000009cf00000| Untracked 
| 464|0x000000009d000000, 0x000000009d000000, 0x000000009d100000|  0%| F|  |TAMS 0x000000009d000000| PB 0x000000009d000000| Untracked 
| 465|0x000000009d100000, 0x000000009d100000, 0x000000009d200000|  0%| F|  |TAMS 0x000000009d100000| PB 0x000000009d100000| Untracked 
| 466|0x000000009d200000, 0x000000009d200000, 0x000000009d300000|  0%| F|  |TAMS 0x000000009d200000| PB 0x000000009d200000| Untracked 
| 467|0x000000009d300000, 0x000000009d300000, 0x000000009d400000|  0%| F|  |TAMS 0x000000009d300000| PB 0x000000009d300000| Untracked 
| 468|0x000000009d400000, 0x000000009d400000, 0x000000009d500000|  0%| F|  |TAMS 0x000000009d400000| PB 0x000000009d400000| Untracked 
| 469|0x000000009d500000, 0x000000009d500000, 0x000000009d600000|  0%| F|  |TAMS 0x000000009d500000| PB 0x000000009d500000| Untracked 
| 470|0x000000009d600000, 0x000000009d600000, 0x000000009d700000|  0%| F|  |TAMS 0x000000009d600000| PB 0x000000009d600000| Untracked 
| 471|0x000000009d700000, 0x000000009d700000, 0x000000009d800000|  0%| F|  |TAMS 0x000000009d700000| PB 0x000000009d700000| Untracked 
| 472|0x000000009d800000, 0x000000009d800000, 0x000000009d900000|  0%| F|  |TAMS 0x000000009d800000| PB 0x000000009d800000| Untracked 
| 473|0x000000009d900000, 0x000000009d900000, 0x000000009da00000|  0%| F|  |TAMS 0x000000009d900000| PB 0x000000009d900000| Untracked 
| 474|0x000000009da00000, 0x000000009da00000, 0x000000009db00000|  0%| F|  |TAMS 0x000000009da00000| PB 0x000000009da00000| Untracked 
| 475|0x000000009db00000, 0x000000009db00000, 0x000000009dc00000|  0%| F|  |TAMS 0x000000009db00000| PB 0x000000009db00000| Untracked 
| 476|0x000000009dc00000, 0x000000009dc00000, 0x000000009dd00000|  0%| F|  |TAMS 0x000000009dc00000| PB 0x000000009dc00000| Untracked 
| 477|0x000000009dd00000, 0x000000009dd00000, 0x000000009de00000|  0%| F|  |TAMS 0x000000009dd00000| PB 0x000000009dd00000| Untracked 
| 478|0x000000009de00000, 0x000000009de00000, 0x000000009df00000|  0%| F|  |TAMS 0x000000009de00000| PB 0x000000009de00000| Untracked 
| 479|0x000000009df00000, 0x000000009df00000, 0x000000009e000000|  0%| F|  |TAMS 0x000000009df00000| PB 0x000000009df00000| Untracked 
| 480|0x000000009e000000, 0x000000009e000000, 0x000000009e100000|  0%| F|  |TAMS 0x000000009e000000| PB 0x000000009e000000| Untracked 
| 481|0x000000009e100000, 0x000000009e100000, 0x000000009e200000|  0%| F|  |TAMS 0x000000009e100000| PB 0x000000009e100000| Untracked 
| 482|0x000000009e200000, 0x000000009e200000, 0x000000009e300000|  0%| F|  |TAMS 0x000000009e200000| PB 0x000000009e200000| Untracked 
| 483|0x000000009e300000, 0x000000009e300000, 0x000000009e400000|  0%| F|  |TAMS 0x000000009e300000| PB 0x000000009e300000| Untracked 
| 484|0x000000009e400000, 0x000000009e400000, 0x000000009e500000|  0%| F|  |TAMS 0x000000009e400000| PB 0x000000009e400000| Untracked 
| 485|0x000000009e500000, 0x000000009e500000, 0x000000009e600000|  0%| F|  |TAMS 0x000000009e500000| PB 0x000000009e500000| Untracked 
| 486|0x000000009e600000, 0x000000009e600000, 0x000000009e700000|  0%| F|  |TAMS 0x000000009e600000| PB 0x000000009e600000| Untracked 
| 487|0x000000009e700000, 0x000000009e700000, 0x000000009e800000|  0%| F|  |TAMS 0x000000009e700000| PB 0x000000009e700000| Untracked 
| 488|0x000000009e800000, 0x000000009e800000, 0x000000009e900000|  0%| F|  |TAMS 0x000000009e800000| PB 0x000000009e800000| Untracked 
| 489|0x000000009e900000, 0x000000009e900000, 0x000000009ea00000|  0%| F|  |TAMS 0x000000009e900000| PB 0x000000009e900000| Untracked 
| 490|0x000000009ea00000, 0x000000009ea00000, 0x000000009eb00000|  0%| F|  |TAMS 0x000000009ea00000| PB 0x000000009ea00000| Untracked 
| 491|0x000000009eb00000, 0x000000009eb00000, 0x000000009ec00000|  0%| F|  |TAMS 0x000000009eb00000| PB 0x000000009eb00000| Untracked 
| 492|0x000000009ec00000, 0x000000009ec00000, 0x000000009ed00000|  0%| F|  |TAMS 0x000000009ec00000| PB 0x000000009ec00000| Untracked 
| 493|0x000000009ed00000, 0x000000009ed00000, 0x000000009ee00000|  0%| F|  |TAMS 0x000000009ed00000| PB 0x000000009ed00000| Untracked 
| 494|0x000000009ee00000, 0x000000009ee00000, 0x000000009ef00000|  0%| F|  |TAMS 0x000000009ee00000| PB 0x000000009ee00000| Untracked 
| 495|0x000000009ef00000, 0x000000009ef00000, 0x000000009f000000|  0%| F|  |TAMS 0x000000009ef00000| PB 0x000000009ef00000| Untracked 
| 496|0x000000009f000000, 0x000000009f000000, 0x000000009f100000|  0%| F|  |TAMS 0x000000009f000000| PB 0x000000009f000000| Untracked 
| 497|0x000000009f100000, 0x000000009f100000, 0x000000009f200000|  0%| F|  |TAMS 0x000000009f100000| PB 0x000000009f100000| Untracked 
| 498|0x000000009f200000, 0x000000009f200000, 0x000000009f300000|  0%| F|  |TAMS 0x000000009f200000| PB 0x000000009f200000| Untracked 
| 499|0x000000009f300000, 0x000000009f300000, 0x000000009f400000|  0%| F|  |TAMS 0x000000009f300000| PB 0x000000009f300000| Untracked 
| 500|0x000000009f400000, 0x000000009f400000, 0x000000009f500000|  0%| F|  |TAMS 0x000000009f400000| PB 0x000000009f400000| Untracked 
| 501|0x000000009f500000, 0x000000009f500000, 0x000000009f600000|  0%| F|  |TAMS 0x000000009f500000| PB 0x000000009f500000| Untracked 
| 502|0x000000009f600000, 0x000000009f600000, 0x000000009f700000|  0%| F|  |TAMS 0x000000009f600000| PB 0x000000009f600000| Untracked 
| 503|0x000000009f700000, 0x000000009f700000, 0x000000009f800000|  0%| F|  |TAMS 0x000000009f700000| PB 0x000000009f700000| Untracked 
| 504|0x000000009f800000, 0x000000009f800000, 0x000000009f900000|  0%| F|  |TAMS 0x000000009f800000| PB 0x000000009f800000| Untracked 
| 505|0x000000009f900000, 0x000000009f900000, 0x000000009fa00000|  0%| F|  |TAMS 0x000000009f900000| PB 0x000000009f900000| Untracked 
| 506|0x000000009fa00000, 0x000000009fa00000, 0x000000009fb00000|  0%| F|  |TAMS 0x000000009fa00000| PB 0x000000009fa00000| Untracked 
| 507|0x000000009fb00000, 0x000000009fb00000, 0x000000009fc00000|  0%| F|  |TAMS 0x000000009fb00000| PB 0x000000009fb00000| Untracked 
| 508|0x000000009fc00000, 0x000000009fc00000, 0x000000009fd00000|  0%| F|  |TAMS 0x000000009fc00000| PB 0x000000009fc00000| Untracked 
| 509|0x000000009fd00000, 0x000000009fd00000, 0x000000009fe00000|  0%| F|  |TAMS 0x000000009fd00000| PB 0x000000009fd00000| Untracked 
| 510|0x000000009fe00000, 0x000000009fe00000, 0x000000009ff00000|  0%| F|  |TAMS 0x000000009fe00000| PB 0x000000009fe00000| Untracked 
| 511|0x000000009ff00000, 0x000000009ff00000, 0x00000000a0000000|  0%| F|  |TAMS 0x000000009ff00000| PB 0x000000009ff00000| Untracked 
| 512|0x00000000a0000000, 0x00000000a0000000, 0x00000000a0100000|  0%| F|  |TAMS 0x00000000a0000000| PB 0x00000000a0000000| Untracked 
| 513|0x00000000a0100000, 0x00000000a0100000, 0x00000000a0200000|  0%| F|  |TAMS 0x00000000a0100000| PB 0x00000000a0100000| Untracked 
| 514|0x00000000a0200000, 0x00000000a0200000, 0x00000000a0300000|  0%| F|  |TAMS 0x00000000a0200000| PB 0x00000000a0200000| Untracked 
| 515|0x00000000a0300000, 0x00000000a0300000, 0x00000000a0400000|  0%| F|  |TAMS 0x00000000a0300000| PB 0x00000000a0300000| Untracked 
| 516|0x00000000a0400000, 0x00000000a0400000, 0x00000000a0500000|  0%| F|  |TAMS 0x00000000a0400000| PB 0x00000000a0400000| Untracked 
| 517|0x00000000a0500000, 0x00000000a0500000, 0x00000000a0600000|  0%| F|  |TAMS 0x00000000a0500000| PB 0x00000000a0500000| Untracked 
| 518|0x00000000a0600000, 0x00000000a0600000, 0x00000000a0700000|  0%| F|  |TAMS 0x00000000a0600000| PB 0x00000000a0600000| Untracked 
| 519|0x00000000a0700000, 0x00000000a0700000, 0x00000000a0800000|  0%| F|  |TAMS 0x00000000a0700000| PB 0x00000000a0700000| Untracked 
| 520|0x00000000a0800000, 0x00000000a0800000, 0x00000000a0900000|  0%| F|  |TAMS 0x00000000a0800000| PB 0x00000000a0800000| Untracked 
| 521|0x00000000a0900000, 0x00000000a0900000, 0x00000000a0a00000|  0%| F|  |TAMS 0x00000000a0900000| PB 0x00000000a0900000| Untracked 
| 522|0x00000000a0a00000, 0x00000000a0a00000, 0x00000000a0b00000|  0%| F|  |TAMS 0x00000000a0a00000| PB 0x00000000a0a00000| Untracked 
| 523|0x00000000a0b00000, 0x00000000a0b00000, 0x00000000a0c00000|  0%| F|  |TAMS 0x00000000a0b00000| PB 0x00000000a0b00000| Untracked 
| 524|0x00000000a0c00000, 0x00000000a0c00000, 0x00000000a0d00000|  0%| F|  |TAMS 0x00000000a0c00000| PB 0x00000000a0c00000| Untracked 
| 525|0x00000000a0d00000, 0x00000000a0d00000, 0x00000000a0e00000|  0%| F|  |TAMS 0x00000000a0d00000| PB 0x00000000a0d00000| Untracked 
| 526|0x00000000a0e00000, 0x00000000a0e00000, 0x00000000a0f00000|  0%| F|  |TAMS 0x00000000a0e00000| PB 0x00000000a0e00000| Untracked 
| 527|0x00000000a0f00000, 0x00000000a0f00000, 0x00000000a1000000|  0%| F|  |TAMS 0x00000000a0f00000| PB 0x00000000a0f00000| Untracked 
| 528|0x00000000a1000000, 0x00000000a1000000, 0x00000000a1100000|  0%| F|  |TAMS 0x00000000a1000000| PB 0x00000000a1000000| Untracked 
| 529|0x00000000a1100000, 0x00000000a1100000, 0x00000000a1200000|  0%| F|  |TAMS 0x00000000a1100000| PB 0x00000000a1100000| Untracked 
| 530|0x00000000a1200000, 0x00000000a1200000, 0x00000000a1300000|  0%| F|  |TAMS 0x00000000a1200000| PB 0x00000000a1200000| Untracked 
| 531|0x00000000a1300000, 0x00000000a1300000, 0x00000000a1400000|  0%| F|  |TAMS 0x00000000a1300000| PB 0x00000000a1300000| Untracked 
| 532|0x00000000a1400000, 0x00000000a1400000, 0x00000000a1500000|  0%| F|  |TAMS 0x00000000a1400000| PB 0x00000000a1400000| Untracked 
| 533|0x00000000a1500000, 0x00000000a1500000, 0x00000000a1600000|  0%| F|  |TAMS 0x00000000a1500000| PB 0x00000000a1500000| Untracked 
| 534|0x00000000a1600000, 0x00000000a1600000, 0x00000000a1700000|  0%| F|  |TAMS 0x00000000a1600000| PB 0x00000000a1600000| Untracked 
| 535|0x00000000a1700000, 0x00000000a1700000, 0x00000000a1800000|  0%| F|  |TAMS 0x00000000a1700000| PB 0x00000000a1700000| Untracked 
| 536|0x00000000a1800000, 0x00000000a1800000, 0x00000000a1900000|  0%| F|  |TAMS 0x00000000a1800000| PB 0x00000000a1800000| Untracked 
| 537|0x00000000a1900000, 0x00000000a1900000, 0x00000000a1a00000|  0%| F|  |TAMS 0x00000000a1900000| PB 0x00000000a1900000| Untracked 
| 538|0x00000000a1a00000, 0x00000000a1a00000, 0x00000000a1b00000|  0%| F|  |TAMS 0x00000000a1a00000| PB 0x00000000a1a00000| Untracked 
| 539|0x00000000a1b00000, 0x00000000a1b00000, 0x00000000a1c00000|  0%| F|  |TAMS 0x00000000a1b00000| PB 0x00000000a1b00000| Untracked 
| 540|0x00000000a1c00000, 0x00000000a1c00000, 0x00000000a1d00000|  0%| F|  |TAMS 0x00000000a1c00000| PB 0x00000000a1c00000| Untracked 
| 541|0x00000000a1d00000, 0x00000000a1d00000, 0x00000000a1e00000|  0%| F|  |TAMS 0x00000000a1d00000| PB 0x00000000a1d00000| Untracked 
| 542|0x00000000a1e00000, 0x00000000a1e00000, 0x00000000a1f00000|  0%| F|  |TAMS 0x00000000a1e00000| PB 0x00000000a1e00000| Untracked 
| 543|0x00000000a1f00000, 0x00000000a1f00000, 0x00000000a2000000|  0%| F|  |TAMS 0x00000000a1f00000| PB 0x00000000a1f00000| Untracked 
| 544|0x00000000a2000000, 0x00000000a2000000, 0x00000000a2100000|  0%| F|  |TAMS 0x00000000a2000000| PB 0x00000000a2000000| Untracked 
| 545|0x00000000a2100000, 0x00000000a2100000, 0x00000000a2200000|  0%| F|  |TAMS 0x00000000a2100000| PB 0x00000000a2100000| Untracked 
| 546|0x00000000a2200000, 0x00000000a2200000, 0x00000000a2300000|  0%| F|  |TAMS 0x00000000a2200000| PB 0x00000000a2200000| Untracked 
| 547|0x00000000a2300000, 0x00000000a2300000, 0x00000000a2400000|  0%| F|  |TAMS 0x00000000a2300000| PB 0x00000000a2300000| Untracked 
| 548|0x00000000a2400000, 0x00000000a2400000, 0x00000000a2500000|  0%| F|  |TAMS 0x00000000a2400000| PB 0x00000000a2400000| Untracked 
| 549|0x00000000a2500000, 0x00000000a2500000, 0x00000000a2600000|  0%| F|  |TAMS 0x00000000a2500000| PB 0x00000000a2500000| Untracked 
| 550|0x00000000a2600000, 0x00000000a2600000, 0x00000000a2700000|  0%| F|  |TAMS 0x00000000a2600000| PB 0x00000000a2600000| Untracked 
| 551|0x00000000a2700000, 0x00000000a2700000, 0x00000000a2800000|  0%| F|  |TAMS 0x00000000a2700000| PB 0x00000000a2700000| Untracked 
| 552|0x00000000a2800000, 0x00000000a2800000, 0x00000000a2900000|  0%| F|  |TAMS 0x00000000a2800000| PB 0x00000000a2800000| Untracked 
| 553|0x00000000a2900000, 0x00000000a2900000, 0x00000000a2a00000|  0%| F|  |TAMS 0x00000000a2900000| PB 0x00000000a2900000| Untracked 
| 554|0x00000000a2a00000, 0x00000000a2a00000, 0x00000000a2b00000|  0%| F|  |TAMS 0x00000000a2a00000| PB 0x00000000a2a00000| Untracked 
| 555|0x00000000a2b00000, 0x00000000a2b00000, 0x00000000a2c00000|  0%| F|  |TAMS 0x00000000a2b00000| PB 0x00000000a2b00000| Untracked 
| 556|0x00000000a2c00000, 0x00000000a2c00000, 0x00000000a2d00000|  0%| F|  |TAMS 0x00000000a2c00000| PB 0x00000000a2c00000| Untracked 
| 557|0x00000000a2d00000, 0x00000000a2d00000, 0x00000000a2e00000|  0%| F|  |TAMS 0x00000000a2d00000| PB 0x00000000a2d00000| Untracked 
| 558|0x00000000a2e00000, 0x00000000a2e00000, 0x00000000a2f00000|  0%| F|  |TAMS 0x00000000a2e00000| PB 0x00000000a2e00000| Untracked 
| 559|0x00000000a2f00000, 0x00000000a2f00000, 0x00000000a3000000|  0%| F|  |TAMS 0x00000000a2f00000| PB 0x00000000a2f00000| Untracked 
| 560|0x00000000a3000000, 0x00000000a3000000, 0x00000000a3100000|  0%| F|  |TAMS 0x00000000a3000000| PB 0x00000000a3000000| Untracked 
| 561|0x00000000a3100000, 0x00000000a3100000, 0x00000000a3200000|  0%| F|  |TAMS 0x00000000a3100000| PB 0x00000000a3100000| Untracked 
| 562|0x00000000a3200000, 0x00000000a3200000, 0x00000000a3300000|  0%| F|  |TAMS 0x00000000a3200000| PB 0x00000000a3200000| Untracked 
| 563|0x00000000a3300000, 0x00000000a3300000, 0x00000000a3400000|  0%| F|  |TAMS 0x00000000a3300000| PB 0x00000000a3300000| Untracked 
| 564|0x00000000a3400000, 0x00000000a3400000, 0x00000000a3500000|  0%| F|  |TAMS 0x00000000a3400000| PB 0x00000000a3400000| Untracked 
| 565|0x00000000a3500000, 0x00000000a3500000, 0x00000000a3600000|  0%| F|  |TAMS 0x00000000a3500000| PB 0x00000000a3500000| Untracked 
| 566|0x00000000a3600000, 0x00000000a3600000, 0x00000000a3700000|  0%| F|  |TAMS 0x00000000a3600000| PB 0x00000000a3600000| Untracked 
| 567|0x00000000a3700000, 0x00000000a3700000, 0x00000000a3800000|  0%| F|  |TAMS 0x00000000a3700000| PB 0x00000000a3700000| Untracked 
| 568|0x00000000a3800000, 0x00000000a3800000, 0x00000000a3900000|  0%| F|  |TAMS 0x00000000a3800000| PB 0x00000000a3800000| Untracked 
| 569|0x00000000a3900000, 0x00000000a3900000, 0x00000000a3a00000|  0%| F|  |TAMS 0x00000000a3900000| PB 0x00000000a3900000| Untracked 
| 570|0x00000000a3a00000, 0x00000000a3a00000, 0x00000000a3b00000|  0%| F|  |TAMS 0x00000000a3a00000| PB 0x00000000a3a00000| Untracked 
| 571|0x00000000a3b00000, 0x00000000a3b00000, 0x00000000a3c00000|  0%| F|  |TAMS 0x00000000a3b00000| PB 0x00000000a3b00000| Untracked 
| 572|0x00000000a3c00000, 0x00000000a3c00000, 0x00000000a3d00000|  0%| F|  |TAMS 0x00000000a3c00000| PB 0x00000000a3c00000| Untracked 
| 573|0x00000000a3d00000, 0x00000000a3d00000, 0x00000000a3e00000|  0%| F|  |TAMS 0x00000000a3d00000| PB 0x00000000a3d00000| Untracked 
| 574|0x00000000a3e00000, 0x00000000a3e00000, 0x00000000a3f00000|  0%| F|  |TAMS 0x00000000a3e00000| PB 0x00000000a3e00000| Untracked 
| 575|0x00000000a3f00000, 0x00000000a3f00000, 0x00000000a4000000|  0%| F|  |TAMS 0x00000000a3f00000| PB 0x00000000a3f00000| Untracked 
| 576|0x00000000a4000000, 0x00000000a4000000, 0x00000000a4100000|  0%| F|  |TAMS 0x00000000a4000000| PB 0x00000000a4000000| Untracked 
| 577|0x00000000a4100000, 0x00000000a4100000, 0x00000000a4200000|  0%| F|  |TAMS 0x00000000a4100000| PB 0x00000000a4100000| Untracked 
| 578|0x00000000a4200000, 0x00000000a4200000, 0x00000000a4300000|  0%| F|  |TAMS 0x00000000a4200000| PB 0x00000000a4200000| Untracked 
| 579|0x00000000a4300000, 0x00000000a4300000, 0x00000000a4400000|  0%| F|  |TAMS 0x00000000a4300000| PB 0x00000000a4300000| Untracked 
| 580|0x00000000a4400000, 0x00000000a4400000, 0x00000000a4500000|  0%| F|  |TAMS 0x00000000a4400000| PB 0x00000000a4400000| Untracked 
| 581|0x00000000a4500000, 0x00000000a4500000, 0x00000000a4600000|  0%| F|  |TAMS 0x00000000a4500000| PB 0x00000000a4500000| Untracked 
| 582|0x00000000a4600000, 0x00000000a4600000, 0x00000000a4700000|  0%| F|  |TAMS 0x00000000a4600000| PB 0x00000000a4600000| Untracked 
| 583|0x00000000a4700000, 0x00000000a4700000, 0x00000000a4800000|  0%| F|  |TAMS 0x00000000a4700000| PB 0x00000000a4700000| Untracked 
| 584|0x00000000a4800000, 0x00000000a4800000, 0x00000000a4900000|  0%| F|  |TAMS 0x00000000a4800000| PB 0x00000000a4800000| Untracked 
| 585|0x00000000a4900000, 0x00000000a4900000, 0x00000000a4a00000|  0%| F|  |TAMS 0x00000000a4900000| PB 0x00000000a4900000| Untracked 
| 586|0x00000000a4a00000, 0x00000000a4a00000, 0x00000000a4b00000|  0%| F|  |TAMS 0x00000000a4a00000| PB 0x00000000a4a00000| Untracked 
| 587|0x00000000a4b00000, 0x00000000a4b00000, 0x00000000a4c00000|  0%| F|  |TAMS 0x00000000a4b00000| PB 0x00000000a4b00000| Untracked 
| 588|0x00000000a4c00000, 0x00000000a4c00000, 0x00000000a4d00000|  0%| F|  |TAMS 0x00000000a4c00000| PB 0x00000000a4c00000| Untracked 
| 589|0x00000000a4d00000, 0x00000000a4d00000, 0x00000000a4e00000|  0%| F|  |TAMS 0x00000000a4d00000| PB 0x00000000a4d00000| Untracked 
| 590|0x00000000a4e00000, 0x00000000a4e00000, 0x00000000a4f00000|  0%| F|  |TAMS 0x00000000a4e00000| PB 0x00000000a4e00000| Untracked 
| 591|0x00000000a4f00000, 0x00000000a4f00000, 0x00000000a5000000|  0%| F|  |TAMS 0x00000000a4f00000| PB 0x00000000a4f00000| Untracked 
| 592|0x00000000a5000000, 0x00000000a5000000, 0x00000000a5100000|  0%| F|  |TAMS 0x00000000a5000000| PB 0x00000000a5000000| Untracked 
| 593|0x00000000a5100000, 0x00000000a5100000, 0x00000000a5200000|  0%| F|  |TAMS 0x00000000a5100000| PB 0x00000000a5100000| Untracked 
| 594|0x00000000a5200000, 0x00000000a5200000, 0x00000000a5300000|  0%| F|  |TAMS 0x00000000a5200000| PB 0x00000000a5200000| Untracked 
| 595|0x00000000a5300000, 0x00000000a5300000, 0x00000000a5400000|  0%| F|  |TAMS 0x00000000a5300000| PB 0x00000000a5300000| Untracked 
| 596|0x00000000a5400000, 0x00000000a5400000, 0x00000000a5500000|  0%| F|  |TAMS 0x00000000a5400000| PB 0x00000000a5400000| Untracked 
| 597|0x00000000a5500000, 0x00000000a5500000, 0x00000000a5600000|  0%| F|  |TAMS 0x00000000a5500000| PB 0x00000000a5500000| Untracked 
| 598|0x00000000a5600000, 0x00000000a5600000, 0x00000000a5700000|  0%| F|  |TAMS 0x00000000a5600000| PB 0x00000000a5600000| Untracked 
| 599|0x00000000a5700000, 0x00000000a5700000, 0x00000000a5800000|  0%| F|  |TAMS 0x00000000a5700000| PB 0x00000000a5700000| Untracked 
| 600|0x00000000a5800000, 0x00000000a5800000, 0x00000000a5900000|  0%| F|  |TAMS 0x00000000a5800000| PB 0x00000000a5800000| Untracked 
| 601|0x00000000a5900000, 0x00000000a5900000, 0x00000000a5a00000|  0%| F|  |TAMS 0x00000000a5900000| PB 0x00000000a5900000| Untracked 
| 602|0x00000000a5a00000, 0x00000000a5a00000, 0x00000000a5b00000|  0%| F|  |TAMS 0x00000000a5a00000| PB 0x00000000a5a00000| Untracked 
| 603|0x00000000a5b00000, 0x00000000a5b00000, 0x00000000a5c00000|  0%| F|  |TAMS 0x00000000a5b00000| PB 0x00000000a5b00000| Untracked 
| 604|0x00000000a5c00000, 0x00000000a5c00000, 0x00000000a5d00000|  0%| F|  |TAMS 0x00000000a5c00000| PB 0x00000000a5c00000| Untracked 
| 605|0x00000000a5d00000, 0x00000000a5d00000, 0x00000000a5e00000|  0%| F|  |TAMS 0x00000000a5d00000| PB 0x00000000a5d00000| Untracked 
| 606|0x00000000a5e00000, 0x00000000a5e00000, 0x00000000a5f00000|  0%| F|  |TAMS 0x00000000a5e00000| PB 0x00000000a5e00000| Untracked 
| 607|0x00000000a5f00000, 0x00000000a5f00000, 0x00000000a6000000|  0%| F|  |TAMS 0x00000000a5f00000| PB 0x00000000a5f00000| Untracked 
| 608|0x00000000a6000000, 0x00000000a6000000, 0x00000000a6100000|  0%| F|  |TAMS 0x00000000a6000000| PB 0x00000000a6000000| Untracked 
| 609|0x00000000a6100000, 0x00000000a6100000, 0x00000000a6200000|  0%| F|  |TAMS 0x00000000a6100000| PB 0x00000000a6100000| Untracked 
| 610|0x00000000a6200000, 0x00000000a6200000, 0x00000000a6300000|  0%| F|  |TAMS 0x00000000a6200000| PB 0x00000000a6200000| Untracked 
| 611|0x00000000a6300000, 0x00000000a6300000, 0x00000000a6400000|  0%| F|  |TAMS 0x00000000a6300000| PB 0x00000000a6300000| Untracked 
| 612|0x00000000a6400000, 0x00000000a6400000, 0x00000000a6500000|  0%| F|  |TAMS 0x00000000a6400000| PB 0x00000000a6400000| Untracked 
| 613|0x00000000a6500000, 0x00000000a6500000, 0x00000000a6600000|  0%| F|  |TAMS 0x00000000a6500000| PB 0x00000000a6500000| Untracked 
| 614|0x00000000a6600000, 0x00000000a6600000, 0x00000000a6700000|  0%| F|  |TAMS 0x00000000a6600000| PB 0x00000000a6600000| Untracked 
| 615|0x00000000a6700000, 0x00000000a6700000, 0x00000000a6800000|  0%| F|  |TAMS 0x00000000a6700000| PB 0x00000000a6700000| Untracked 
| 616|0x00000000a6800000, 0x00000000a6800000, 0x00000000a6900000|  0%| F|  |TAMS 0x00000000a6800000| PB 0x00000000a6800000| Untracked 
| 617|0x00000000a6900000, 0x00000000a6900000, 0x00000000a6a00000|  0%| F|  |TAMS 0x00000000a6900000| PB 0x00000000a6900000| Untracked 
| 618|0x00000000a6a00000, 0x00000000a6a00000, 0x00000000a6b00000|  0%| F|  |TAMS 0x00000000a6a00000| PB 0x00000000a6a00000| Untracked 
| 619|0x00000000a6b00000, 0x00000000a6b00000, 0x00000000a6c00000|  0%| F|  |TAMS 0x00000000a6b00000| PB 0x00000000a6b00000| Untracked 
| 620|0x00000000a6c00000, 0x00000000a6c00000, 0x00000000a6d00000|  0%| F|  |TAMS 0x00000000a6c00000| PB 0x00000000a6c00000| Untracked 
| 621|0x00000000a6d00000, 0x00000000a6d00000, 0x00000000a6e00000|  0%| F|  |TAMS 0x00000000a6d00000| PB 0x00000000a6d00000| Untracked 
| 622|0x00000000a6e00000, 0x00000000a6e00000, 0x00000000a6f00000|  0%| F|  |TAMS 0x00000000a6e00000| PB 0x00000000a6e00000| Untracked 
| 623|0x00000000a6f00000, 0x00000000a6f00000, 0x00000000a7000000|  0%| F|  |TAMS 0x00000000a6f00000| PB 0x00000000a6f00000| Untracked 
| 624|0x00000000a7000000, 0x00000000a7000000, 0x00000000a7100000|  0%| F|  |TAMS 0x00000000a7000000| PB 0x00000000a7000000| Untracked 
| 625|0x00000000a7100000, 0x00000000a7100000, 0x00000000a7200000|  0%| F|  |TAMS 0x00000000a7100000| PB 0x00000000a7100000| Untracked 
| 626|0x00000000a7200000, 0x00000000a7200000, 0x00000000a7300000|  0%| F|  |TAMS 0x00000000a7200000| PB 0x00000000a7200000| Untracked 
| 627|0x00000000a7300000, 0x00000000a7300000, 0x00000000a7400000|  0%| F|  |TAMS 0x00000000a7300000| PB 0x00000000a7300000| Untracked 
| 628|0x00000000a7400000, 0x00000000a7400000, 0x00000000a7500000|  0%| F|  |TAMS 0x00000000a7400000| PB 0x00000000a7400000| Untracked 
| 629|0x00000000a7500000, 0x00000000a7500000, 0x00000000a7600000|  0%| F|  |TAMS 0x00000000a7500000| PB 0x00000000a7500000| Untracked 
| 630|0x00000000a7600000, 0x00000000a7600000, 0x00000000a7700000|  0%| F|  |TAMS 0x00000000a7600000| PB 0x00000000a7600000| Untracked 
| 631|0x00000000a7700000, 0x00000000a7700000, 0x00000000a7800000|  0%| F|  |TAMS 0x00000000a7700000| PB 0x00000000a7700000| Untracked 
| 632|0x00000000a7800000, 0x00000000a7800000, 0x00000000a7900000|  0%| F|  |TAMS 0x00000000a7800000| PB 0x00000000a7800000| Untracked 
| 633|0x00000000a7900000, 0x00000000a7900000, 0x00000000a7a00000|  0%| F|  |TAMS 0x00000000a7900000| PB 0x00000000a7900000| Untracked 
| 634|0x00000000a7a00000, 0x00000000a7a00000, 0x00000000a7b00000|  0%| F|  |TAMS 0x00000000a7a00000| PB 0x00000000a7a00000| Untracked 
| 635|0x00000000a7b00000, 0x00000000a7b00000, 0x00000000a7c00000|  0%| F|  |TAMS 0x00000000a7b00000| PB 0x00000000a7b00000| Untracked 
| 636|0x00000000a7c00000, 0x00000000a7c00000, 0x00000000a7d00000|  0%| F|  |TAMS 0x00000000a7c00000| PB 0x00000000a7c00000| Untracked 
| 637|0x00000000a7d00000, 0x00000000a7d00000, 0x00000000a7e00000|  0%| F|  |TAMS 0x00000000a7d00000| PB 0x00000000a7d00000| Untracked 
| 638|0x00000000a7e00000, 0x00000000a7e00000, 0x00000000a7f00000|  0%| F|  |TAMS 0x00000000a7e00000| PB 0x00000000a7e00000| Untracked 
| 639|0x00000000a7f00000, 0x00000000a7f00000, 0x00000000a8000000|  0%| F|  |TAMS 0x00000000a7f00000| PB 0x00000000a7f00000| Untracked 
| 640|0x00000000a8000000, 0x00000000a8000000, 0x00000000a8100000|  0%| F|  |TAMS 0x00000000a8000000| PB 0x00000000a8000000| Untracked 
| 641|0x00000000a8100000, 0x00000000a8100000, 0x00000000a8200000|  0%| F|  |TAMS 0x00000000a8100000| PB 0x00000000a8100000| Untracked 
| 642|0x00000000a8200000, 0x00000000a8200000, 0x00000000a8300000|  0%| F|  |TAMS 0x00000000a8200000| PB 0x00000000a8200000| Untracked 
| 643|0x00000000a8300000, 0x00000000a8300000, 0x00000000a8400000|  0%| F|  |TAMS 0x00000000a8300000| PB 0x00000000a8300000| Untracked 
| 644|0x00000000a8400000, 0x00000000a8400000, 0x00000000a8500000|  0%| F|  |TAMS 0x00000000a8400000| PB 0x00000000a8400000| Untracked 
| 645|0x00000000a8500000, 0x00000000a8500000, 0x00000000a8600000|  0%| F|  |TAMS 0x00000000a8500000| PB 0x00000000a8500000| Untracked 
| 646|0x00000000a8600000, 0x00000000a8600000, 0x00000000a8700000|  0%| F|  |TAMS 0x00000000a8600000| PB 0x00000000a8600000| Untracked 
| 647|0x00000000a8700000, 0x00000000a8700000, 0x00000000a8800000|  0%| F|  |TAMS 0x00000000a8700000| PB 0x00000000a8700000| Untracked 
| 648|0x00000000a8800000, 0x00000000a8800000, 0x00000000a8900000|  0%| F|  |TAMS 0x00000000a8800000| PB 0x00000000a8800000| Untracked 
| 649|0x00000000a8900000, 0x00000000a8900000, 0x00000000a8a00000|  0%| F|  |TAMS 0x00000000a8900000| PB 0x00000000a8900000| Untracked 
| 650|0x00000000a8a00000, 0x00000000a8a00000, 0x00000000a8b00000|  0%| F|  |TAMS 0x00000000a8a00000| PB 0x00000000a8a00000| Untracked 
| 651|0x00000000a8b00000, 0x00000000a8b00000, 0x00000000a8c00000|  0%| F|  |TAMS 0x00000000a8b00000| PB 0x00000000a8b00000| Untracked 
| 652|0x00000000a8c00000, 0x00000000a8c00000, 0x00000000a8d00000|  0%| F|  |TAMS 0x00000000a8c00000| PB 0x00000000a8c00000| Untracked 
| 653|0x00000000a8d00000, 0x00000000a8d00000, 0x00000000a8e00000|  0%| F|  |TAMS 0x00000000a8d00000| PB 0x00000000a8d00000| Untracked 
| 654|0x00000000a8e00000, 0x00000000a8e00000, 0x00000000a8f00000|  0%| F|  |TAMS 0x00000000a8e00000| PB 0x00000000a8e00000| Untracked 
| 655|0x00000000a8f00000, 0x00000000a8f00000, 0x00000000a9000000|  0%| F|  |TAMS 0x00000000a8f00000| PB 0x00000000a8f00000| Untracked 
| 656|0x00000000a9000000, 0x00000000a9000000, 0x00000000a9100000|  0%| F|  |TAMS 0x00000000a9000000| PB 0x00000000a9000000| Untracked 
| 657|0x00000000a9100000, 0x00000000a9100000, 0x00000000a9200000|  0%| F|  |TAMS 0x00000000a9100000| PB 0x00000000a9100000| Untracked 
| 658|0x00000000a9200000, 0x00000000a9200000, 0x00000000a9300000|  0%| F|  |TAMS 0x00000000a9200000| PB 0x00000000a9200000| Untracked 
| 659|0x00000000a9300000, 0x00000000a9300000, 0x00000000a9400000|  0%| F|  |TAMS 0x00000000a9300000| PB 0x00000000a9300000| Untracked 
| 660|0x00000000a9400000, 0x00000000a9400000, 0x00000000a9500000|  0%| F|  |TAMS 0x00000000a9400000| PB 0x00000000a9400000| Untracked 
| 661|0x00000000a9500000, 0x00000000a9500000, 0x00000000a9600000|  0%| F|  |TAMS 0x00000000a9500000| PB 0x00000000a9500000| Untracked 
| 662|0x00000000a9600000, 0x00000000a9600000, 0x00000000a9700000|  0%| F|  |TAMS 0x00000000a9600000| PB 0x00000000a9600000| Untracked 
| 663|0x00000000a9700000, 0x00000000a9700000, 0x00000000a9800000|  0%| F|  |TAMS 0x00000000a9700000| PB 0x00000000a9700000| Untracked 
| 664|0x00000000a9800000, 0x00000000a9800000, 0x00000000a9900000|  0%| F|  |TAMS 0x00000000a9800000| PB 0x00000000a9800000| Untracked 
| 665|0x00000000a9900000, 0x00000000a9900000, 0x00000000a9a00000|  0%| F|  |TAMS 0x00000000a9900000| PB 0x00000000a9900000| Untracked 
| 666|0x00000000a9a00000, 0x00000000a9a00000, 0x00000000a9b00000|  0%| F|  |TAMS 0x00000000a9a00000| PB 0x00000000a9a00000| Untracked 
| 667|0x00000000a9b00000, 0x00000000a9b00000, 0x00000000a9c00000|  0%| F|  |TAMS 0x00000000a9b00000| PB 0x00000000a9b00000| Untracked 
| 668|0x00000000a9c00000, 0x00000000a9c00000, 0x00000000a9d00000|  0%| F|  |TAMS 0x00000000a9c00000| PB 0x00000000a9c00000| Untracked 
| 669|0x00000000a9d00000, 0x00000000a9d00000, 0x00000000a9e00000|  0%| F|  |TAMS 0x00000000a9d00000| PB 0x00000000a9d00000| Untracked 
| 670|0x00000000a9e00000, 0x00000000a9e00000, 0x00000000a9f00000|  0%| F|  |TAMS 0x00000000a9e00000| PB 0x00000000a9e00000| Untracked 
| 671|0x00000000a9f00000, 0x00000000a9f00000, 0x00000000aa000000|  0%| F|  |TAMS 0x00000000a9f00000| PB 0x00000000a9f00000| Untracked 
| 672|0x00000000aa000000, 0x00000000aa000000, 0x00000000aa100000|  0%| F|  |TAMS 0x00000000aa000000| PB 0x00000000aa000000| Untracked 
| 673|0x00000000aa100000, 0x00000000aa100000, 0x00000000aa200000|  0%| F|  |TAMS 0x00000000aa100000| PB 0x00000000aa100000| Untracked 
| 674|0x00000000aa200000, 0x00000000aa200000, 0x00000000aa300000|  0%| F|  |TAMS 0x00000000aa200000| PB 0x00000000aa200000| Untracked 
| 675|0x00000000aa300000, 0x00000000aa300000, 0x00000000aa400000|  0%| F|  |TAMS 0x00000000aa300000| PB 0x00000000aa300000| Untracked 
| 676|0x00000000aa400000, 0x00000000aa400000, 0x00000000aa500000|  0%| F|  |TAMS 0x00000000aa400000| PB 0x00000000aa400000| Untracked 
| 677|0x00000000aa500000, 0x00000000aa500000, 0x00000000aa600000|  0%| F|  |TAMS 0x00000000aa500000| PB 0x00000000aa500000| Untracked 
| 678|0x00000000aa600000, 0x00000000aa600000, 0x00000000aa700000|  0%| F|  |TAMS 0x00000000aa600000| PB 0x00000000aa600000| Untracked 
| 679|0x00000000aa700000, 0x00000000aa700000, 0x00000000aa800000|  0%| F|  |TAMS 0x00000000aa700000| PB 0x00000000aa700000| Untracked 
| 680|0x00000000aa800000, 0x00000000aa800000, 0x00000000aa900000|  0%| F|  |TAMS 0x00000000aa800000| PB 0x00000000aa800000| Untracked 
| 681|0x00000000aa900000, 0x00000000aa900000, 0x00000000aaa00000|  0%| F|  |TAMS 0x00000000aa900000| PB 0x00000000aa900000| Untracked 
| 682|0x00000000aaa00000, 0x00000000aaa00000, 0x00000000aab00000|  0%| F|  |TAMS 0x00000000aaa00000| PB 0x00000000aaa00000| Untracked 
| 683|0x00000000aab00000, 0x00000000aab00000, 0x00000000aac00000|  0%| F|  |TAMS 0x00000000aab00000| PB 0x00000000aab00000| Untracked 
| 684|0x00000000aac00000, 0x00000000aac00000, 0x00000000aad00000|  0%| F|  |TAMS 0x00000000aac00000| PB 0x00000000aac00000| Untracked 
| 685|0x00000000aad00000, 0x00000000aad00000, 0x00000000aae00000|  0%| F|  |TAMS 0x00000000aad00000| PB 0x00000000aad00000| Untracked 
| 686|0x00000000aae00000, 0x00000000aae00000, 0x00000000aaf00000|  0%| F|  |TAMS 0x00000000aae00000| PB 0x00000000aae00000| Untracked 
| 687|0x00000000aaf00000, 0x00000000aaf00000, 0x00000000ab000000|  0%| F|  |TAMS 0x00000000aaf00000| PB 0x00000000aaf00000| Untracked 
| 688|0x00000000ab000000, 0x00000000ab000000, 0x00000000ab100000|  0%| F|  |TAMS 0x00000000ab000000| PB 0x00000000ab000000| Untracked 
| 689|0x00000000ab100000, 0x00000000ab100000, 0x00000000ab200000|  0%| F|  |TAMS 0x00000000ab100000| PB 0x00000000ab100000| Untracked 
| 690|0x00000000ab200000, 0x00000000ab200000, 0x00000000ab300000|  0%| F|  |TAMS 0x00000000ab200000| PB 0x00000000ab200000| Untracked 
| 691|0x00000000ab300000, 0x00000000ab300000, 0x00000000ab400000|  0%| F|  |TAMS 0x00000000ab300000| PB 0x00000000ab300000| Untracked 
| 692|0x00000000ab400000, 0x00000000ab400000, 0x00000000ab500000|  0%| F|  |TAMS 0x00000000ab400000| PB 0x00000000ab400000| Untracked 
| 693|0x00000000ab500000, 0x00000000ab500000, 0x00000000ab600000|  0%| F|  |TAMS 0x00000000ab500000| PB 0x00000000ab500000| Untracked 
| 694|0x00000000ab600000, 0x00000000ab600000, 0x00000000ab700000|  0%| F|  |TAMS 0x00000000ab600000| PB 0x00000000ab600000| Untracked 
| 695|0x00000000ab700000, 0x00000000ab700000, 0x00000000ab800000|  0%| F|  |TAMS 0x00000000ab700000| PB 0x00000000ab700000| Untracked 
| 696|0x00000000ab800000, 0x00000000ab800000, 0x00000000ab900000|  0%| F|  |TAMS 0x00000000ab800000| PB 0x00000000ab800000| Untracked 
| 697|0x00000000ab900000, 0x00000000ab900000, 0x00000000aba00000|  0%| F|  |TAMS 0x00000000ab900000| PB 0x00000000ab900000| Untracked 
| 698|0x00000000aba00000, 0x00000000aba00000, 0x00000000abb00000|  0%| F|  |TAMS 0x00000000aba00000| PB 0x00000000aba00000| Untracked 
| 699|0x00000000abb00000, 0x00000000abb00000, 0x00000000abc00000|  0%| F|  |TAMS 0x00000000abb00000| PB 0x00000000abb00000| Untracked 
| 700|0x00000000abc00000, 0x00000000abc00000, 0x00000000abd00000|  0%| F|  |TAMS 0x00000000abc00000| PB 0x00000000abc00000| Untracked 
| 701|0x00000000abd00000, 0x00000000abd00000, 0x00000000abe00000|  0%| F|  |TAMS 0x00000000abd00000| PB 0x00000000abd00000| Untracked 
| 702|0x00000000abe00000, 0x00000000abe00000, 0x00000000abf00000|  0%| F|  |TAMS 0x00000000abe00000| PB 0x00000000abe00000| Untracked 
| 703|0x00000000abf00000, 0x00000000abf00000, 0x00000000ac000000|  0%| F|  |TAMS 0x00000000abf00000| PB 0x00000000abf00000| Untracked 
| 704|0x00000000ac000000, 0x00000000ac000000, 0x00000000ac100000|  0%| F|  |TAMS 0x00000000ac000000| PB 0x00000000ac000000| Untracked 
| 705|0x00000000ac100000, 0x00000000ac100000, 0x00000000ac200000|  0%| F|  |TAMS 0x00000000ac100000| PB 0x00000000ac100000| Untracked 
| 706|0x00000000ac200000, 0x00000000ac200000, 0x00000000ac300000|  0%| F|  |TAMS 0x00000000ac200000| PB 0x00000000ac200000| Untracked 
| 707|0x00000000ac300000, 0x00000000ac300000, 0x00000000ac400000|  0%| F|  |TAMS 0x00000000ac300000| PB 0x00000000ac300000| Untracked 
| 708|0x00000000ac400000, 0x00000000ac400000, 0x00000000ac500000|  0%| F|  |TAMS 0x00000000ac400000| PB 0x00000000ac400000| Untracked 
| 709|0x00000000ac500000, 0x00000000ac500000, 0x00000000ac600000|  0%| F|  |TAMS 0x00000000ac500000| PB 0x00000000ac500000| Untracked 
| 710|0x00000000ac600000, 0x00000000ac600000, 0x00000000ac700000|  0%| F|  |TAMS 0x00000000ac600000| PB 0x00000000ac600000| Untracked 
| 711|0x00000000ac700000, 0x00000000ac700000, 0x00000000ac800000|  0%| F|  |TAMS 0x00000000ac700000| PB 0x00000000ac700000| Untracked 
| 712|0x00000000ac800000, 0x00000000ac800000, 0x00000000ac900000|  0%| F|  |TAMS 0x00000000ac800000| PB 0x00000000ac800000| Untracked 
| 713|0x00000000ac900000, 0x00000000ac900000, 0x00000000aca00000|  0%| F|  |TAMS 0x00000000ac900000| PB 0x00000000ac900000| Untracked 
| 714|0x00000000aca00000, 0x00000000aca00000, 0x00000000acb00000|  0%| F|  |TAMS 0x00000000aca00000| PB 0x00000000aca00000| Untracked 
| 715|0x00000000acb00000, 0x00000000acb00000, 0x00000000acc00000|  0%| F|  |TAMS 0x00000000acb00000| PB 0x00000000acb00000| Untracked 
| 716|0x00000000acc00000, 0x00000000acc00000, 0x00000000acd00000|  0%| F|  |TAMS 0x00000000acc00000| PB 0x00000000acc00000| Untracked 
| 717|0x00000000acd00000, 0x00000000acd00000, 0x00000000ace00000|  0%| F|  |TAMS 0x00000000acd00000| PB 0x00000000acd00000| Untracked 
| 718|0x00000000ace00000, 0x00000000ace00000, 0x00000000acf00000|  0%| F|  |TAMS 0x00000000ace00000| PB 0x00000000ace00000| Untracked 
| 719|0x00000000acf00000, 0x00000000acf00000, 0x00000000ad000000|  0%| F|  |TAMS 0x00000000acf00000| PB 0x00000000acf00000| Untracked 
| 720|0x00000000ad000000, 0x00000000ad000000, 0x00000000ad100000|  0%| F|  |TAMS 0x00000000ad000000| PB 0x00000000ad000000| Untracked 
| 721|0x00000000ad100000, 0x00000000ad100000, 0x00000000ad200000|  0%| F|  |TAMS 0x00000000ad100000| PB 0x00000000ad100000| Untracked 
| 722|0x00000000ad200000, 0x00000000ad200000, 0x00000000ad300000|  0%| F|  |TAMS 0x00000000ad200000| PB 0x00000000ad200000| Untracked 
| 723|0x00000000ad300000, 0x00000000ad300000, 0x00000000ad400000|  0%| F|  |TAMS 0x00000000ad300000| PB 0x00000000ad300000| Untracked 
| 724|0x00000000ad400000, 0x00000000ad400000, 0x00000000ad500000|  0%| F|  |TAMS 0x00000000ad400000| PB 0x00000000ad400000| Untracked 
| 725|0x00000000ad500000, 0x00000000ad500000, 0x00000000ad600000|  0%| F|  |TAMS 0x00000000ad500000| PB 0x00000000ad500000| Untracked 
| 726|0x00000000ad600000, 0x00000000ad600000, 0x00000000ad700000|  0%| F|  |TAMS 0x00000000ad600000| PB 0x00000000ad600000| Untracked 
| 727|0x00000000ad700000, 0x00000000ad700000, 0x00000000ad800000|  0%| F|  |TAMS 0x00000000ad700000| PB 0x00000000ad700000| Untracked 
| 728|0x00000000ad800000, 0x00000000ad800000, 0x00000000ad900000|  0%| F|  |TAMS 0x00000000ad800000| PB 0x00000000ad800000| Untracked 
| 729|0x00000000ad900000, 0x00000000ad900000, 0x00000000ada00000|  0%| F|  |TAMS 0x00000000ad900000| PB 0x00000000ad900000| Untracked 
| 730|0x00000000ada00000, 0x00000000ada00000, 0x00000000adb00000|  0%| F|  |TAMS 0x00000000ada00000| PB 0x00000000ada00000| Untracked 
| 731|0x00000000adb00000, 0x00000000adb00000, 0x00000000adc00000|  0%| F|  |TAMS 0x00000000adb00000| PB 0x00000000adb00000| Untracked 
| 732|0x00000000adc00000, 0x00000000adc00000, 0x00000000add00000|  0%| F|  |TAMS 0x00000000adc00000| PB 0x00000000adc00000| Untracked 
| 733|0x00000000add00000, 0x00000000add00000, 0x00000000ade00000|  0%| F|  |TAMS 0x00000000add00000| PB 0x00000000add00000| Untracked 
| 734|0x00000000ade00000, 0x00000000ade00000, 0x00000000adf00000|  0%| F|  |TAMS 0x00000000ade00000| PB 0x00000000ade00000| Untracked 
| 735|0x00000000adf00000, 0x00000000adf00000, 0x00000000ae000000|  0%| F|  |TAMS 0x00000000adf00000| PB 0x00000000adf00000| Untracked 
|1967|0x00000000faf00000, 0x00000000faf00000, 0x00000000fb000000|  0%| F|  |TAMS 0x00000000faf00000| PB 0x00000000faf00000| Untracked 
|1968|0x00000000fb000000, 0x00000000fb000000, 0x00000000fb100000|  0%| F|  |TAMS 0x00000000fb000000| PB 0x00000000fb000000| Untracked 
|1969|0x00000000fb100000, 0x00000000fb100000, 0x00000000fb200000|  0%| F|  |TAMS 0x00000000fb100000| PB 0x00000000fb100000| Untracked 
|1970|0x00000000fb200000, 0x00000000fb200000, 0x00000000fb300000|  0%| F|  |TAMS 0x00000000fb200000| PB 0x00000000fb200000| Untracked 
|1971|0x00000000fb300000, 0x00000000fb300000, 0x00000000fb400000|  0%| F|  |TAMS 0x00000000fb300000| PB 0x00000000fb300000| Untracked 
|1972|0x00000000fb400000, 0x00000000fb400000, 0x00000000fb500000|  0%| F|  |TAMS 0x00000000fb400000| PB 0x00000000fb400000| Untracked 
|1973|0x00000000fb500000, 0x00000000fb500000, 0x00000000fb600000|  0%| F|  |TAMS 0x00000000fb500000| PB 0x00000000fb500000| Untracked 
|1974|0x00000000fb600000, 0x00000000fb600000, 0x00000000fb700000|  0%| F|  |TAMS 0x00000000fb600000| PB 0x00000000fb600000| Untracked 
|1975|0x00000000fb700000, 0x00000000fb700000, 0x00000000fb800000|  0%| F|  |TAMS 0x00000000fb700000| PB 0x00000000fb700000| Untracked 
|1976|0x00000000fb800000, 0x00000000fb800000, 0x00000000fb900000|  0%| F|  |TAMS 0x00000000fb800000| PB 0x00000000fb800000| Untracked 
|1977|0x00000000fb900000, 0x00000000fb900000, 0x00000000fba00000|  0%| F|  |TAMS 0x00000000fb900000| PB 0x00000000fb900000| Untracked 
|1978|0x00000000fba00000, 0x00000000fba00000, 0x00000000fbb00000|  0%| F|  |TAMS 0x00000000fba00000| PB 0x00000000fba00000| Untracked 
|1979|0x00000000fbb00000, 0x00000000fbb00000, 0x00000000fbc00000|  0%| F|  |TAMS 0x00000000fbb00000| PB 0x00000000fbb00000| Untracked 
|1980|0x00000000fbc00000, 0x00000000fbc00000, 0x00000000fbd00000|  0%| F|  |TAMS 0x00000000fbc00000| PB 0x00000000fbc00000| Untracked 
|1981|0x00000000fbd00000, 0x00000000fbd00000, 0x00000000fbe00000|  0%| F|  |TAMS 0x00000000fbd00000| PB 0x00000000fbd00000| Untracked 
|1982|0x00000000fbe00000, 0x00000000fbe00000, 0x00000000fbf00000|  0%| F|  |TAMS 0x00000000fbe00000| PB 0x00000000fbe00000| Untracked 
|1983|0x00000000fbf00000, 0x00000000fbf00000, 0x00000000fc000000|  0%| F|  |TAMS 0x00000000fbf00000| PB 0x00000000fbf00000| Untracked 
|1984|0x00000000fc000000, 0x00000000fc000000, 0x00000000fc100000|  0%| F|  |TAMS 0x00000000fc000000| PB 0x00000000fc000000| Untracked 
|1985|0x00000000fc100000, 0x00000000fc100000, 0x00000000fc200000|  0%| F|  |TAMS 0x00000000fc100000| PB 0x00000000fc100000| Untracked 
|1986|0x00000000fc200000, 0x00000000fc200000, 0x00000000fc300000|  0%| F|  |TAMS 0x00000000fc200000| PB 0x00000000fc200000| Untracked 
|1987|0x00000000fc300000, 0x00000000fc300000, 0x00000000fc400000|  0%| F|  |TAMS 0x00000000fc300000| PB 0x00000000fc300000| Untracked 
|1988|0x00000000fc400000, 0x00000000fc400000, 0x00000000fc500000|  0%| F|  |TAMS 0x00000000fc400000| PB 0x00000000fc400000| Untracked 
|1989|0x00000000fc500000, 0x00000000fc500000, 0x00000000fc600000|  0%| F|  |TAMS 0x00000000fc500000| PB 0x00000000fc500000| Untracked 
|1990|0x00000000fc600000, 0x00000000fc600000, 0x00000000fc700000|  0%| F|  |TAMS 0x00000000fc600000| PB 0x00000000fc600000| Untracked 
|1991|0x00000000fc700000, 0x00000000fc700000, 0x00000000fc800000|  0%| F|  |TAMS 0x00000000fc700000| PB 0x00000000fc700000| Untracked 
|1992|0x00000000fc800000, 0x00000000fc800000, 0x00000000fc900000|  0%| F|  |TAMS 0x00000000fc800000| PB 0x00000000fc800000| Untracked 
|1993|0x00000000fc900000, 0x00000000fc900000, 0x00000000fca00000|  0%| F|  |TAMS 0x00000000fc900000| PB 0x00000000fc900000| Untracked 
|1994|0x00000000fca00000, 0x00000000fca00000, 0x00000000fcb00000|  0%| F|  |TAMS 0x00000000fca00000| PB 0x00000000fca00000| Untracked 
|1995|0x00000000fcb00000, 0x00000000fcb00000, 0x00000000fcc00000|  0%| F|  |TAMS 0x00000000fcb00000| PB 0x00000000fcb00000| Untracked 
|1996|0x00000000fcc00000, 0x00000000fcc00000, 0x00000000fcd00000|  0%| F|  |TAMS 0x00000000fcc00000| PB 0x00000000fcc00000| Untracked 
|1997|0x00000000fcd00000, 0x00000000fcd00000, 0x00000000fce00000|  0%| F|  |TAMS 0x00000000fcd00000| PB 0x00000000fcd00000| Untracked 
|1998|0x00000000fce00000, 0x00000000fce00000, 0x00000000fcf00000|  0%| F|  |TAMS 0x00000000fce00000| PB 0x00000000fce00000| Untracked 
|1999|0x00000000fcf00000, 0x00000000fcf00000, 0x00000000fd000000|  0%| F|  |TAMS 0x00000000fcf00000| PB 0x00000000fcf00000| Untracked 
|2000|0x00000000fd000000, 0x00000000fd000000, 0x00000000fd100000|  0%| F|  |TAMS 0x00000000fd000000| PB 0x00000000fd000000| Untracked 
|2001|0x00000000fd100000, 0x00000000fd100000, 0x00000000fd200000|  0%| F|  |TAMS 0x00000000fd100000| PB 0x00000000fd100000| Untracked 
|2002|0x00000000fd200000, 0x00000000fd200000, 0x00000000fd300000|  0%| F|  |TAMS 0x00000000fd200000| PB 0x00000000fd200000| Untracked 
|2003|0x00000000fd300000, 0x00000000fd300000, 0x00000000fd400000|  0%| F|  |TAMS 0x00000000fd300000| PB 0x00000000fd300000| Untracked 
|2004|0x00000000fd400000, 0x00000000fd400000, 0x00000000fd500000|  0%| F|  |TAMS 0x00000000fd400000| PB 0x00000000fd400000| Untracked 
|2005|0x00000000fd500000, 0x00000000fd500000, 0x00000000fd600000|  0%| F|  |TAMS 0x00000000fd500000| PB 0x00000000fd500000| Untracked 
|2006|0x00000000fd600000, 0x00000000fd600000, 0x00000000fd700000|  0%| F|  |TAMS 0x00000000fd600000| PB 0x00000000fd600000| Untracked 
|2007|0x00000000fd700000, 0x00000000fd700000, 0x00000000fd800000|  0%| F|  |TAMS 0x00000000fd700000| PB 0x00000000fd700000| Untracked 
|2008|0x00000000fd800000, 0x00000000fd800000, 0x00000000fd900000|  0%| F|  |TAMS 0x00000000fd800000| PB 0x00000000fd800000| Untracked 
|2009|0x00000000fd900000, 0x00000000fd900000, 0x00000000fda00000|  0%| F|  |TAMS 0x00000000fd900000| PB 0x00000000fd900000| Untracked 
|2010|0x00000000fda00000, 0x00000000fda00000, 0x00000000fdb00000|  0%| F|  |TAMS 0x00000000fda00000| PB 0x00000000fda00000| Untracked 
|2011|0x00000000fdb00000, 0x00000000fdb00000, 0x00000000fdc00000|  0%| F|  |TAMS 0x00000000fdb00000| PB 0x00000000fdb00000| Untracked 
|2012|0x00000000fdc00000, 0x00000000fdc00000, 0x00000000fdd00000|  0%| F|  |TAMS 0x00000000fdc00000| PB 0x00000000fdc00000| Untracked 
|2013|0x00000000fdd00000, 0x00000000fdd836f8, 0x00000000fde00000| 51%| E|  |TAMS 0x00000000fdd00000| PB 0x00000000fdd00000| Complete 
|2014|0x00000000fde00000, 0x00000000fdf00000, 0x00000000fdf00000|100%| E|CS|TAMS 0x00000000fde00000| PB 0x00000000fde00000| Complete 
|2015|0x00000000fdf00000, 0x00000000fe000000, 0x00000000fe000000|100%| E|CS|TAMS 0x00000000fdf00000| PB 0x00000000fdf00000| Complete 
|2016|0x00000000fe000000, 0x00000000fe100000, 0x00000000fe100000|100%| E|CS|TAMS 0x00000000fe000000| PB 0x00000000fe000000| Complete 
|2017|0x00000000fe100000, 0x00000000fe200000, 0x00000000fe200000|100%| E|CS|TAMS 0x00000000fe100000| PB 0x00000000fe100000| Complete 
|2018|0x00000000fe200000, 0x00000000fe300000, 0x00000000fe300000|100%| E|CS|TAMS 0x00000000fe200000| PB 0x00000000fe200000| Complete 
|2019|0x00000000fe300000, 0x00000000fe400000, 0x00000000fe400000|100%| E|CS|TAMS 0x00000000fe300000| PB 0x00000000fe300000| Complete 
|2020|0x00000000fe400000, 0x00000000fe500000, 0x00000000fe500000|100%| E|CS|TAMS 0x00000000fe400000| PB 0x00000000fe400000| Complete 
|2021|0x00000000fe500000, 0x00000000fe600000, 0x00000000fe600000|100%| E|CS|TAMS 0x00000000fe500000| PB 0x00000000fe500000| Complete 
|2022|0x00000000fe600000, 0x00000000fe700000, 0x00000000fe700000|100%| E|CS|TAMS 0x00000000fe600000| PB 0x00000000fe600000| Complete 
|2023|0x00000000fe700000, 0x00000000fe800000, 0x00000000fe800000|100%| E|CS|TAMS 0x00000000fe700000| PB 0x00000000fe700000| Complete 
|2024|0x00000000fe800000, 0x00000000fe900000, 0x00000000fe900000|100%| E|  |TAMS 0x00000000fe800000| PB 0x00000000fe800000| Complete 
|2025|0x00000000fe900000, 0x00000000fea00000, 0x00000000fea00000|100%| E|CS|TAMS 0x00000000fe900000| PB 0x00000000fe900000| Complete 
|2026|0x00000000fea00000, 0x00000000feb00000, 0x00000000feb00000|100%| E|CS|TAMS 0x00000000fea00000| PB 0x00000000fea00000| Complete 
|2027|0x00000000feb00000, 0x00000000fec00000, 0x00000000fec00000|100%| E|CS|TAMS 0x00000000feb00000| PB 0x00000000feb00000| Complete 
|2028|0x00000000fec00000, 0x00000000fed00000, 0x00000000fed00000|100%| E|CS|TAMS 0x00000000fec00000| PB 0x00000000fec00000| Complete 
|2029|0x00000000fed00000, 0x00000000fee00000, 0x00000000fee00000|100%| E|CS|TAMS 0x00000000fed00000| PB 0x00000000fed00000| Complete 
|2030|0x00000000fee00000, 0x00000000fef00000, 0x00000000fef00000|100%| E|CS|TAMS 0x00000000fee00000| PB 0x00000000fee00000| Complete 
|2031|0x00000000fef00000, 0x00000000ff000000, 0x00000000ff000000|100%| E|CS|TAMS 0x00000000fef00000| PB 0x00000000fef00000| Complete 
|2032|0x00000000ff000000, 0x00000000ff100000, 0x00000000ff100000|100%| E|CS|TAMS 0x00000000ff000000| PB 0x00000000ff000000| Complete 
|2033|0x00000000ff100000, 0x00000000ff200000, 0x00000000ff200000|100%| E|CS|TAMS 0x00000000ff100000| PB 0x00000000ff100000| Complete 
|2034|0x00000000ff200000, 0x00000000ff300000, 0x00000000ff300000|100%| E|CS|TAMS 0x00000000ff200000| PB 0x00000000ff200000| Complete 
|2035|0x00000000ff300000, 0x00000000ff400000, 0x00000000ff400000|100%| E|CS|TAMS 0x00000000ff300000| PB 0x00000000ff300000| Complete 
|2036|0x00000000ff400000, 0x00000000ff500000, 0x00000000ff500000|100%| E|CS|TAMS 0x00000000ff400000| PB 0x00000000ff400000| Complete 
|2037|0x00000000ff500000, 0x00000000ff600000, 0x00000000ff600000|100%| E|CS|TAMS 0x00000000ff500000| PB 0x00000000ff500000| Complete 
|2038|0x00000000ff600000, 0x00000000ff700000, 0x00000000ff700000|100%| E|CS|TAMS 0x00000000ff600000| PB 0x00000000ff600000| Complete 
|2039|0x00000000ff700000, 0x00000000ff800000, 0x00000000ff800000|100%| E|CS|TAMS 0x00000000ff700000| PB 0x00000000ff700000| Complete 
|2040|0x00000000ff800000, 0x00000000ff900000, 0x00000000ff900000|100%| E|CS|TAMS 0x00000000ff800000| PB 0x00000000ff800000| Complete 
|2041|0x00000000ff900000, 0x00000000ffa00000, 0x00000000ffa00000|100%| E|CS|TAMS 0x00000000ff900000| PB 0x00000000ff900000| Complete 
|2042|0x00000000ffa00000, 0x00000000ffb00000, 0x00000000ffb00000|100%| E|CS|TAMS 0x00000000ffa00000| PB 0x00000000ffa00000| Complete 
|2043|0x00000000ffb00000, 0x00000000ffc00000, 0x00000000ffc00000|100%| E|CS|TAMS 0x00000000ffb00000| PB 0x00000000ffb00000| Complete 
|2044|0x00000000ffc00000, 0x00000000ffd00000, 0x00000000ffd00000|100%| E|CS|TAMS 0x00000000ffc00000| PB 0x00000000ffc00000| Complete 
|2045|0x00000000ffd00000, 0x00000000ffe00000, 0x00000000ffe00000|100%| O|  |TAMS 0x00000000ffd00000| PB 0x00000000ffd00000| Untracked 
|2046|0x00000000ffe00000, 0x00000000fff00000, 0x00000000fff00000|100%| O|  |TAMS 0x00000000ffe00000| PB 0x00000000ffe00000| Untracked 
|2047|0x00000000fff00000, 0x0000000100000000, 0x0000000100000000|100%| O|  |TAMS 0x00000000fff00000| PB 0x00000000fff00000| Untracked 

Card table byte_map: [0x0000019b6c820000,0x0000019b6cc20000] _byte_map_base: 0x0000019b6c420000

Marking Bits: (CMBitMap*) 0x0000019b59feb4a0
 Bits: [0x0000019b6cc20000, 0x0000019b6ec20000)

Polling page: 0x0000019b57da0000

Metaspace:

Usage:
  Non-class:    234.30 MB used.
      Class:     32.98 MB used.
       Both:    267.29 MB used.

Virtual space:
  Non-class space:      256.00 MB reserved,     236.00 MB ( 92%) committed,  4 nodes.
      Class space:        1.00 GB reserved,      34.56 MB (  3%) committed,  1 nodes.
             Both:        1.25 GB reserved,     270.56 MB ( 21%) committed. 

Chunk freelists:
   Non-Class:  3.23 MB
       Class:  13.38 MB
        Both:  16.61 MB

MaxMetaspaceSize: unlimited
CompressedClassSpaceSize: 1.00 GB
Initial GC threshold: 21.00 MB
Current GC threshold: 436.81 MB
CDS: off
 - commit_granule_bytes: 65536.
 - commit_granule_words: 8192.
 - virtual_space_node_default_size: 8388608.
 - enlarge_chunks_in_place: 1.
 - use_allocation_guard: 0.


Internal statistics:

num_allocs_failed_limit: 6.
num_arena_births: 6390.
num_arena_deaths: 36.
num_vsnodes_births: 5.
num_vsnodes_deaths: 0.
num_space_committed: 4324.
num_space_uncommitted: 0.
num_chunks_returned_to_freelist: 74.
num_chunks_taken_from_freelist: 17677.
num_chunk_merges: 15.
num_chunk_splits: 12259.
num_chunks_enlarged: 8548.
num_inconsistent_stats: 0.

CodeHeap 'non-profiled nmethods': size=120000Kb used=18246Kb max_used=23930Kb free=101753Kb
 bounds [0x0000019b64bb0000, 0x0000019b66390000, 0x0000019b6c0e0000]
CodeHeap 'profiled nmethods': size=120000Kb used=42424Kb max_used=68696Kb free=77575Kb
 bounds [0x0000019b5d0e0000, 0x0000019b61400000, 0x0000019b64610000]
CodeHeap 'non-nmethods': size=5760Kb used=3429Kb max_used=3497Kb free=2330Kb
 bounds [0x0000019b64610000, 0x0000019b64990000, 0x0000019b64bb0000]
 total_blobs=23699 nmethods=22302 adapters=1297
 compilation: enabled
              stopped_count=0, restarted_count=0
 full_count=0

Compilation events (20 events):
Event: 2757.657 Thread 0x0000019b7184a0d0 62739 %     4       java.util.HashMap::keysToArray @ 32 (81 bytes)
Event: 2757.661 Thread 0x0000019b7184ab60 62740       3       com.android.build.gradle.internal.res.LinkApplicationAndroidResourcesTask_Decorated::$gradleFactory (13 bytes)
Event: 2757.661 Thread 0x0000019b7184ab60 nmethod 62740 0x0000019b5e934110 code [0x0000019b5e9342c0, 0x0000019b5e934460]
Event: 2757.664 Thread 0x0000019b7184ab60 62741       3       java.lang.Integer::toString (8 bytes)
Event: 2757.664 Thread 0x0000019b7184ab60 nmethod 62741 0x0000019b5e933d90 code [0x0000019b5e933f40, 0x0000019b5e934078]
Event: 2757.664 Thread 0x0000019b7184ab60 62742       3       org.gradle.api.internal.artifacts.resolver.DefaultResolutionOutputs$DefaultArtifactViewConfiguration_Decorated::lenient (12 bytes)
Event: 2757.664 Thread 0x0000019b7184ab60 nmethod 62742 0x0000019b5e933990 code [0x0000019b5e933b40, 0x0000019b5e933cb8]
Event: 2757.664 Thread 0x0000019b7184ab60 62743       3       org.gradle.api.internal.artifacts.resolver.DefaultResolutionOutputs$DefaultArtifactViewConfiguration::lenient (7 bytes)
Event: 2757.664 Thread 0x0000019b7184ab60 nmethod 62743 0x0000019b5e933610 code [0x0000019b5e9337a0, 0x0000019b5e9338b8]
Event: 2757.665 Thread 0x0000019b7184a0d0 nmethod 62739% 0x0000019b6605b310 code [0x0000019b6605b4c0, 0x0000019b6605bb28]
Event: 2757.665 Thread 0x0000019b7184ab60 62744       3       org.gradle.api.internal.file.AbstractFileResolver::<init> (65 bytes)
Event: 2757.669 Thread 0x0000019b7184a0d0 62746       4       org.gradle.internal.resource.ExternalResourceName::encode (311 bytes)
Event: 2757.670 Thread 0x0000019b7184ab60 nmethod 62744 0x0000019b5e153810 code [0x0000019b5e153b60, 0x0000019b5e154f98]
Event: 2757.670 Thread 0x0000019b7184ab60 62745       3       org.gradle.api.internal.artifacts.repositories.AbstractResolutionAwareArtifactRepository::getDescriptor (20 bytes)
Event: 2757.671 Thread 0x0000019b7184ab60 nmethod 62745 0x0000019b5e933110 code [0x0000019b5e9332c0, 0x0000019b5e933518]
Event: 2757.671 Thread 0x0000019b7184ab60 62747       1       org.gradle.api.internal.attributes.immutable.artifact.ImmutableArtifactTypeRegistry::hashCode (5 bytes)
Event: 2757.671 Thread 0x0000019b7184ab60 nmethod 62747 0x0000019b6605b010 code [0x0000019b6605b1a0, 0x0000019b6605b268]
Event: 2757.673 Thread 0x0000019b7184ab60 62748       3       kotlin.sequences.SequencesKt___SequencesKt::filter (26 bytes)
Event: 2757.674 Thread 0x0000019b7184ab60 nmethod 62748 0x0000019b5e151a10 code [0x0000019b5e151d80, 0x0000019b5e153118]
Event: 2757.678 Thread 0x0000019b7184ab60 62749       3       com.android.build.gradle.internal.services.BuildServicesKt::getBuildService (43 bytes)

GC Heap History (20 events):
Event: 1477.811 GC heap before
{Heap before GC invocations=223 (full 0):
 garbage-first heap   total 836608K, used 785785K [0x0000000080000000, 0x0000000100000000)
  region size 1024K, 416 young (425984K), 7 survivors (7168K)
 Metaspace       used 255687K, committed 258752K, reserved 1310720K
  class space    used 31808K, committed 33344K, reserved 1048576K
}
Event: 1477.820 GC heap after
{Heap after GC invocations=224 (full 0):
 garbage-first heap   total 836608K, used 368921K [0x0000000080000000, 0x0000000100000000)
  region size 1024K, 9 young (9216K), 9 survivors (9216K)
 Metaspace       used 255687K, committed 258752K, reserved 1310720K
  class space    used 31808K, committed 33344K, reserved 1048576K
}
Event: 1478.994 GC heap before
{Heap before GC invocations=224 (full 0):
 garbage-first heap   total 836608K, used 784665K [0x0000000080000000, 0x0000000100000000)
  region size 1024K, 414 young (423936K), 9 survivors (9216K)
 Metaspace       used 255711K, committed 258816K, reserved 1310720K
  class space    used 31808K, committed 33344K, reserved 1048576K
}
Event: 1479.007 GC heap after
{Heap after GC invocations=225 (full 0):
 garbage-first heap   total 836608K, used 358911K [0x0000000080000000, 0x0000000100000000)
  region size 1024K, 9 young (9216K), 9 survivors (9216K)
 Metaspace       used 255711K, committed 258816K, reserved 1310720K
  class space    used 31808K, committed 33344K, reserved 1048576K
}
Event: 1479.328 GC heap before
{Heap before GC invocations=225 (full 0):
 garbage-first heap   total 836608K, used 437759K [0x0000000080000000, 0x0000000100000000)
  region size 1024K, 87 young (89088K), 9 survivors (9216K)
 Metaspace       used 255719K, committed 258816K, reserved 1310720K
  class space    used 31808K, committed 33344K, reserved 1048576K
}
Event: 1479.337 GC heap after
{Heap after GC invocations=226 (full 0):
 garbage-first heap   total 836608K, used 361944K [0x0000000080000000, 0x0000000100000000)
  region size 1024K, 12 young (12288K), 12 survivors (12288K)
 Metaspace       used 255719K, committed 258816K, reserved 1310720K
  class space    used 31808K, committed 33344K, reserved 1048576K
}
Event: 1482.174 GC heap before
{Heap before GC invocations=227 (full 0):
 garbage-first heap   total 836608K, used 784856K [0x0000000080000000, 0x0000000100000000)
  region size 1024K, 420 young (430080K), 12 survivors (12288K)
 Metaspace       used 255745K, committed 258816K, reserved 1310720K
  class space    used 31810K, committed 33344K, reserved 1048576K
}
Event: 1482.186 GC heap after
{Heap after GC invocations=228 (full 0):
 garbage-first heap   total 836608K, used 359255K [0x0000000080000000, 0x0000000100000000)
  region size 1024K, 9 young (9216K), 9 survivors (9216K)
 Metaspace       used 255745K, committed 258816K, reserved 1310720K
  class space    used 31810K, committed 33344K, reserved 1048576K
}
Event: 1485.056 GC heap before
{Heap before GC invocations=228 (full 0):
 garbage-first heap   total 836608K, used 783191K [0x0000000080000000, 0x0000000100000000)
  region size 1024K, 423 young (433152K), 9 survivors (9216K)
 Metaspace       used 255753K, committed 258816K, reserved 1310720K
  class space    used 31810K, committed 33344K, reserved 1048576K
}
Event: 1485.079 GC heap after
{Heap after GC invocations=229 (full 0):
 garbage-first heap   total 836608K, used 349943K [0x0000000080000000, 0x0000000100000000)
  region size 1024K, 11 young (11264K), 11 survivors (11264K)
 Metaspace       used 255753K, committed 258816K, reserved 1310720K
  class space    used 31810K, committed 33344K, reserved 1048576K
}
Event: 1488.409 GC heap before
{Heap before GC invocations=229 (full 0):
 garbage-first heap   total 836608K, used 673527K [0x0000000080000000, 0x0000000100000000)
  region size 1024K, 329 young (336896K), 11 survivors (11264K)
 Metaspace       used 255832K, committed 259008K, reserved 1310720K
  class space    used 31817K, committed 33408K, reserved 1048576K
}
Event: 1488.427 GC heap after
{Heap after GC invocations=230 (full 0):
 garbage-first heap   total 836608K, used 357975K [0x0000000080000000, 0x0000000100000000)
  region size 1024K, 19 young (19456K), 19 survivors (19456K)
 Metaspace       used 255832K, committed 259008K, reserved 1310720K
  class space    used 31817K, committed 33408K, reserved 1048576K
}
Event: 1494.767 GC heap before
{Heap before GC invocations=231 (full 0):
 garbage-first heap   total 836608K, used 781911K [0x0000000080000000, 0x0000000100000000)
  region size 1024K, 424 young (434176K), 19 survivors (19456K)
 Metaspace       used 260642K, committed 263808K, reserved 1310720K
  class space    used 32223K, committed 33792K, reserved 1048576K
}
Event: 1494.786 GC heap after
{Heap after GC invocations=232 (full 0):
 garbage-first heap   total 836608K, used 351914K [0x0000000080000000, 0x0000000100000000)
  region size 1024K, 13 young (13312K), 13 survivors (13312K)
 Metaspace       used 260642K, committed 263808K, reserved 1310720K
  class space    used 32223K, committed 33792K, reserved 1048576K
}
Event: 1495.898 GC heap before
{Heap before GC invocations=232 (full 0):
 garbage-first heap   total 836608K, used 781994K [0x0000000080000000, 0x0000000100000000)
  region size 1024K, 430 young (440320K), 13 survivors (13312K)
 Metaspace       used 261221K, committed 264448K, reserved 1310720K
  class space    used 32240K, committed 33856K, reserved 1048576K
}
Event: 1495.920 GC heap after
{Heap after GC invocations=233 (full 0):
 garbage-first heap   total 836608K, used 342262K [0x0000000080000000, 0x0000000100000000)
  region size 1024K, 15 young (15360K), 15 survivors (15360K)
 Metaspace       used 261221K, committed 264448K, reserved 1310720K
  class space    used 32240K, committed 33856K, reserved 1048576K
}
Event: 1501.973 GC heap before
{Heap before GC invocations=233 (full 0):
 garbage-first heap   total 836608K, used 737526K [0x0000000080000000, 0x0000000100000000)
  region size 1024K, 403 young (412672K), 15 survivors (15360K)
 Metaspace       used 265119K, committed 268352K, reserved 1310720K
  class space    used 32810K, committed 34432K, reserved 1048576K
}
Event: 1502.033 GC heap after
{Heap after GC invocations=234 (full 0):
 garbage-first heap   total 836608K, used 340658K [0x0000000080000000, 0x0000000100000000)
  region size 1024K, 16 young (16384K), 16 survivors (16384K)
 Metaspace       used 265119K, committed 268352K, reserved 1310720K
  class space    used 32810K, committed 34432K, reserved 1048576K
}
Event: 2753.858 GC heap before
{Heap before GC invocations=235 (full 0):
 garbage-first heap   total 836608K, used 801458K [0x0000000080000000, 0x0000000100000000)
  region size 1024K, 441 young (451584K), 16 survivors (16384K)
 Metaspace       used 270376K, committed 273664K, reserved 1310720K
  class space    used 33428K, committed 35072K, reserved 1048576K
}
Event: 2754.576 GC heap after
{Heap after GC invocations=236 (full 0):
 garbage-first heap   total 836608K, used 347894K [0x0000000080000000, 0x0000000100000000)
  region size 1024K, 24 young (24576K), 24 survivors (24576K)
 Metaspace       used 270376K, committed 273664K, reserved 1310720K
  class space    used 33428K, committed 35072K, reserved 1048576K
}

Dll operation events (3 events):
Event: 0.015 Loaded shared library C:\Program Files\Android\Android Studio\jbr\bin\java.dll
Event: 0.021 Loaded shared library C:\Program Files\Android\Android Studio\jbr\bin\zip.dll
Event: 0.520 Loaded shared library C:\Program Files\Android\Android Studio\jbr\bin\verify.dll

Deoptimization events (20 events):
Event: 2756.787 Thread 0x0000019b0f524a90 Uncommon trap: trap_request=0xffffffd6 fr.pc=0x0000019b64edd21c relative=0x0000000000001a1c
Event: 2756.787 Thread 0x0000019b0f524a90 Uncommon trap: reason=array_check action=maybe_recompile pc=0x0000019b64edd21c method=org.gradle.internal.service.DefaultServiceRegistry$FactoryService.bind()V @ 281 c2
Event: 2756.787 Thread 0x0000019b0f524a90 DEOPT PACKING pc=0x0000019b64edd21c sp=0x00000018100f9460
Event: 2756.787 Thread 0x0000019b0f524a90 DEOPT UNPACKING pc=0x0000019b646646a2 sp=0x00000018100f9430 mode 2
Event: 2756.789 Thread 0x0000019b0f524a90 Uncommon trap: trap_request=0xffffffd6 fr.pc=0x0000019b64edd21c relative=0x0000000000001a1c
Event: 2756.789 Thread 0x0000019b0f524a90 Uncommon trap: reason=array_check action=maybe_recompile pc=0x0000019b64edd21c method=org.gradle.internal.service.DefaultServiceRegistry$FactoryService.bind()V @ 281 c2
Event: 2756.789 Thread 0x0000019b0f524a90 DEOPT PACKING pc=0x0000019b64edd21c sp=0x00000018100f94e0
Event: 2756.789 Thread 0x0000019b0f524a90 DEOPT UNPACKING pc=0x0000019b646646a2 sp=0x00000018100f94b0 mode 2
Event: 2756.810 Thread 0x0000019b0f524a90 Uncommon trap: trap_request=0xffffffd6 fr.pc=0x0000019b64edd21c relative=0x0000000000001a1c
Event: 2756.810 Thread 0x0000019b0f524a90 Uncommon trap: reason=array_check action=maybe_recompile pc=0x0000019b64edd21c method=org.gradle.internal.service.DefaultServiceRegistry$FactoryService.bind()V @ 281 c2
Event: 2756.810 Thread 0x0000019b0f524a90 DEOPT PACKING pc=0x0000019b64edd21c sp=0x00000018100f94e0
Event: 2756.810 Thread 0x0000019b0f524a90 DEOPT UNPACKING pc=0x0000019b646646a2 sp=0x00000018100f94b0 mode 2
Event: 2756.819 Thread 0x0000019b0f524a90 Uncommon trap: trap_request=0xffffffd6 fr.pc=0x0000019b64edd21c relative=0x0000000000001a1c
Event: 2756.819 Thread 0x0000019b0f524a90 Uncommon trap: reason=array_check action=maybe_recompile pc=0x0000019b64edd21c method=org.gradle.internal.service.DefaultServiceRegistry$FactoryService.bind()V @ 281 c2
Event: 2756.819 Thread 0x0000019b0f524a90 DEOPT PACKING pc=0x0000019b64edd21c sp=0x00000018100f99b0
Event: 2756.819 Thread 0x0000019b0f524a90 DEOPT UNPACKING pc=0x0000019b646646a2 sp=0x00000018100f9980 mode 2
Event: 2757.543 Thread 0x0000019b0f524a90 Uncommon trap: trap_request=0xffffffde fr.pc=0x0000019b65cc8c18 relative=0x0000000000000498
Event: 2757.543 Thread 0x0000019b0f524a90 Uncommon trap: reason=class_check action=maybe_recompile pc=0x0000019b65cc8c18 method=java.util.Comparator.lambda$comparing$ea9a8b3a$1(Ljava/util/Comparator;Ljava/util/function/Function;Ljava/lang/Object;Ljava/lang/Object;)I @ 3 c2
Event: 2757.543 Thread 0x0000019b0f524a90 DEOPT PACKING pc=0x0000019b65cc8c18 sp=0x00000018100f8770
Event: 2757.543 Thread 0x0000019b0f524a90 DEOPT UNPACKING pc=0x0000019b646646a2 sp=0x00000018100f8690 mode 2

Classes loaded (20 events):
Event: 1501.546 Loading class java/util/concurrent/ForkJoinTask$AdaptedInterruptibleCallable
Event: 1501.546 Loading class java/util/concurrent/ForkJoinTask$InterruptibleTask
Event: 1501.546 Loading class java/util/concurrent/ForkJoinTask$InterruptibleTask done
Event: 1501.546 Loading class java/util/concurrent/ForkJoinTask$AdaptedInterruptibleCallable done
Event: 1501.549 Loading class java/util/concurrent/ForkJoinPool$DefaultForkJoinWorkerThreadFactory$1
Event: 1501.549 Loading class java/util/concurrent/ForkJoinPool$DefaultForkJoinWorkerThreadFactory$1 done
Event: 1502.724 Loading class java/util/concurrent/CountedCompleter
Event: 1502.725 Loading class java/util/concurrent/CountedCompleter done
Event: 1504.746 Loading class java/nio/BufferOverflowException
Event: 1504.746 Loading class java/nio/BufferOverflowException done
Event: 1504.750 Loading class java/security/DigestException
Event: 1504.750 Loading class java/security/DigestException done
Event: 1504.772 Loading class java/util/concurrent/ForkJoinTask$AdaptedInterruptibleRunnable
Event: 1504.772 Loading class java/util/concurrent/ForkJoinTask$AdaptedInterruptibleRunnable done
Event: 1504.963 Loading class java/nio/BufferUnderflowException
Event: 1504.963 Loading class java/nio/BufferUnderflowException done
Event: 1504.969 Loading class sun/security/rsa/RSACore$BlindingParameters
Event: 1504.969 Loading class sun/security/rsa/RSACore$BlindingParameters done
Event: 1504.972 Loading class sun/security/rsa/RSACore$BlindingRandomPair
Event: 1504.972 Loading class sun/security/rsa/RSACore$BlindingRandomPair done

Classes unloaded (20 events):
Event: 1453.686 Thread 0x0000019b57c996c0 Unloading class 0x0000000101d72000 'Properties'
Event: 1453.686 Thread 0x0000019b57c996c0 Unloading class 0x0000000101d70400 '_BuildScript_$_run_closure1$_closure2'
Event: 1453.686 Thread 0x0000019b57c996c0 Unloading class 0x0000000101d70000 '_BuildScript_$_run_closure1'
Event: 1453.686 Thread 0x0000019b57c996c0 Unloading class 0x0000000101d6e800 '_BuildScript_'
Event: 1453.686 Thread 0x0000019b57c996c0 Unloading class 0x0000000101d6c000 '_BuildScript_$_run_closure1$_closure2$_closure4'
Event: 1453.686 Thread 0x0000019b57c996c0 Unloading class 0x0000000101d68c00 '_BuildScript_$_run_closure1$_closure2$_closure3'
Event: 1453.686 Thread 0x0000019b57c996c0 Unloading class 0x0000000101d6b948 '_BuildScript_$_run_closure1$_closure2'
Event: 1453.687 Thread 0x0000019b57c996c0 Unloading class 0x0000000101d6b548 '_BuildScript_$_run_closure1'
Event: 1453.687 Thread 0x0000019b57c996c0 Unloading class 0x0000000101d6b000 '_BuildScript_'
Event: 1453.687 Thread 0x0000019b57c996c0 Unloading class 0x0000000101d69948 '_BuildScript_$_run_closure1$_closure2'
Event: 1453.687 Thread 0x0000019b57c996c0 Unloading class 0x0000000101d69548 '_BuildScript_$_run_closure1'
Event: 1453.687 Thread 0x0000019b57c996c0 Unloading class 0x0000000101d69000 '_BuildScript_'
Event: 1457.493 Thread 0x0000019b57c996c0 Unloading class 0x0000000101fd4800 'java/lang/invoke/LambdaForm$DMH+0x0000000101fd4800'
Event: 1457.493 Thread 0x0000019b57c996c0 Unloading class 0x0000000101fd4400 'java/lang/invoke/LambdaForm$DMH+0x0000000101fd4400'
Event: 1457.493 Thread 0x0000019b57c996c0 Unloading class 0x0000000101fc8000 'java/lang/invoke/LambdaForm$DMH+0x0000000101fc8000'
Event: 1457.493 Thread 0x0000019b57c996c0 Unloading class 0x0000000101f98400 'java/lang/invoke/LambdaForm$DMH+0x0000000101f98400'
Event: 1457.493 Thread 0x0000019b57c996c0 Unloading class 0x0000000101ec1000 'java/lang/invoke/LambdaForm$DMH+0x0000000101ec1000'
Event: 1457.493 Thread 0x0000019b57c996c0 Unloading class 0x0000000101ec0c00 'java/lang/invoke/LambdaForm$DMH+0x0000000101ec0c00'
Event: 1457.493 Thread 0x0000019b57c996c0 Unloading class 0x0000000101ec0400 'java/lang/invoke/LambdaForm$DMH+0x0000000101ec0400'
Event: 1457.493 Thread 0x0000019b57c996c0 Unloading class 0x0000000101ec0800 'java/lang/invoke/LambdaForm$DMH+0x0000000101ec0800'

Classes redefined (0 events):
No events

Internal exceptions (20 events):
Event: 2746.898 Thread 0x0000019b0f524a90 Exception <a 'java/lang/ClassNotFoundException'{0x000000009d83a768}: ijInit2_cq2hli442ptzktqtsihe49wmvCustomizer> (0x000000009d83a768) 
thrown [s\src\hotspot\share\classfile\systemDictionary.cpp, line 312]
Event: 2746.946 Thread 0x0000019b0f524a90 Exception <a 'java/lang/ClassNotFoundException'{0x000000009d878680}: JetGradlePluginBeanInfo> (0x000000009d878680) 
thrown [s\src\hotspot\share\classfile\systemDictionary.cpp, line 312]
Event: 2746.948 Thread 0x0000019b0f524a90 Exception <a 'java/lang/ClassNotFoundException'{0x000000009d8826a8}: JetGradlePluginCustomizer> (0x000000009d8826a8) 
thrown [s\src\hotspot\share\classfile\systemDictionary.cpp, line 312]
Event: 2747.050 Thread 0x0000019b0f524a90 Exception <a 'java/lang/ClassNotFoundException'{0x000000009d8b9f30}: com/intellij/gradle/toolingExtension/impl/model/utilDummyModel/DummyModelBeanInfo> (0x000000009d8b9f30) 
thrown [s\src\hotspot\share\classfile\systemDictionary.cpp, line 312]
Event: 2747.050 Thread 0x0000019b0f524a90 Exception <a 'java/lang/ClassNotFoundException'{0x000000009d8c2ba8}: com/intellij/gradle/toolingExtension/impl/model/utilDummyModel/DummyModelCustomizer> (0x000000009d8c2ba8) 
thrown [s\src\hotspot\share\classfile\systemDictionary.cpp, line 312]
Event: 2747.137 Thread 0x0000019b0f524a90 Exception <a 'java/lang/ClassNotFoundException'{0x000000009d710a60}: com/intellij/gradle/toolingExtension/impl/modelBuilder/ExtraModelBuilderBeanInfo> (0x000000009d710a60) 
thrown [s\src\hotspot\share\classfile\systemDictionary.cpp, line 312]
Event: 2747.139 Thread 0x0000019b0f524a90 Exception <a 'java/lang/ClassNotFoundException'{0x000000009d7196c0}: com/intellij/gradle/toolingExtension/impl/modelBuilder/ExtraModelBuilderCustomizer> (0x000000009d7196c0) 
thrown [s\src\hotspot\share\classfile\systemDictionary.cpp, line 312]
Event: 2747.969 Thread 0x0000019b0f524a90 Exception <a 'sun/nio/fs/WindowsException'{0x000000009d336c58}> (0x000000009d336c58) 
thrown [s\src\hotspot\share\prims\jni.cpp, line 535]
Event: 2747.971 Thread 0x0000019b0f524a90 Exception <a 'sun/nio/fs/WindowsException'{0x000000009d3383c0}> (0x000000009d3383c0) 
thrown [s\src\hotspot\share\prims\jni.cpp, line 535]
Event: 2747.971 Thread 0x0000019b0f524a90 Exception <a 'sun/nio/fs/WindowsException'{0x000000009d339b18}> (0x000000009d339b18) 
thrown [s\src\hotspot\share\prims\jni.cpp, line 535]
Event: 2747.972 Thread 0x0000019b0f524a90 Exception <a 'sun/nio/fs/WindowsException'{0x000000009d33ae78}> (0x000000009d33ae78) 
thrown [s\src\hotspot\share\prims\jni.cpp, line 535]
Event: 2752.197 Thread 0x0000019b0f524a90 Exception <a 'sun/nio/fs/WindowsException'{0x00000000929a7450}> (0x00000000929a7450) 
thrown [s\src\hotspot\share\prims\jni.cpp, line 535]
Event: 2755.888 Thread 0x0000019b07bfff30 Exception <a 'java/lang/NoSuchMethodError'{0x00000000fea12d40}: static Lorg/jetbrains/plugins/gradle/tooling/serialization/internal/adapter/kotlin/dsl/InternalKotlinDslScriptsModel;.<clinit>()V> (0x00000000fea12d40) 
thrown [s\src\hotspot\share\prims\jni.cpp, line 1139]
Event: 2755.899 Thread 0x0000019b07bfff30 Exception <a 'java/lang/NoSuchMethodError'{0x00000000fea1d590}: static Lorg/jetbrains/plugins/gradle/tooling/serialization/internal/adapter/kotlin/dsl/InternalKotlinDslScriptModel;.<clinit>()V> (0x00000000fea1d590) 
thrown [s\src\hotspot\share\prims\jni.cpp, line 1139]
Event: 2756.079 Thread 0x0000019b0f524a90 Implicit null exception at 0x0000019b64ed7d6c to 0x0000019b64ed7e30
Event: 2756.088 Thread 0x0000019b07bfff30 Exception <a 'java/lang/NoSuchMethodError'{0x00000000fe98d788}: static Lcom/intellij/gradle/toolingExtension/impl/javaModel/manifestModel/DefaultJavaGradleManifestModel;.<clinit>()V> (0x00000000fe98d788) 
thrown [s\src\hotspot\share\prims\jni.cpp, line 1139]
Event: 2757.413 Thread 0x0000019b0f524a90 Exception <a 'sun/nio/fs/WindowsException'{0x00000000fdfa1b68}> (0x00000000fdfa1b68) 
thrown [s\src\hotspot\share\prims\jni.cpp, line 535]
Event: 2757.413 Thread 0x0000019b0f524a90 Exception <a 'sun/nio/fs/WindowsException'{0x00000000fdfa3118}> (0x00000000fdfa3118) 
thrown [s\src\hotspot\share\prims\jni.cpp, line 535]
Event: 2757.413 Thread 0x0000019b0f524a90 Exception <a 'sun/nio/fs/WindowsException'{0x00000000fdfa4718}> (0x00000000fdfa4718) 
thrown [s\src\hotspot\share\prims\jni.cpp, line 535]
Event: 2757.413 Thread 0x0000019b0f524a90 Exception <a 'sun/nio/fs/WindowsException'{0x00000000fdfa5d18}> (0x00000000fdfa5d18) 
thrown [s\src\hotspot\share\prims\jni.cpp, line 535]

ZGC Phase Switch (0 events):
No events

VM Operations (20 events):
Event: 2746.673 Executing VM operation: ICBufferFull
Event: 2746.673 Executing VM operation: ICBufferFull done
Event: 2747.675 Executing VM operation: Cleanup
Event: 2747.675 Executing VM operation: Cleanup done
Event: 2749.687 Executing VM operation: Cleanup
Event: 2749.688 Executing VM operation: Cleanup done
Event: 2750.691 Executing VM operation: Cleanup
Event: 2750.691 Executing VM operation: Cleanup done
Event: 2751.705 Executing VM operation: Cleanup
Event: 2751.706 Executing VM operation: Cleanup done
Event: 2752.720 Executing VM operation: Cleanup
Event: 2752.720 Executing VM operation: Cleanup done
Event: 2753.731 Executing VM operation: Cleanup
Event: 2753.746 Executing VM operation: Cleanup done
Event: 2753.833 Executing VM operation: G1CollectForAllocation (G1 Evacuation Pause)
Event: 2754.577 Executing VM operation: G1CollectForAllocation (G1 Evacuation Pause) done
Event: 2755.589 Executing VM operation: Cleanup
Event: 2755.590 Executing VM operation: Cleanup done
Event: 2756.605 Executing VM operation: Cleanup
Event: 2756.606 Executing VM operation: Cleanup done

Memory protections (0 events):
No events

Nmethod flushes (20 events):
Event: 1502.844 Thread 0x0000019b57c996c0 flushing  nmethod 0x0000019b60af0d10
Event: 1502.844 Thread 0x0000019b57c996c0 flushing  nmethod 0x0000019b60af1810
Event: 1502.844 Thread 0x0000019b57c996c0 flushing  nmethod 0x0000019b60af3890
Event: 1502.844 Thread 0x0000019b57c996c0 flushing  nmethod 0x0000019b60af4410
Event: 1502.844 Thread 0x0000019b57c996c0 flushing  nmethod 0x0000019b60af4b90
Event: 1502.844 Thread 0x0000019b57c996c0 flushing  nmethod 0x0000019b60b4c210
Event: 1502.844 Thread 0x0000019b57c996c0 flushing  nmethod 0x0000019b60b4c590
Event: 1502.844 Thread 0x0000019b57c996c0 flushing  nmethod 0x0000019b60b4e110
Event: 1502.844 Thread 0x0000019b57c996c0 flushing  nmethod 0x0000019b60b4ef90
Event: 1502.844 Thread 0x0000019b57c996c0 flushing  nmethod 0x0000019b60b4fd90
Event: 1502.844 Thread 0x0000019b57c996c0 flushing  nmethod 0x0000019b60b70310
Event: 1502.844 Thread 0x0000019b57c996c0 flushing  nmethod 0x0000019b60b71790
Event: 1502.844 Thread 0x0000019b57c996c0 flushing  nmethod 0x0000019b60b72990
Event: 1502.844 Thread 0x0000019b57c996c0 flushing  nmethod 0x0000019b60b78390
Event: 1502.844 Thread 0x0000019b57c996c0 flushing  nmethod 0x0000019b60bf6710
Event: 1502.844 Thread 0x0000019b57c996c0 flushing  nmethod 0x0000019b60c54610
Event: 1502.844 Thread 0x0000019b57c996c0 flushing  nmethod 0x0000019b60c55c10
Event: 1502.844 Thread 0x0000019b57c996c0 flushing  nmethod 0x0000019b60c86310
Event: 1502.844 Thread 0x0000019b57c996c0 flushing  nmethod 0x0000019b60cb8010
Event: 1502.844 Thread 0x0000019b57c996c0 flushing  nmethod 0x0000019b60cc8f10

Events (20 events):
Event: 2750.233 Thread 0x0000019b0f524a90 Thread added: 0x0000019b0dbc11a0
Event: 2750.233 Thread 0x0000019b0f524a90 Thread added: 0x0000019b7f585960
Event: 2750.234 Thread 0x0000019b0f524a90 Thread added: 0x0000019b7f585ff0
Event: 2750.235 Thread 0x0000019b0f524a90 Thread added: 0x0000019b7f586680
Event: 2750.237 Thread 0x0000019b0f524a90 Thread added: 0x0000019b7f583f20
Event: 2751.220 Thread 0x0000019b0f524a90 Thread added: 0x0000019b7f586d10
Event: 2752.200 Thread 0x0000019b0f524a90 Thread added: 0x0000019b7f583890
Event: 2753.017 Thread 0x0000019b0f524a90 Thread added: 0x0000019b7f5845b0
Event: 2753.090 Thread 0x0000019b7f5845b0 Thread exited: 0x0000019b7f5845b0
Event: 2753.179 Thread 0x0000019b0f524a90 Thread added: 0x0000019b7f5845b0
Event: 2753.185 Thread 0x0000019b7f5845b0 Thread added: 0x0000019b798d0b50
Event: 2753.185 Thread 0x0000019b7f5845b0 Thread added: 0x0000019b0dbc2be0
Event: 2753.185 Thread 0x0000019b7f5845b0 Thread added: 0x0000019b0dbc1ec0
Event: 2753.186 Thread 0x0000019b7f5845b0 Thread added: 0x0000019b0dbc2550
Event: 2753.188 Thread 0x0000019b7f5845b0 Thread added: 0x0000019b0dbc4cb0
Event: 2753.188 Thread 0x0000019b7f5845b0 Thread added: 0x0000019b0dbc3900
Event: 2753.190 Thread 0x0000019b7f5845b0 Thread added: 0x0000019b0dbc6060
Event: 2753.207 Thread 0x0000019b798d0b50 Thread added: 0x0000019b0dbc3f90
Event: 2753.390 Thread 0x0000019b0f524a90 Thread added: 0x0000019b07bfff30
Event: 2755.288 Thread 0x0000019b0f524a90 Thread added: 0x0000019b7f584c40


Dynamic libraries:
0x00007ff752510000 - 0x00007ff75251a000 	C:\Program Files\Android\Android Studio\jbr\bin\java.exe
0x00007ff9cf170000 - 0x00007ff9cf368000 	C:\Windows\SYSTEM32\ntdll.dll
0x00007ff9cf060000 - 0x00007ff9cf122000 	C:\Windows\System32\KERNEL32.DLL
0x00007ff9cca50000 - 0x00007ff9ccd47000 	C:\Windows\System32\KERNELBASE.dll
0x00007ff9c78a0000 - 0x00007ff9c7934000 	C:\Windows\SYSTEM32\apphelp.dll
0x00007ff9cc8a0000 - 0x00007ff9cc9a0000 	C:\Windows\System32\ucrtbase.dll
0x00007ff9b61c0000 - 0x00007ff9b61db000 	C:\Program Files\Android\Android Studio\jbr\bin\VCRUNTIME140.dll
0x00007ff9b9320000 - 0x00007ff9b9338000 	C:\Program Files\Android\Android Studio\jbr\bin\jli.dll
0x00007ff9ce4e0000 - 0x00007ff9ce681000 	C:\Windows\System32\USER32.dll
0x00007ff9cca20000 - 0x00007ff9cca42000 	C:\Windows\System32\win32u.dll
0x00007ff9b2bb0000 - 0x00007ff9b2e4b000 	C:\Windows\WinSxS\amd64_microsoft.windows.common-controls_6595b64144ccf1df_6.0.19041.6456_none_60b8a6cb71f64256\COMCTL32.dll
0x00007ff9cdf20000 - 0x00007ff9cdf4b000 	C:\Windows\System32\GDI32.dll
0x00007ff9cdc30000 - 0x00007ff9cdcce000 	C:\Windows\System32\msvcrt.dll
0x00007ff9cced0000 - 0x00007ff9ccfe9000 	C:\Windows\System32\gdi32full.dll
0x00007ff9ccda0000 - 0x00007ff9cce3d000 	C:\Windows\System32\msvcp_win.dll
0x00007ff9cddb0000 - 0x00007ff9cdddf000 	C:\Windows\System32\IMM32.DLL
0x00007ff9b7d80000 - 0x00007ff9b7d8c000 	C:\Program Files\Android\Android Studio\jbr\bin\vcruntime140_1.dll
0x00007ff9b9290000 - 0x00007ff9b931d000 	C:\Program Files\Android\Android Studio\jbr\bin\msvcp140.dll
0x00007ff964d00000 - 0x00007ff96598b000 	C:\Program Files\Android\Android Studio\jbr\bin\server\jvm.dll
0x00007ff9ce1f0000 - 0x00007ff9ce2a1000 	C:\Windows\System32\ADVAPI32.dll
0x00007ff9cd830000 - 0x00007ff9cd8cf000 	C:\Windows\System32\sechost.dll
0x00007ff9cdfb0000 - 0x00007ff9ce0d0000 	C:\Windows\System32\RPCRT4.dll
0x00007ff9cd150000 - 0x00007ff9cd177000 	C:\Windows\System32\bcrypt.dll
0x00007ff9ce2c0000 - 0x00007ff9ce32b000 	C:\Windows\System32\WS2_32.dll
0x00007ff9cc5a0000 - 0x00007ff9cc5eb000 	C:\Windows\SYSTEM32\POWRPROF.dll
0x00007ff9b2830000 - 0x00007ff9b2857000 	C:\Windows\SYSTEM32\WINMM.dll
0x00007ff9c7d10000 - 0x00007ff9c7d1a000 	C:\Windows\SYSTEM32\VERSION.dll
0x00007ff9cc580000 - 0x00007ff9cc592000 	C:\Windows\SYSTEM32\UMPDC.dll
0x00007ff9ca4a0000 - 0x00007ff9ca4b2000 	C:\Windows\SYSTEM32\kernel.appcore.dll
0x00007ff9b61b0000 - 0x00007ff9b61ba000 	C:\Program Files\Android\Android Studio\jbr\bin\jimage.dll
0x00007ff9afe30000 - 0x00007ff9b0031000 	C:\Windows\SYSTEM32\DBGHELP.DLL
0x00007ff9a2fa0000 - 0x00007ff9a2fd4000 	C:\Windows\SYSTEM32\dbgcore.DLL
0x00007ff9cce40000 - 0x00007ff9ccec2000 	C:\Windows\System32\bcryptPrimitives.dll
0x00007ff9b9280000 - 0x00007ff9b928e000 	C:\Program Files\Android\Android Studio\jbr\bin\instrument.dll
0x00007ff99e9d0000 - 0x00007ff99e9f0000 	C:\Program Files\Android\Android Studio\jbr\bin\java.dll
0x00007ff99e5d0000 - 0x00007ff99e5e8000 	C:\Program Files\Android\Android Studio\jbr\bin\zip.dll
0x00007ff9ce690000 - 0x00007ff9cee01000 	C:\Windows\System32\SHELL32.dll
0x00007ff9ca6a0000 - 0x00007ff9cae46000 	C:\Windows\SYSTEM32\windows.storage.dll
0x00007ff9cd8d0000 - 0x00007ff9cdc23000 	C:\Windows\System32\combase.dll
0x00007ff9cc140000 - 0x00007ff9cc16b000 	C:\Windows\SYSTEM32\Wldp.dll
0x00007ff9cd760000 - 0x00007ff9cd82d000 	C:\Windows\System32\OLEAUT32.dll
0x00007ff9cef50000 - 0x00007ff9ceffd000 	C:\Windows\System32\SHCORE.dll
0x00007ff9cf000000 - 0x00007ff9cf05b000 	C:\Windows\System32\shlwapi.dll
0x00007ff9cc720000 - 0x00007ff9cc744000 	C:\Windows\SYSTEM32\profapi.dll
0x00007ff9b61a0000 - 0x00007ff9b61b0000 	C:\Program Files\Android\Android Studio\jbr\bin\net.dll
0x00007ff9c7940000 - 0x00007ff9c7a4a000 	C:\Windows\SYSTEM32\WINHTTP.dll
0x00007ff9cbea0000 - 0x00007ff9cbf0a000 	C:\Windows\system32\mswsock.dll
0x00007ff999370000 - 0x00007ff999386000 	C:\Program Files\Android\Android Studio\jbr\bin\nio.dll
0x00007ff9a3010000 - 0x00007ff9a3020000 	C:\Program Files\Android\Android Studio\jbr\bin\verify.dll
0x00007ff9b9340000 - 0x00007ff9b9367000 	C:\Users\gaginik\.gradle\native\1def1411415f61bf3af743bc5b6707747c0891f09f0c88961ee8f79bc544acac\windows-amd64\native-platform.dll
0x00007ff9b9200000 - 0x00007ff9b9278000 	C:\Users\gaginik\.gradle\native\0.2.7\x86_64-windows-gnu\gradle-fileevents.dll
0x00007ff9aa370000 - 0x00007ff9aa379000 	C:\Program Files\Android\Android Studio\jbr\bin\management.dll
0x00007ff9a4a20000 - 0x00007ff9a4a2b000 	C:\Program Files\Android\Android Studio\jbr\bin\management_ext.dll
0x00007ff9cde60000 - 0x00007ff9cde68000 	C:\Windows\System32\PSAPI.DLL
0x00007ff9cbb80000 - 0x00007ff9cbbbb000 	C:\Windows\SYSTEM32\IPHLPAPI.DLL
0x00007ff9cef40000 - 0x00007ff9cef48000 	C:\Windows\System32\NSI.dll
0x00007ff9b0040000 - 0x00007ff9b0049000 	C:\Program Files\Android\Android Studio\jbr\bin\extnet.dll
0x00007ff9cc090000 - 0x00007ff9cc0a8000 	C:\Windows\SYSTEM32\CRYPTSP.dll
0x00007ff9cb7c0000 - 0x00007ff9cb7f8000 	C:\Windows\system32\rsaenh.dll
0x00007ff9cc6e0000 - 0x00007ff9cc70e000 	C:\Windows\SYSTEM32\USERENV.dll
0x00007ff9cc0b0000 - 0x00007ff9cc0bc000 	C:\Windows\SYSTEM32\CRYPTBASE.dll
0x00007ff9b16b0000 - 0x00007ff9b16b7000 	C:\Windows\system32\wshunix.dll
0x00007ff9cba10000 - 0x00007ff9cba43000 	C:\Windows\SYSTEM32\ntmarta.dll
0x00007ff9cbbc0000 - 0x00007ff9cbc8a000 	C:\Windows\SYSTEM32\DNSAPI.dll
0x00007ff9c53d0000 - 0x00007ff9c53da000 	C:\Windows\System32\rasadhlp.dll
0x00007ff9c8fb0000 - 0x00007ff9c9030000 	C:\Windows\System32\fwpuclnt.dll
0x00007ff9ae430000 - 0x00007ff9ae447000 	C:\Windows\system32\napinsp.dll
0x00007ff9ae3c0000 - 0x00007ff9ae3db000 	C:\Windows\system32\pnrpnsp.dll
0x00007ff9ab850000 - 0x00007ff9ab86d000 	C:\Windows\system32\wshbth.dll
0x00007ff9c7d40000 - 0x00007ff9c7d5d000 	C:\Windows\system32\NLAapi.dll
0x00007ff9ae050000 - 0x00007ff9ae062000 	C:\Windows\System32\winrnr.dll

dbghelp: loaded successfully - version: 4.0.5 - missing functions: none
symbol engine: initialized successfully - sym options: 0x614 - pdb path: .;C:\Program Files\Android\Android Studio\jbr\bin;C:\Windows\SYSTEM32;C:\Windows\WinSxS\amd64_microsoft.windows.common-controls_6595b64144ccf1df_6.0.19041.6456_none_60b8a6cb71f64256;C:\Program Files\Android\Android Studio\jbr\bin\server;C:\Users\gaginik\.gradle\native\1def1411415f61bf3af743bc5b6707747c0891f09f0c88961ee8f79bc544acac\windows-amd64;C:\Users\gaginik\.gradle\native\0.2.7\x86_64-windows-gnu

VM Arguments:
jvm_args: --add-opens=java.base/java.lang=ALL-UNNAMED --add-opens=java.base/java.lang.invoke=ALL-UNNAMED --add-opens=java.base/java.util=ALL-UNNAMED --add-opens=java.prefs/java.util.prefs=ALL-UNNAMED --add-exports=jdk.compiler/com.sun.tools.javac.api=ALL-UNNAMED --add-exports=jdk.compiler/com.sun.tools.javac.util=ALL-UNNAMED --add-opens=java.base/java.util=ALL-UNNAMED --add-opens=java.prefs/java.util.prefs=ALL-UNNAMED --add-opens=java.base/java.nio.charset=ALL-UNNAMED --add-opens=java.base/java.net=ALL-UNNAMED --add-opens=java.base/java.util.concurrent.atomic=ALL-UNNAMED --add-opens=java.xml/javax.xml.namespace=ALL-UNNAMED -Xmx2048m -Dfile.encoding=UTF-8 -Duser.country=RU -Duser.language=ru -Duser.variant -javaagent:C:\Users\gaginik\.gradle\wrapper\dists\gradle-8.13-bin\5xuhj0ry160q40clulazy9h7d\gradle-8.13\lib\agents\gradle-instrumentation-agent-8.13.jar 
java_command: org.gradle.launcher.daemon.bootstrap.GradleDaemon 8.13
java_class_path (initial): C:\Users\gaginik\.gradle\wrapper\dists\gradle-8.13-bin\5xuhj0ry160q40clulazy9h7d\gradle-8.13\lib\gradle-daemon-main-8.13.jar
Launcher Type: SUN_STANDARD

[Global flags]
     intx CICompilerCount                          = 4                                         {product} {ergonomic}
     uint ConcGCThreads                            = 2                                         {product} {ergonomic}
     uint G1ConcRefinementThreads                  = 8                                         {product} {ergonomic}
   size_t G1HeapRegionSize                         = 1048576                                   {product} {ergonomic}
    uintx GCDrainStackTargetSize                   = 64                                        {product} {ergonomic}
   size_t InitialHeapSize                          = 130023424                                 {product} {ergonomic}
   size_t MarkStackSize                            = 4194304                                   {product} {ergonomic}
   size_t MaxHeapSize                              = 2147483648                                {product} {command line}
   size_t MaxNewSize                               = 1287651328                                {product} {ergonomic}
   size_t MinHeapDeltaBytes                        = 1048576                                   {product} {ergonomic}
   size_t MinHeapSize                              = 8388608                                   {product} {ergonomic}
    uintx NonNMethodCodeHeapSize                   = 5839372                                {pd product} {ergonomic}
    uintx NonProfiledCodeHeapSize                  = 122909434                              {pd product} {ergonomic}
    uintx ProfiledCodeHeapSize                     = 122909434                              {pd product} {ergonomic}
    uintx ReservedCodeCacheSize                    = 251658240                              {pd product} {ergonomic}
     bool SegmentedCodeCache                       = true                                      {product} {ergonomic}
   size_t SoftMaxHeapSize                          = 2147483648                             {manageable} {ergonomic}
     bool UseCompressedOops                        = true                           {product lp64_product} {ergonomic}
     bool UseG1GC                                  = true                                      {product} {ergonomic}
     bool UseLargePagesIndividualAllocation        = false                                  {pd product} {ergonomic}

Logging:
Log output configuration:
 #0: stdout all=warning uptime,level,tags foldmultilines=false
 #1: stderr all=off uptime,level,tags foldmultilines=false

Environment Variables:
PATH=C:\Program Files\Python313\Scripts\;C:\Program Files\Python313\;C:\Program Files (x86)\Common Files\Oracle\Java\java8path;C:\Program Files (x86)\Common Files\Oracle\Java\javapath;C:\Program Files\Microsoft\jdk-11.0.16.101-hotspot\bin;C:\Windows\system32;C:\Windows;C:\Windows\System32\Wbem;C:\Windows\System32\WindowsPowerShell\v1.0\;C:\Windows\System32\OpenSSH\;C:\Program Files\Microsoft SQL Server\110\Tools\Binn\;C:\ProgramData\chocolatey\bin;C:\Program Files (x86)\Microsoft SQL Server\160\DTS\Binn\;C:\Program Files\Azure Data Studio\bin;C:\Program Files\Microsoft SQL Server\150\Tools\Binn\;C:\Program Files\Microsoft SQL Server\Client SDK\ODBC\170\Tools\Binn\;C:\TDM-GCC-64\bin;C:\Program Files\MATLAB\R2009b\bin;C:\Program Files\dotnet\;C:\Program Files\Git\cmd;C:\Program Files\nodejs\;C:\Users\gaginik\AppData\Local\Microsoft\WindowsApps;
USERNAME=gaginik
OS=Windows_NT
PROCESSOR_IDENTIFIER=Intel64 Family 6 Model 58 Stepping 9, GenuineIntel
TMP=C:\Users\gaginik\AppData\Local\Temp
TEMP=C:\Users\gaginik\AppData\Local\Temp




Periodic native trim disabled

JNI global refs:
JNI global refs: 29, weak refs: 0

JNI global refs memory usage: 835, weak refs: 897

Process memory usage:
Resident Set Size: 502856K (6% of 8064336K total physical memory with 186512K free physical memory)

OOME stack traces (most recent first):
Classloader memory used:
Loader org.gradle.internal.classloader.VisitableURLClassLoader                         : 119M
Loader org.gradle.internal.classloader.VisitableURLClassLoader$InstrumentingVisitableURLClassLoader: 76522K
Loader bootstrap                                                                       : 39182K
Loader org.gradle.initialization.MixInLegacyTypesClassLoader                           : 15103K
Loader org.gradle.internal.classloader.VisitableURLClassLoader                         : 12830K
Loader java.net.URLClassLoader                                                         : 5179K
Loader jdk.internal.reflect.DelegatingClassLoader                                      : 1132K
Loader jdk.internal.loader.ClassLoaders$PlatformClassLoader                            : 869K
Loader jdk.internal.jrtfs.JrtFileSystemProvider$JrtFsLoader                            : 340K
Loader org.gradle.groovy.scripts.internal.DefaultScriptCompilationHandler$ScriptClassLoader: 280K
Loader jdk.internal.loader.ClassLoaders$AppClassLoader                                 : 235K
Loader org.codehaus.groovy.runtime.callsite.CallSiteClassLoader                        : 76776B
Loader groovy.lang.GroovyClassLoader$InnerLoader                                       : 59872B
Loader sun.reflect.misc.MethodUtil                                                     : 2968B

Classes loaded by more than one classloader:
Class com.intellij.gradle.toolingExtension.util.GradleVersionUtil                     : loaded 5 times (x 67B)
Class Program                                                                         : loaded 5 times (x 68B)
Class com.intellij.gradle.toolingExtension.impl.model.projectModel.GradleExternalProjectSerializationService$WriteContext: loaded 4 times (x 69B)
Class org.jetbrains.plugins.gradle.tooling.serialization.internal.IdeaProjectSerializationService$ReadContext: loaded 4 times (x 68B)
Class org.jetbrains.plugins.gradle.tooling.serialization.RepositoriesModelSerializationService$WriteContext: loaded 4 times (x 68B)
Class com.google.common.collect.NullnessCasts                                         : loaded 4 times (x 67B)
Class kotlin.jvm.KotlinReflectionNotSupportedError                                    : loaded 4 times (x 78B)
Class kotlin.collections.SetsKt                                                       : loaded 4 times (x 67B)
Class kotlin.NotImplementedError                                                      : loaded 4 times (x 78B)
Class org.jetbrains.plugins.gradle.tooling.serialization.RepositoriesModelSerializationService$ReadContext: loaded 4 times (x 68B)
Class org.gradle.api.UncheckedIOException                                             : loaded 4 times (x 78B)
Class com.google.common.collect.SingletonImmutableList                                : loaded 4 times (x 203B)
Class org.jetbrains.plugins.gradle.tooling.serialization.KotlinDslScriptsModelSerializationService: loaded 4 times (x 77B)
Class com.google.common.collect.ImmutableList$ReverseImmutableList                    : loaded 4 times (x 205B)
Class kotlin.reflect.KFunction                                                        : loaded 4 times (x 66B)
Class org.jetbrains.plugins.gradle.tooling.serialization.ExternalTestsSerializationService$WriteContext: loaded 4 times (x 68B)
Class com.android.ide.gradle.model.LegacyAndroidGradlePluginProperties                : loaded 4 times (x 66B)
Class org.jetbrains.kotlin.idea.gradleTooling.KotlinGradleModel                       : loaded 4 times (x 66B)
Class kotlin.collections.MapsKt__MapsKt                                               : loaded 4 times (x 67B)
Class org.jetbrains.plugins.gradle.tooling.serialization.RepositoriesModelSerializationService: loaded 4 times (x 78B)
Class com.android.ide.gradle.model.artifacts.AdditionalClassifierArtifactsModel       : loaded 4 times (x 66B)
Class com.google.common.collect.Iterators$1                                           : loaded 4 times (x 77B)
Class com.intellij.gradle.toolingExtension.impl.model.sourceSetModel.GradleSourceSetSerialisationService$Companion: loaded 4 times (x 67B)
Class com.android.ide.gradle.model.composites.BuildMap                                : loaded 4 times (x 66B)
Class com.google.common.collect.SingletonImmutableSet                                 : loaded 4 times (x 142B)
Class kotlin.sequences.SequencesKt__SequenceBuilderKt                                 : loaded 4 times (x 67B)
Class kotlin.collections.CollectionsKt__ReversedViewsKt                               : loaded 4 times (x 67B)
Class org.jetbrains.plugins.gradle.tooling.serialization.GradleExtensionsSerializationService$ReadContext: loaded 4 times (x 68B)
Class kotlin.UninitializedPropertyAccessException                                     : loaded 4 times (x 78B)
Class org.jetbrains.plugins.gradle.model.IntelliJProjectSettings                      : loaded 4 times (x 66B)
Class org.jetbrains.plugins.gradle.model.ExternalDependency                           : loaded 4 times (x 66B)
Class com.intellij.util.containers.IntObjectHashMap                                   : loaded 4 times (x 68B)
Class com.google.common.collect.Iterators$4                                           : loaded 4 times (x 78B)
Class com.google.common.collect.SortedIterable                                        : loaded 4 times (x 66B)
Class com.intellij.gradle.toolingExtension.impl.model.sourceSetDependencyModel.GradleSourceSetDependencySerialisationService$SourceSetDependencyModelReadContext: loaded 4 times (x 68B)
Class com.intellij.gradle.toolingExtension.impl.model.dependencyModel.DependencyReadContext: loaded 4 times (x 68B)
Class com.intellij.openapi.externalSystem.model.project.dependencies.ProjectDependencies: loaded 4 times (x 66B)
Class org.gradle.internal.impldep.gnu.trove.TObjectIdentityHashingStrategy            : loaded 4 times (x 74B)
Class org.jetbrains.plugins.gradle.tooling.serialization.ProjectDependenciesSerializationService$ReadContext: loaded 4 times (x 68B)
Class org.jetbrains.plugins.gradle.model.VersionCatalogsModel                         : loaded 4 times (x 66B)
Class com.google.common.collect.RegularImmutableSet                                   : loaded 4 times (x 145B)
Class com.google.common.collect.Iterators$MergingIterator                             : loaded 4 times (x 77B)
Class com.google.common.collect.Iterators$5                                           : loaded 4 times (x 78B)
Class org.jetbrains.plugins.gradle.model.ProjectImportModelProvider                   : loaded 4 times (x 66B)
Class org.jetbrains.plugins.gradle.tooling.util.IntObjectMap$ObjectFactory            : loaded 4 times (x 66B)
Class com.intellij.gradle.toolingExtension.impl.model.sourceSetModel.GradleSourceSetSerialisationService$SourceSetModelWriteContext: loaded 4 times (x 68B)
Class com.google.common.collect.ImmutableList$1                                       : loaded 4 times (x 93B)
Class org.jetbrains.plugins.gradle.model.ExternalSourceSet                            : loaded 4 times (x 66B)
Class com.intellij.gradle.toolingExtension.impl.model.warmUp.GradleTaskWarmUpRequest  : loaded 4 times (x 66B)
Class com.intellij.openapi.externalSystem.model.project.IExternalSystemSourceType     : loaded 4 times (x 66B)
Class kotlin.Function                                                                 : loaded 4 times (x 66B)
Class kotlin.collections.CollectionsKt                                                : loaded 4 times (x 67B)
Class com.intellij.gradle.toolingExtension.impl.model.utilTurnOffDefaultTasksModel.TurnOffDefaultTasks: loaded 4 times (x 66B)
Class com.intellij.gradle.toolingExtension.impl.model.sourceSetModel.GradleSourceSetSerialisationService$SourceSetModelReadContext: loaded 4 times (x 68B)
Class kotlin.collections.SetsKt__SetsJVMKt                                            : loaded 4 times (x 67B)
Class org.jetbrains.plugins.gradle.model.GradleTaskModel                              : loaded 4 times (x 66B)
Class org.jetbrains.plugins.gradle.tooling.util.ObjectCollector                       : loaded 4 times (x 68B)
Class com.intellij.gradle.toolingExtension.impl.model.sourceSetArtifactIndex.GradleSourceSetArtifactBuildRequest: loaded 4 times (x 66B)
Class com.google.common.collect.ImmutableCollection                                   : loaded 4 times (x 121B)
Class kotlin.collections.CollectionsKt__CollectionsJVMKt                              : loaded 4 times (x 67B)
Class org.jetbrains.plugins.gradle.tooling.serialization.internal.IdeaProjectSerializationService$WriteContext$1: loaded 4 times (x 79B)
Class org.jetbrains.plugins.gradle.model.ExternalProject                              : loaded 4 times (x 66B)
Class org.jetbrains.plugins.gradle.model.GradleExtensions                             : loaded 4 times (x 66B)
Class org.jetbrains.plugins.gradle.model.AnnotationProcessingModel                    : loaded 4 times (x 66B)
Class com.google.common.collect.Lists                                                 : loaded 4 times (x 67B)
Class com.google.common.collect.ImmutableList$SubList                                 : loaded 4 times (x 205B)
Class com.google.common.collect.ForwardingObject                                      : loaded 4 times (x 68B)
Class com.google.common.collect.ImmutableSet$CachingAsList                            : loaded 4 times (x 144B)
Class kotlin.sequences.SequencesKt                                                    : loaded 4 times (x 67B)
Class kotlin.collections.CollectionsKt__IteratorsKt                                   : loaded 4 times (x 67B)
Class org.jetbrains.plugins.gradle.javaModel.JavaGradleManifestModel                  : loaded 4 times (x 66B)
Class com.intellij.gradle.toolingExtension.impl.model.taskModel.GradleTaskSerialisationService$Companion: loaded 4 times (x 67B)
Class org.jetbrains.plugins.gradle.tooling.serialization.GradleExtensionsSerializationService$WriteContext: loaded 4 times (x 68B)
Class org.jetbrains.plugins.gradle.tooling.serialization.internal.IdeaProjectSerializationService$WriteContext$2: loaded 4 times (x 79B)
Class com.google.common.collect.Iterators$9                                           : loaded 4 times (x 77B)
Class kotlin.collections.ArraysKt__ArraysKt                                           : loaded 4 times (x 67B)
Class com.google.common.collect.AbstractIndexedListIterator                           : loaded 4 times (x 92B)
Class com.google.common.collect.ImmutableAsList                                       : loaded 4 times (x 205B)
Class org.jetbrains.plugins.gradle.model.ExternalTask                                 : loaded 4 times (x 66B)
Class com.google.common.collect.ImmutableSet$SetBuilderImpl                           : loaded 4 times (x 72B)
Class org.jetbrains.plugins.gradle.tooling.serialization.AnnotationProcessingModelSerializationService$ReadContext: loaded 4 times (x 68B)
Class org.jetbrains.plugins.gradle.tooling.serialization.internal.IdeaProjectSerializationService$WriteContext$3: loaded 4 times (x 79B)
Class org.jetbrains.kotlin.idea.gradleTooling.AndroidAwareGradleModelProvider         : loaded 4 times (x 75B)
Class org.jetbrains.plugins.gradle.tooling.serialization.internal.IdeaProjectSerializationService$WriteContext$4: loaded 4 times (x 79B)
Class com.google.common.collect.UnmodifiableListIterator                              : loaded 4 times (x 91B)
Class com.intellij.gradle.toolingExtension.impl.model.sourceSetDependencyModel.GradleSourceSetDependencySerialisationService$Companion: loaded 4 times (x 67B)
Class com.google.common.collect.AbstractIterator                                      : loaded 4 times (x 78B)
Class org.jetbrains.plugins.gradle.tooling.serialization.internal.IdeaProjectSerializationService$WriteContext$5: loaded 4 times (x 79B)
Class com.intellij.gradle.toolingExtension.impl.model.sourceSetDependencyModel.GradleSourceSetDependencySerialisationService$SourceSetDependencyModelWriteContext: loaded 4 times (x 68B)
Class com.google.common.collect.ImmutableSortedSet                                    : loaded 4 times (x 296B)
Class org.jetbrains.plugins.gradle.tooling.serialization.internal.IdeaProjectSerializationService$WriteContext$6: loaded 4 times (x 79B)
Class org.jetbrains.plugins.gradle.tooling.util.IntObjectMap                          : loaded 4 times (x 69B)
Class org.jetbrains.plugins.gradle.tooling.serialization.internal.IdeaProjectSerializationService$WriteContext$7: loaded 4 times (x 79B)
Class org.jetbrains.plugins.gradle.model.RepositoryModels                             : loaded 4 times (x 66B)
Class com.google.common.collect.RegularImmutableSortedSet                             : loaded 4 times (x 296B)
Class kotlin.jvm.internal.CallableReference                                           : loaded 4 times (x 102B)
Class com.google.common.collect.ImmutableList                                         : loaded 4 times (x 202B)
Class org.jetbrains.plugins.gradle.tooling.serialization.internal.IdeaProjectSerializationService$WriteContext$8: loaded 4 times (x 79B)
Class kotlin.jvm.internal.markers.KMappedMarker                                       : loaded 4 times (x 66B)
Class kotlin.collections.EmptyList                                                    : loaded 4 times (x 170B)
Class kotlin.collections.MapsKt__MapsJVMKt                                            : loaded 4 times (x 67B)
Class org.jetbrains.kotlin.idea.gradleTooling.AndroidAwareGradleModelProvider$Companion: loaded 4 times (x 67B)
Class org.gradle.internal.impldep.gnu.trove.TObjectCanonicalHashingStrategy           : loaded 4 times (x 76B)
Class org.jetbrains.plugins.gradle.tooling.serialization.SerializationService         : loaded 4 times (x 66B)
Class com.google.common.base.Function                                                 : loaded 4 times (x 66B)
Class kotlin.enums.EnumEntries                                                        : loaded 4 times (x 66B)
Class com.intellij.util.containers.IntObjectHashMap$ArrayProducer                     : loaded 4 times (x 66B)
Class com.intellij.gradle.toolingExtension.impl.model.buildScriptClasspathModel.GradleBuildScriptClasspathSerializationService$WriteContext: loaded 4 times (x 68B)
Class org.jetbrains.plugins.gradle.tooling.serialization.internal.adapter.Supplier    : loaded 4 times (x 66B)
Class com.google.common.collect.RegularImmutableList                                  : loaded 4 times (x 209B)
Class com.intellij.gradle.toolingExtension.impl.model.sourceSetModel.GradleSourceSetSerialisationService: loaded 4 times (x 73B)
Class com.google.common.collect.Lists$StringAsImmutableList                           : loaded 4 times (x 203B)
Class com.android.ide.gradle.model.GradlePluginModel                                  : loaded 4 times (x 66B)
Class org.gradle.internal.impldep.gnu.trove.Equality                                  : loaded 4 times (x 66B)
Class com.intellij.gradle.toolingExtension.impl.model.buildScriptClasspathModel.GradleBuildScriptClasspathSerializationService: loaded 4 times (x 73B)
Class com.google.common.collect.Range                                                 : loaded 4 times (x 83B)
Class org.jetbrains.kotlin.idea.gradleTooling.PrepareKotlinIdeImportTaskModel         : loaded 4 times (x 66B)
Class com.google.common.collect.Iterators                                             : loaded 4 times (x 67B)
Class com.intellij.compose.ide.plugin.gradleTooling.rt.ComposeResourcesModel          : loaded 4 times (x 66B)
Class org.jetbrains.plugins.gradle.tooling.serialization.ProjectDependenciesSerializationService: loaded 4 times (x 73B)
Class org.jetbrains.plugins.gradle.tooling.serialization.ProjectDependenciesSerializationService$WriteContext: loaded 4 times (x 68B)
Class org.jetbrains.plugins.gradle.model.FileCollectionDependency                     : loaded 4 times (x 66B)
Class kotlin.NoWhenBranchMatchedException                                             : loaded 4 times (x 78B)
Class org.gradle.internal.impldep.gnu.trove.TObjectHashingStrategy                    : loaded 4 times (x 66B)
Class com.intellij.gradle.toolingExtension.impl.model.utilDummyModel.DummyModel       : loaded 4 times (x 66B)
Class kotlin.sequences.SequencesKt___SequencesKt                                      : loaded 4 times (x 67B)
Class com.intellij.gradle.toolingExtension.impl.model.dependencyDownloadPolicyModel.GradleDependencyDownloadPolicy: loaded 4 times (x 66B)
Class org.jetbrains.kotlin.idea.gradleTooling.KotlinMPPGradleModel                    : loaded 4 times (x 66B)
Class kotlin.collections.AbstractList$Companion                                       : loaded 4 times (x 67B)
Class kotlin.reflect.KCallable                                                        : loaded 4 times (x 66B)
Class com.google.common.collect.ImmutableRangeSet$1                                   : loaded 4 times (x 206B)
Class com.google.common.collect.RegularImmutableAsList                                : loaded 4 times (x 213B)
Class org.gradle.internal.impldep.gnu.trove.THash                                     : loaded 4 times (x 77B)
Class org.jetbrains.plugins.gradle.tooling.serialization.AnnotationProcessingModelSerializationService$WriteContext: loaded 4 times (x 68B)
Class kotlin.jvm.internal.CallableReference$NoReceiver                                : loaded 4 times (x 67B)
Class com.google.common.collect.RangeSet                                              : loaded 4 times (x 66B)
Class org.jetbrains.plugins.gradle.model.DependencyAccessorsModel                     : loaded 4 times (x 66B)
Class org.gradle.internal.impldep.gnu.trove.TObjectHash                               : loaded 4 times (x 90B)
Class org.jetbrains.plugins.gradle.tooling.serialization.internal.IdeaProjectSerializationService: loaded 4 times (x 73B)
Class [Lcom.intellij.openapi.externalSystem.model.project.dependencies.ResolutionState;: loaded 4 times (x 65B)
Class org.jetbrains.plugins.gradle.model.GradleSourceSetDependencyModel               : loaded 4 times (x 66B)
Class kotlin.sequences.SequencesKt__SequencesJVMKt                                    : loaded 4 times (x 67B)
Class kotlin.collections.AbstractList                                                 : loaded 4 times (x 193B)
Class kotlin.collections.AbstractCollection                                           : loaded 4 times (x 113B)
Class kotlin.collections.CollectionsKt__MutableCollectionsKt                          : loaded 4 times (x 67B)
Class com.google.common.collect.ImmutableList$Builder                                 : loaded 4 times (x 73B)
Class kotlin.collections.ArraysKt__ArraysJVMKt                                        : loaded 4 times (x 67B)
Class com.android.ide.gradle.model.LegacyV1AgpVersionModel                            : loaded 4 times (x 66B)
Class com.intellij.gradle.toolingExtension.impl.model.taskModel.GradleTaskSerialisationService: loaded 4 times (x 72B)
Class com.google.common.collect.RangeGwtSerializationDependencies                     : loaded 4 times (x 67B)
Class com.google.common.collect.ImmutableRangeSet$Builder                             : loaded 4 times (x 73B)
Class com.google.common.base.Joiner$2                                                 : loaded 4 times (x 76B)
Class kotlin.Pair                                                                     : loaded 4 times (x 68B)
Class org.jetbrains.plugins.gradle.tooling.util.IntObjectMap$1                        : loaded 4 times (x 73B)
Class com.android.ide.gradle.model.dependencies.DeclaredDependencies                  : loaded 4 times (x 66B)
Class org.gradle.internal.impldep.com.google.common.base.Preconditions                : loaded 4 times (x 67B)
Class kotlin.ranges.RangesKt__RangesKt                                                : loaded 4 times (x 67B)
Class org.jetbrains.plugins.gradle.tooling.serialization.AnnotationProcessingModelSerializationService: loaded 4 times (x 73B)
Class kotlin.collections.SetsKt___SetsKt                                              : loaded 4 times (x 67B)
Class com.google.common.collect.ImmutableRangeSet                                     : loaded 4 times (x 111B)
Class kotlin.sequences.SequencesKt__SequencesKt                                       : loaded 4 times (x 67B)
Class org.jetbrains.plugins.gradle.model.GradleBuildScriptClasspathModel              : loaded 4 times (x 66B)
Class com.google.common.collect.UnmodifiableIterator                                  : loaded 4 times (x 76B)
Class org.jetbrains.plugins.gradle.model.IntelliJSettings                             : loaded 4 times (x 66B)
Class org.jetbrains.kotlin.idea.gradleTooling.KotlinSourceSetContainer                : loaded 4 times (x 66B)
Class com.google.common.collect.ImmutableSet                                          : loaded 4 times (x 141B)
Class kotlin.collections.CollectionsKt___CollectionsJvmKt                             : loaded 4 times (x 67B)
Class kotlin.collections.CollectionsKt__IteratorsJVMKt                                : loaded 4 times (x 67B)
Class com.google.common.base.Joiner                                                   : loaded 4 times (x 76B)
Class kotlin.collections.SetsKt__SetsKt                                               : loaded 4 times (x 67B)
Class kotlin.TuplesKt                                                                 : loaded 4 times (x 67B)
Class com.google.common.collect.PeekingIterator                                       : loaded 4 times (x 66B)
Class kotlin.sequences.SequencesKt___SequencesJvmKt                                   : loaded 4 times (x 67B)
Class org.jetbrains.plugins.gradle.tooling.serialization.internal.adapter.InternalBuildIdentifier: loaded 4 times (x 71B)
Class com.intellij.gradle.toolingExtension.impl.model.buildScriptClasspathModel.GradleBuildScriptClasspathSerializationService$ReadContext: loaded 4 times (x 68B)
Class org.gradle.internal.impldep.gnu.trove.TObjectIntHashMap                         : loaded 4 times (x 105B)
Class com.google.common.base.Joiner$1                                                 : loaded 4 times (x 77B)
Class org.jetbrains.plugins.gradle.tooling.serialization.ExternalTestsSerializationService: loaded 4 times (x 73B)
Class kotlin.Unit                                                                     : loaded 4 times (x 67B)
Class kotlin.ranges.RangesKt                                                          : loaded 4 times (x 67B)
Class org.jetbrains.plugins.gradle.tooling.serialization.ExternalTestsSerializationService$ReadContext: loaded 4 times (x 68B)
Class kotlin.enums.EnumEntriesList                                                    : loaded 4 times (x 219B)
Class kotlin.jvm.functions.Function0                                                  : loaded 4 times (x 66B)
Class kotlin.jvm.internal.FunctionBase                                                : loaded 4 times (x 66B)
Class kotlin.collections.ArraysUtilJVM                                                : loaded 4 times (x 67B)
Class kotlin.collections.ArraysKt                                                     : loaded 4 times (x 67B)
Class kotlin.jvm.internal.FunctionReference                                           : loaded 4 times (x 118B)
Class com.google.common.base.Preconditions                                            : loaded 4 times (x 67B)
Class com.intellij.gradle.toolingExtension.impl.model.projectModel.GradleExternalProjectSerializationService: loaded 4 times (x 73B)
Class com.google.common.collect.ImmutableRangeSet$AsSet                               : loaded 4 times (x 296B)
Class com.google.common.collect.Iterators$ArrayItr                                    : loaded 4 times (x 93B)
Class com.google.common.collect.ImmutableCollection$Builder                           : loaded 4 times (x 72B)
Class org.gradle.api.Action                                                           : loaded 4 times (x 66B)
Class org.gradle.internal.Cast                                                        : loaded 4 times (x 67B)
Class kotlin.jvm.functions.Function1                                                  : loaded 4 times (x 66B)
Class org.jetbrains.plugins.gradle.tooling.serialization.internal.IdeaProjectSerializationService$WriteContext: loaded 4 times (x 68B)
Class com.intellij.gradle.toolingExtension.impl.model.sourceSetDependencyModel.GradleSourceSetDependencySerialisationService: loaded 4 times (x 73B)
Class org.jetbrains.plugins.gradle.model.GradleSourceSetModel                         : loaded 4 times (x 66B)
Class com.google.common.base.Predicate                                                : loaded 4 times (x 66B)
Class kotlin.jvm.functions.Function2                                                  : loaded 4 times (x 66B)
Class com.android.ide.gradle.model.dependencies.Coordinates                           : loaded 4 times (x 66B)
Class com.google.common.collect.AbstractRangeSet                                      : loaded 4 times (x 110B)
Class kotlin.collections.MapsKt___MapsJvmKt                                           : loaded 4 times (x 67B)
Class org.jetbrains.plugins.gradle.tooling.util.ObjectCollector$Processor             : loaded 4 times (x 66B)
Class kotlin.collections.CollectionsKt___CollectionsKt                                : loaded 4 times (x 67B)
Class kotlin.sequences.Sequence                                                       : loaded 4 times (x 66B)
Class org.gradle.api.GradleException                                                  : loaded 4 times (x 78B)
Class kotlin.ranges.RangesKt___RangesKt                                               : loaded 4 times (x 67B)
Class kotlin.collections.CollectionsKt__CollectionsKt                                 : loaded 4 times (x 67B)
Class org.jetbrains.plugins.gradle.model.tests.ExternalTestsModel                     : loaded 4 times (x 66B)
Class kotlin.collections.ArraysKt___ArraysJvmKt                                       : loaded 4 times (x 67B)
Class com.intellij.openapi.externalSystem.model.project.dependencies.ResolutionState  : loaded 4 times (x 75B)
Class kotlin.KotlinNullPointerException                                               : loaded 4 times (x 79B)
Class org.jetbrains.plugins.gradle.model.AnnotationProcessingConfig                   : loaded 4 times (x 66B)
Class kotlin.reflect.KDeclarationContainer                                            : loaded 4 times (x 66B)
Class org.jetbrains.plugins.gradle.tooling.ModelBuilderService$Parameter              : loaded 4 times (x 66B)
Class org.jetbrains.plugins.gradle.tooling.serialization.GradleExtensionsSerializationService: loaded 4 times (x 73B)
Class kotlin.collections.MapsKt___MapsKt                                              : loaded 4 times (x 67B)
Class kotlin.collections.ArraysKt___ArraysKt                                          : loaded 4 times (x 67B)
Class kotlin.collections.CollectionsKt__IterablesKt                                   : loaded 4 times (x 67B)
Class org.gradle.internal.impldep.gnu.trove.TObjectIntProcedure                       : loaded 4 times (x 66B)
Class org.gradle.internal.impldep.gnu.trove.TObjectHash$NULL                          : loaded 4 times (x 67B)
Class kotlin.collections.MapsKt__MapWithDefaultKt                                     : loaded 4 times (x 67B)
Class kotlin.collections.CollectionsKt__MutableCollectionsJVMKt                       : loaded 4 times (x 67B)
Class kotlin.collections.MapsKt                                                       : loaded 4 times (x 67B)
Class com.intellij.gradle.toolingExtension.impl.model.dependencyModel.DependencyWriteContext: loaded 4 times (x 68B)
Class com.intellij.gradle.toolingExtension.impl.model.projectModel.GradleExternalProjectSerializationService$ReadContext: loaded 4 times (x 69B)
Class kotlin.jvm.internal.Intrinsics                                                  : loaded 4 times (x 67B)
Class org.gradle.internal.IoActions                                                   : loaded 4 times (x 67B)
Class kotlin.enums.EnumEntriesKt                                                      : loaded 4 times (x 67B)
Class org.jetbrains.plugins.gradle.model.ClasspathEntryModel                          : loaded 4 times (x 66B)
Class org.jetbrains.kotlin.idea.gradleTooling.KotlinDslScriptAdditionalTask           : loaded 4 times (x 66B)
Class kotlin.reflect.KAnnotatedElement                                                : loaded 4 times (x 66B)
Class org.jetbrains.kotlin.idea.gradleTooling.model.kapt.KaptGradleModel              : loaded 4 times (x 66B)
Class org.jetbrains.plugins.gradle.model.GradleProperty                               : loaded 4 times (x 66B)
Class com.google.common.collect.ImmutableSet$RegularSetBuilderImpl                    : loaded 4 times (x 73B)
Class com.google.common.collect.ImmutableRangeSet$ComplementRanges                    : loaded 4 times (x 203B)
Class com.android.builder.model.v2.models.VariantDependencies                         : loaded 3 times (x 66B)
Class com.amazon.ion.impl._Private_Utils                                              : loaded 3 times (x 67B)
Class kotlin.text.MatcherMatchResult$groups$1                                         : loaded 3 times (x 147B)
Class org.gradle.internal.impldep.gnu.trove.PrimeFinder                               : loaded 3 times (x 67B)
Class com.amazon.ion.IonLoader                                                        : loaded 3 times (x 66B)
Class kotlin.collections.EmptyMap                                                     : loaded 3 times (x 105B)
Class kotlin.jvm.internal.markers.KMutableCollection                                  : loaded 3 times (x 66B)
Class kotlin.coroutines.intrinsics.IntrinsicsKt                                       : loaded 3 times (x 67B)
Class kotlin.text.StringsKt___StringsKt                                               : loaded 3 times (x 67B)
Class org.jetbrains.kotlin.tooling.core.HasMutableExtras                              : loaded 3 times (x 66B)
Class org.gradle.internal.exceptions.MultiCauseException                              : loaded 3 times (x 66B)
Class org.gradle.internal.time.CountdownTimer                                         : loaded 3 times (x 66B)
Class kotlin.collections.CollectionsKt___CollectionsKt$asSequence$$inlined$Sequence$1 : loaded 3 times (x 71B)
Class com.google.common.collect.NullsLastOrdering                                     : loaded 3 times (x 111B)
Class com.amazon.ion.IonBool                                                          : loaded 3 times (x 66B)
Class com.amazon.ion.impl.bin.utf8.Utf8StringEncoder                                  : loaded 3 times (x 76B)
Class [Lcom.amazon.ion.impl.bin.IonManagedBinaryWriter$UserState;                     : loaded 3 times (x 65B)
Class org.gradle.tooling.internal.adapter.ProtocolToModelAdapter$ReflectionMethodInvoker: loaded 3 times (x 72B)
Class kotlin.coroutines.intrinsics.CoroutineSingletons                                : loaded 3 times (x 75B)
Class com.amazon.ion.impl.lite.IonBoolLite                                            : loaded 3 times (x 174B)
Class com.amazon.ion.IonNumber                                                        : loaded 3 times (x 66B)
Class com.amazon.ion.impl.lite.IonTextLite                                            : loaded 3 times (x 177B)
Class com.amazon.ion.impl.lite.IonLobLite                                             : loaded 3 times (x 180B)
Class kotlin.io.FilesKt                                                               : loaded 3 times (x 67B)
Class org.gradle.tooling.model.ProjectModel                                           : loaded 3 times (x 66B)
Class com.amazon.ion.IonTimestamp                                                     : loaded 3 times (x 66B)
Class com.amazon.ion.impl.bin.PooledBlockAllocatorProvider$PooledBlockAllocator       : loaded 3 times (x 77B)
Class com.google.common.collect.RegularImmutableMap$BucketOverflowException           : loaded 3 times (x 78B)
Class com.amazon.ion.impl.bin.utf8.Utf8StringEncoderPool                              : loaded 3 times (x 70B)
Class com.android.builder.model.v2.models.Versions$Version                            : loaded 3 times (x 66B)
Class org.gradle.api.JavaVersion                                                      : loaded 3 times (x 75B)
Class com.amazon.ion.impl._Private_IonSystem                                          : loaded 3 times (x 66B)
Class com.amazon.ion.IonClob                                                          : loaded 3 times (x 66B)
Class kotlin.text.StringsKt___StringsJvmKt                                            : loaded 3 times (x 67B)
Class kotlin.annotation.Retention                                                     : loaded 3 times (x 66B)
Class org.gradle.tooling.model.Dependency                                             : loaded 3 times (x 66B)
Class com.amazon.ion.BufferConfiguration$OversizedValueHandler                        : loaded 3 times (x 66B)
Class com.amazon.ion.IonReader                                                        : loaded 3 times (x 66B)
Class kotlin.sequences.SequenceBuilderIterator                                        : loaded 3 times (x 81B)
Class com.amazon.ion.system.IonReaderBuilder                                          : loaded 3 times (x 89B)
Class com.google.common.collect.ImmutableEntry                                        : loaded 3 times (x 78B)
Class [Lcom.google.common.collect.AbstractMapEntry;                                   : loaded 3 times (x 65B)
Class kotlin.collections.EmptySet                                                     : loaded 3 times (x 118B)
Class org.gradle.tooling.internal.adapter.ViewBuilder                                 : loaded 3 times (x 66B)
Class com.amazon.ion.IonDatagram                                                      : loaded 3 times (x 66B)
Class com.amazon.ion.impl._Private_RecyclingStack$ElementFactory                      : loaded 3 times (x 66B)
Class com.amazon.ion.impl.bin.IonManagedBinaryWriter$ImportedSymbolResolverMode$1$1   : loaded 3 times (x 74B)
Class com.amazon.ion.impl._Private_ByteTransferSink                                   : loaded 3 times (x 66B)
Class org.gradle.tooling.model.idea.IdeaModuleDependency                              : loaded 3 times (x 66B)
Class kotlin.text.StringsKt__StringNumberConversionsJVMKt                             : loaded 3 times (x 67B)
Class org.gradle.internal.exceptions.NonGradleCauseExceptionsHolder                   : loaded 3 times (x 66B)
Class com.google.common.collect.ComparisonChain$1                                     : loaded 3 times (x 77B)
Class com.google.common.collect.AllEqualOrdering                                      : loaded 3 times (x 110B)
Class com.amazon.ion.IonDecimal                                                       : loaded 3 times (x 66B)
Class com.android.ide.common.repository.AgpVersion$Companion$WhenMappings             : loaded 3 times (x 67B)
Class org.gradle.tooling.ToolingModelContract                                         : loaded 3 times (x 66B)
Class kotlin.sequences.SequenceScope                                                  : loaded 3 times (x 69B)
Class kotlin.annotation.Target                                                        : loaded 3 times (x 66B)
Class com.android.builder.model.v2.models.BasicAndroidProject                         : loaded 3 times (x 66B)
Class kotlin.text.StringsKt__RegexExtensionsJVMKt                                     : loaded 3 times (x 67B)
Class com.amazon.ion.impl.bin.AbstractIonWriter                                       : loaded 3 times (x 157B)
Class com.google.common.base.CharMatcher$NegatedFastMatcher                           : loaded 3 times (x 109B)
Class org.gradle.tooling.internal.adapter.WeakIdentityHashMap$AbsentValueProvider     : loaded 3 times (x 66B)
Class org.gradle.tooling.model.idea.IdeaLanguageLevel                                 : loaded 3 times (x 66B)
Class kotlin.text.MatchResult                                                         : loaded 3 times (x 66B)
Class com.amazon.ion.impl.SymbolTableAsStruct                                         : loaded 3 times (x 66B)
Class com.amazon.ion.impl._Private_Utils$1                                            : loaded 3 times (x 85B)
Class com.amazon.ion.impl.lite.IonSequenceLite                                        : loaded 3 times (x 428B)
Class org.gradle.tooling.internal.adapter.ProtocolToModelAdapter$SafeMethodInvoker    : loaded 3 times (x 72B)
Class com.google.common.collect.ImmutableMap                                          : loaded 3 times (x 116B)
Class kotlin.text.Regex$Companion                                                     : loaded 3 times (x 67B)
Class com.google.common.collect.NaturalOrdering                                       : loaded 3 times (x 111B)
Class org.gradle.tooling.internal.adapter.WeakIdentityHashMap$WeakKey                 : loaded 3 times (x 75B)
Class org.jetbrains.plugins.gradle.model.ExternalLibraryDependency                    : loaded 3 times (x 66B)
Class org.gradle.internal.exceptions.DefaultMultiCauseException                       : loaded 3 times (x 91B)
Class com.google.common.base.CharMatcher$Negated                                      : loaded 3 times (x 109B)
Class com.amazon.ion.SymbolToken                                                      : loaded 3 times (x 66B)
Class com.amazon.ion.impl.bin.BlockAllocatorProvider                                  : loaded 3 times (x 68B)
Class com.google.common.base.CharMatcher$FastMatcher                                  : loaded 3 times (x 107B)
Class com.amazon.ion.impl.bin.IonRawBinaryWriter                                      : loaded 3 times (x 165B)
Class kotlin.collections.AbstractMutableList                                          : loaded 3 times (x 202B)
Class com.amazon.ion.impl.bin.AbstractIonWriter$WriteValueOptimization                : loaded 3 times (x 75B)
Class com.google.common.collect.ImmutableList$SerializedForm                          : loaded 3 times (x 69B)
Class org.gradle.tooling.model.idea.IdeaDependency                                    : loaded 3 times (x 66B)
Class com.amazon.ion.impl.SharedSymbolTable                                           : loaded 3 times (x 89B)
Class com.amazon.ion.IonValue                                                         : loaded 3 times (x 66B)
Class com.amazon.ion.impl._Private_RecyclingStack$$Iterator                           : loaded 3 times (x 95B)
Class com.google.common.base.CharMatcher$Is                                           : loaded 3 times (x 107B)
Class com.amazon.ion.impl.bin.IonRawBinaryWriter$StreamCloseMode                      : loaded 3 times (x 75B)
Class com.amazon.ion.impl._Private_IonBinaryWriterBuilder$Mutable                     : loaded 3 times (x 111B)
Class kotlin.collections.ArrayDeque$Companion                                         : loaded 3 times (x 67B)
Class org.gradle.tooling.model.HierarchicalElement                                    : loaded 3 times (x 66B)
Class [Lkotlin.coroutines.intrinsics.CoroutineSingletons;                             : loaded 3 times (x 65B)
Class com.amazon.ion.impl.bin.IonRawBinaryWriter$PatchPoint                           : loaded 3 times (x 69B)
Class com.amazon.ion.IonBlob                                                          : loaded 3 times (x 66B)
Class com.amazon.ion.IonLob                                                           : loaded 3 times (x 66B)
Class kotlin.sequences.FlatteningSequence$iterator$1                                  : loaded 3 times (x 75B)
Class com.android.ide.common.repository.AgpVersion$Companion                          : loaded 3 times (x 67B)
Class com.amazon.ion.IonSequence                                                      : loaded 3 times (x 66B)
Class com.amazon.ion.impl.BlockedBuffer$BufferedOutputStream                          : loaded 3 times (x 86B)
Class com.amazon.ion.impl.bin.IonBinaryWriterAdapter$Factory                          : loaded 3 times (x 66B)
Class [Lcom.amazon.ion.SymbolTable;                                                   : loaded 3 times (x 65B)
Class com.amazon.ion.impl.bin.IonRawBinaryWriter$1                                    : loaded 3 times (x 73B)
Class org.gradle.tooling.internal.adapter.ProtocolToModelAdapter$ViewGraphDetails$1   : loaded 3 times (x 73B)
Class com.google.common.collect.ComparatorOrdering                                    : loaded 3 times (x 111B)
Class com.google.common.base.CharMatcher$Or                                           : loaded 3 times (x 108B)
Class com.google.common.collect.Iterators$PeekingImpl                                 : loaded 3 times (x 85B)
Class com.amazon.ion.impl._Private_IonContainer                                       : loaded 3 times (x 66B)
Class com.amazon.ion.impl.bin.IonRawBinaryWriter$ContainerType                        : loaded 3 times (x 75B)
Class com.amazon.ion.impl._Private_IonTextWriterBuilder$Mutable                       : loaded 3 times (x 98B)
Class com.amazon.ion.impl._Private_RecyclingQueue$ElementFactory                      : loaded 3 times (x 66B)
Class kotlin.jvm.internal.markers.KMutableIterable                                    : loaded 3 times (x 66B)
Class com.google.common.collect.ByFunctionOrdering                                    : loaded 3 times (x 111B)
Class kotlin.coroutines.EmptyCoroutineContext                                         : loaded 3 times (x 73B)
Class com.amazon.ion.system.IonWriterBuilderBase                                      : loaded 3 times (x 79B)
Class kotlin.text.StringsKt__AppendableKt                                             : loaded 3 times (x 67B)
Class com.amazon.ion.impl._Private_RecyclingQueue                                     : loaded 3 times (x 76B)
Class org.gradle.internal.time.Time                                                   : loaded 3 times (x 67B)
Class kotlin.jvm.internal.FunctionReferenceImpl                                       : loaded 3 times (x 118B)
Class com.amazon.ion.impl.bin.BlockAllocator                                          : loaded 3 times (x 76B)
Class kotlin.comparisons.ComparisonsKt___ComparisonsJvmKt                             : loaded 3 times (x 67B)
Class com.amazon.ion.impl.IonWriterSystemTextMarkup                                   : loaded 3 times (x 188B)
Class com.google.common.collect.RegularImmutableMap$Values                            : loaded 3 times (x 203B)
Class com.google.common.base.CharMatcher$BitSetMatcher                                : loaded 3 times (x 108B)
Class com.google.common.collect.BaseImmutableMultimap                                 : loaded 3 times (x 119B)
Class com.google.common.collect.ImmutableSetMultimap                                  : loaded 3 times (x 176B)
Class kotlin.sequences.FilteringSequence                                              : loaded 3 times (x 71B)
Class com.google.common.base.CharMatcher                                              : loaded 3 times (x 107B)
Class com.amazon.ion.system.IonTextWriterBuilder                                      : loaded 3 times (x 94B)
Class kotlin.comparisons.ComparisonsKt___ComparisonsKt                                : loaded 3 times (x 67B)
Class kotlin.comparisons.ComparisonsKt                                                : loaded 3 times (x 67B)
Class org.gradle.tooling.internal.gradle.DefaultProjectIdentifier                     : loaded 3 times (x 82B)
Class org.gradle.util.internal.DefaultGradleVersion                                   : loaded 3 times (x 76B)
Class kotlin.Result$Companion                                                         : loaded 3 times (x 67B)
Class kotlin.Result                                                                   : loaded 3 times (x 68B)
Class kotlin.coroutines.jvm.internal.BaseContinuationImpl                             : loaded 3 times (x 83B)
Class com.android.builder.model.v2.ide.SourceProvider                                 : loaded 3 times (x 66B)
Class com.amazon.ion.impl.bin.IonManagedBinaryWriter$ImportedSymbolResolverMode$1$1$1 : loaded 3 times (x 72B)
Class com.amazon.ion.IonStruct                                                        : loaded 3 times (x 66B)
Class com.amazon.ion.impl.bin.IonManagedBinaryWriter$SymbolState                      : loaded 3 times (x 76B)
Class kotlin.comparisons.ComparisonsKt__ComparisonsKt                                 : loaded 3 times (x 67B)
Class kotlin.coroutines.Continuation                                                  : loaded 3 times (x 66B)
Class com.android.builder.model.v2.models.AndroidDsl                                  : loaded 3 times (x 66B)
Class com.amazon.ion.impl._Private_LocalSymbolTableFactory                            : loaded 3 times (x 66B)
Class com.amazon.ion.IonWriter                                                        : loaded 3 times (x 66B)
Class com.android.builder.model.v2.ide.BasicVariant                                   : loaded 3 times (x 66B)
Class com.amazon.ion.UnsupportedIonVersionException                                   : loaded 3 times (x 81B)
Class com.google.common.collect.Platform                                              : loaded 3 times (x 67B)
Class [Lcom.amazon.ion.impl.bin.IonRawBinaryWriter$StreamFlushMode;                   : loaded 3 times (x 65B)
Class org.gradle.tooling.model.internal.ImmutableDomainObjectSet                      : loaded 3 times (x 151B)
Class com.android.ide.gradle.model.GradlePropertiesModel                              : loaded 3 times (x 66B)
Class com.amazon.ion.impl.bin._Private_IonRawWriter                                   : loaded 3 times (x 66B)
Class com.amazon.ion.impl.IonWriterSystem                                             : loaded 3 times (x 167B)
Class com.amazon.ion.impl.bin.Symbols$2                                               : loaded 3 times (x 103B)
Class com.amazon.ion.impl.bin._Private_IonManagedWriter                               : loaded 3 times (x 66B)
Class com.amazon.ion.impl.bin.IonRawBinaryWriter$PreallocationMode                    : loaded 3 times (x 78B)
Class com.amazon.ion.impl.lite.IonSystemLite                                          : loaded 3 times (x 271B)
Class com.google.common.collect.Iterators$SingletonIterator                           : loaded 3 times (x 77B)
Class kotlin.sequences.TransformingSequence$iterator$1                                : loaded 3 times (x 75B)
Class JetGradlePlugin                                                                 : loaded 3 times (x 92B)
Class org.gradle.tooling.internal.adapter.ProtocolToModelAdapter$SupportedPropertyInvoker: loaded 3 times (x 72B)
Class org.gradle.tooling.model.UnsupportedMethodException                             : loaded 3 times (x 78B)
Class kotlin.text.StringsKt__StringBuilderJVMKt                                       : loaded 3 times (x 67B)
Class org.jetbrains.kotlin.tooling.core.Extras                                        : loaded 3 times (x 66B)
Class kotlin.Triple                                                                   : loaded 3 times (x 68B)
Class kotlin.sequences.SequencesKt__SequenceBuilderKt$sequence$$inlined$Sequence$1    : loaded 3 times (x 71B)
Class kotlin.text.Regex                                                               : loaded 3 times (x 68B)
Class [Lcom.google.common.collect.ImmutableMapEntry;                                  : loaded 3 times (x 65B)
Class com.android.ide.common.repository.AgpVersion$PreviewKind                        : loaded 3 times (x 75B)
Class com.amazon.ion.system.SimpleCatalog                                             : loaded 3 times (x 87B)
Class com.google.common.collect.AbstractMapEntry                                      : loaded 3 times (x 77B)
Class com.amazon.ion.BufferConfiguration                                              : loaded 3 times (x 69B)
Class com.amazon.ion.impl.lite.IonContainerLite                                       : loaded 3 times (x 244B)
Class com.amazon.ion.IonBufferConfiguration$OversizedSymbolTableHandler               : loaded 3 times (x 66B)
Class com.amazon.ion.system.IonWriterBuilder                                          : loaded 3 times (x 70B)
Class org.jetbrains.plugins.gradle.tooling.serialization.ToolingStreamApiUtils        : loaded 3 times (x 67B)
Class com.android.builder.model.v2.models.ProjectGraph                                : loaded 3 times (x 66B)
Class com.amazon.ion.facet.Faceted                                                    : loaded 3 times (x 66B)
Class com.google.common.base.CharMatcher$NamedFastMatcher                             : loaded 3 times (x 108B)
Class com.google.common.base.CharMatcher$1                                            : loaded 3 times (x 109B)
Class com.amazon.ion.impl.lite.IonNullLite                                            : loaded 3 times (x 171B)
Class kotlin.sequences.SequencesKt___SequencesKt$flatMap$2                            : loaded 3 times (x 121B)
Class org.gradle.tooling.model.Element                                                : loaded 3 times (x 66B)
Class org.gradle.tooling.internal.adapter.ProtocolToModelAdapter$NoOpDecoration       : loaded 3 times (x 75B)
Class org.gradle.tooling.internal.adapter.TypeInspector                               : loaded 3 times (x 69B)
Class kotlin.coroutines.jvm.internal.RestrictedSuspendLambda                          : loaded 3 times (x 87B)
Class [Lcom.android.ide.common.repository.AgpVersion$PreviewKind;                     : loaded 3 times (x 65B)
Class com.google.common.collect.AbstractMultimap                                      : loaded 3 times (x 119B)
Class com.google.common.collect.CompoundOrdering                                      : loaded 3 times (x 111B)
Class com.google.common.collect.Ordering                                              : loaded 3 times (x 110B)
Class com.amazon.ion.IonString                                                        : loaded 3 times (x 66B)
Class com.amazon.ion.impl.bin.utf8.Poolable                                           : loaded 3 times (x 75B)
Class com.amazon.ion.IonSymbol                                                        : loaded 3 times (x 66B)
Class kotlin.text.StringsKt__RegexExtensionsKt                                        : loaded 3 times (x 67B)
Class kotlin.text.StringsKt__StringBuilderKt                                          : loaded 3 times (x 67B)
Class com.amazon.ion.impl.lite.IonClobLite                                            : loaded 3 times (x 216B)
Class com.amazon.ion.impl._Private_ValueFactory                                       : loaded 3 times (x 66B)
Class com.amazon.ion.impl.bin.IonRawBinaryWriter$PreallocationMode$1                  : loaded 3 times (x 78B)
Class [Lcom.amazon.ion.impl.bin._Private_IonManagedBinaryWriterBuilder$AllocatorMode; : loaded 3 times (x 65B)
Class kotlin.collections.EmptyIterator                                                : loaded 3 times (x 85B)
Class org.gradle.internal.time.Clock                                                  : loaded 3 times (x 66B)
Class kotlin.text.MatcherMatchResult$groupValues$1                                    : loaded 3 times (x 194B)
Class kotlin.io.TerminateException                                                    : loaded 3 times (x 78B)
Class kotlin.io.FilesKt__FilePathComponentsKt                                         : loaded 3 times (x 67B)
Class com.google.common.collect.ReverseNaturalOrdering                                : loaded 3 times (x 110B)
Class com.amazon.ion.impl.bin.IonManagedBinaryWriter$ImportedSymbolResolverMode$2     : loaded 3 times (x 76B)
Class com.amazon.ion.impl.lite.IonTimestampLite                                       : loaded 3 times (x 188B)
Class com.amazon.ion.impl.lite.IonStructLite                                          : loaded 3 times (x 294B)
Class com.amazon.ion.impl._Private_ReaderWriter                                       : loaded 3 times (x 66B)
Class com.amazon.ion.impl.bin.AbstractSymbolTable                                     : loaded 3 times (x 103B)
Class com.amazon.ion.Decimal                                                          : loaded 3 times (x 129B)
Class com.amazon.ion.impl.bin._Private_IonManagedBinaryWriterBuilder$AllocatorMode$1  : loaded 3 times (x 76B)
Class org.gradle.tooling.model.BuildIdentifier                                        : loaded 3 times (x 66B)
Class com.google.common.collect.ImmutableMapEntrySet$RegularEntrySet                  : loaded 3 times (x 148B)
Class com.amazon.ion.IonInt                                                           : loaded 3 times (x 66B)
Class com.amazon.ion.impl.LocalSymbolTableAsStruct                                    : loaded 3 times (x 122B)
Class com.amazon.ion.impl.bin.IonRawBinaryWriter$PreallocationMode$2                  : loaded 3 times (x 78B)
Class com.google.common.collect.SetMultimap                                           : loaded 3 times (x 66B)
Class com.google.common.base.CharMatcher$InRange                                      : loaded 3 times (x 107B)
Class org.gradle.tooling.model.kotlin.dsl.KotlinDslScriptModel                        : loaded 3 times (x 66B)
Class org.gradle.tooling.internal.adapter.CollectionMapper                            : loaded 3 times (x 69B)
Class org.jetbrains.kotlin.idea.gradleTooling.KotlinGradlePluginVersion               : loaded 3 times (x 66B)
Class com.amazon.ion.impl.bin.IonManagedBinaryWriter$ImportedSymbolResolverMode       : loaded 3 times (x 76B)
Class com.amazon.ion.impl.LocalSymbolTable$Factory                                    : loaded 3 times (x 73B)
Class [Lcom.google.common.collect.ImmutableEntry;                                     : loaded 3 times (x 65B)
Class com.amazon.ion.IonFloat                                                         : loaded 3 times (x 66B)
Class com.amazon.ion.impl.lite.IonListLite                                            : loaded 3 times (x 486B)
Class com.amazon.ion.impl.lite.IonSexpLite                                            : loaded 3 times (x 486B)
Class kotlin.jvm.internal.DefaultConstructorMarker                                    : loaded 3 times (x 67B)
Class org.gradle.internal.time.TimeSource$1                                           : loaded 3 times (x 73B)
Class com.amazon.ion.impl.lite.IonFloatLite                                           : loaded 3 times (x 182B)
Class com.amazon.ion.impl._Private_IonTextWriterBuilder                               : loaded 3 times (x 98B)
Class com.amazon.ion.impl.bin._Private_IonManagedBinaryWriterBuilder$AllocatorMode$2  : loaded 3 times (x 76B)
Class com.google.common.collect.ImmutableSet$Builder                                  : loaded 3 times (x 81B)
Class com.amazon.ion.impl.bin.IonRawBinaryWriter$PreallocationMode$3                  : loaded 3 times (x 78B)
Class com.google.common.collect.ExplicitOrdering                                      : loaded 3 times (x 111B)
Class [Lcom.amazon.ion.impl.bin.IonRawBinaryWriter$PreallocationMode;                 : loaded 3 times (x 65B)
Class com.amazon.ion.util._Private_FastAppendable                                     : loaded 3 times (x 66B)
Class com.amazon.ion.impl.lite.IonIntLite                                             : loaded 3 times (x 185B)
Class kotlin.io.FileSystemException                                                   : loaded 3 times (x 78B)
Class org.jetbrains.kotlin.tooling.core.HasExtras                                     : loaded 3 times (x 66B)
Class com.google.common.collect.ComparisonChain                                       : loaded 3 times (x 76B)
Class com.android.builder.model.v2.ide.ProjectType                                    : loaded 3 times (x 75B)
Class com.google.common.collect.ReverseOrdering                                       : loaded 3 times (x 111B)
Class org.gradle.tooling.model.ProjectIdentifier                                      : loaded 3 times (x 66B)
Class org.gradle.tooling.model.idea.IdeaCompilerOutput                                : loaded 3 times (x 66B)
Class kotlin.text.MatchResult$DefaultImpls                                            : loaded 3 times (x 67B)
Class com.amazon.ion.impl.bin.IonManagedBinaryWriter$ImportedSymbolContext            : loaded 3 times (x 68B)
Class com.amazon.ion.IonSystem                                                        : loaded 3 times (x 66B)
Class org.gradle.internal.exceptions.ResolutionProvider                               : loaded 3 times (x 66B)
Class org.gradle.tooling.internal.adapter.ProtocolToModelAdapter$MixInMappingAction   : loaded 3 times (x 76B)
Class com.android.builder.model.v2.models.VariantDependenciesFlatList                 : loaded 3 times (x 66B)
Class org.gradle.tooling.model.build.JavaEnvironment                                  : loaded 3 times (x 66B)
Class com.amazon.ion.impl._Private_RecyclingStack                                     : loaded 3 times (x 75B)
Class com.amazon.ion.impl._Private_IonReaderBuilder                                   : loaded 3 times (x 91B)
Class com.amazon.ion.IonMutableCatalog                                                : loaded 3 times (x 66B)
Class com.amazon.ion.impl.lite.IonDecimalLite                                         : loaded 3 times (x 184B)
Class com.amazon.ion.IonList                                                          : loaded 3 times (x 66B)
Class com.google.common.collect.ImmutableMapEntry$NonTerminalImmutableMapEntry        : loaded 3 times (x 81B)
Class org.jetbrains.plugins.gradle.ExternalDependencyId                               : loaded 3 times (x 66B)
Class com.google.common.collect.ImmutableMultimap                                     : loaded 3 times (x 143B)
Class org.gradle.tooling.internal.adapter.ProtocolToModelAdapter                      : loaded 3 times (x 76B)
Class com.amazon.ion.IonBufferConfiguration$Builder                                   : loaded 3 times (x 74B)
Class org.gradle.tooling.internal.gradle.GradleBuildIdentity                          : loaded 3 times (x 66B)
Class com.amazon.ion.impl.bin.IonManagedBinaryWriter$ImportedSymbolResolverMode$1     : loaded 3 times (x 76B)
Class com.amazon.ion.impl.lite.IonSymbolLite                                          : loaded 3 times (x 242B)
Class com.amazon.ion.impl.LocalSymbolTable                                            : loaded 3 times (x 117B)
Class [Lcom.amazon.ion.impl.bin.IonRawBinaryWriter$StreamCloseMode;                   : loaded 3 times (x 65B)
Class com.amazon.ion.impl.lite.IonBlobLite                                            : loaded 3 times (x 215B)
Class com.android.builder.model.v2.ide.SourceSetContainer                             : loaded 3 times (x 66B)
Class org.gradle.internal.time.Timer                                                  : loaded 3 times (x 66B)
Class com.google.common.collect.ImmutableMapEntry                                     : loaded 3 times (x 81B)
Class org.gradle.tooling.model.kotlin.dsl.KotlinDslScriptsModel                       : loaded 3 times (x 66B)
Class org.gradle.internal.time.TimeSource                                             : loaded 3 times (x 66B)
Class org.gradle.internal.time.DefaultTimer                                           : loaded 3 times (x 76B)
Class org.gradle.tooling.model.idea.IdeaDependencyScope                               : loaded 3 times (x 66B)
Class [Lcom.amazon.ion.impl.bin.IonRawBinaryWriter$ContainerType;                     : loaded 3 times (x 65B)
Class com.amazon.ion.impl.bin.IonManagedBinaryWriter                                  : loaded 3 times (x 162B)
Class com.amazon.ion.impl.bin.WriteBuffer                                             : loaded 3 times (x 74B)
Class org.gradle.tooling.internal.adapter.ProtocolToModelAdapter$ViewGraphDetails     : loaded 3 times (x 68B)
Class kotlin.collections.AbstractList$SubList                                         : loaded 3 times (x 194B)
Class org.gradle.tooling.model.idea.IdeaProject                                       : loaded 3 times (x 66B)
Class com.google.common.base.CharMatcher$And                                          : loaded 3 times (x 108B)
Class org.gradle.tooling.model.DomainObjectSet                                        : loaded 3 times (x 66B)
Class com.amazon.ion.impl.bin.utf8.Utf8StringEncoder$Result                           : loaded 3 times (x 70B)
Class com.amazon.ion.impl.lite.ValueFactoryLite                                       : loaded 3 times (x 214B)
Class com.amazon.ion.impl.bin.PooledBlockAllocatorProvider$PooledBlockAllocator$1     : loaded 3 times (x 75B)
Class com.amazon.ion.impl.lite.IonStringLite                                          : loaded 3 times (x 208B)
Class com.google.common.base.CharMatcher$IsNot                                        : loaded 3 times (x 107B)
Class com.amazon.ion.impl.bin.utf8.Pool$Allocator                                     : loaded 3 times (x 66B)
Class org.gradle.internal.operations.MultipleBuildOperationFailures                   : loaded 3 times (x 91B)
Class org.gradle.tooling.internal.adapter.ProtocolToModelAdapter$ViewKey              : loaded 3 times (x 68B)
Class com.amazon.ion.IonType                                                          : loaded 3 times (x 75B)
Class com.amazon.ion.impl.lite._Private_LiteDomTrampoline                             : loaded 3 times (x 67B)
Class com.amazon.ion.impl._Private_RecyclingQueue$ElementIterator                     : loaded 3 times (x 78B)
Class com.amazon.ion.impl.bin.IntList                                                 : loaded 3 times (x 73B)
Class org.gradle.tooling.model.gradle.GradleScript                                    : loaded 3 times (x 66B)
Class com.amazon.ion.IonText                                                          : loaded 3 times (x 66B)
Class com.amazon.ion.impl.SymbolTokenImpl                                             : loaded 3 times (x 77B)
Class org.gradle.tooling.internal.adapter.MethodInvocation                            : loaded 3 times (x 81B)
Class com.google.common.collect.IndexedImmutableSet                                   : loaded 3 times (x 148B)
Class com.google.common.collect.ImmutableMap$1                                        : loaded 3 times (x 77B)
Class com.google.common.collect.BiMap                                                 : loaded 3 times (x 66B)
Class com.amazon.ion.BufferConfiguration$Builder                                      : loaded 3 times (x 74B)
Class kotlin.text.StringsKt__StringNumberConversionsKt                                : loaded 3 times (x 67B)
Class kotlin.io.FilesKt__FileReadWriteKt                                              : loaded 3 times (x 67B)
Class org.gradle.internal.time.MonotonicClock                                         : loaded 3 times (x 73B)
Class com.amazon.ion.impl.bin.Block                                                   : loaded 3 times (x 75B)
Class kotlin.jvm.internal.markers.KMutableList                                        : loaded 3 times (x 66B)
Class kotlin.text.MatchNamedGroupCollection                                           : loaded 3 times (x 66B)
Class com.android.builder.model.v2.CustomSourceDirectory                              : loaded 3 times (x 66B)
Class kotlin.sequences.TransformingSequence                                           : loaded 3 times (x 71B)
Class com.google.common.collect.NullsFirstOrdering                                    : loaded 3 times (x 111B)
Class com.android.ide.common.repository.AgpVersion                                    : loaded 3 times (x 71B)
Class kotlin.ResultKt                                                                 : loaded 3 times (x 67B)
Class com.google.common.collect.UsingToStringOrdering                                 : loaded 3 times (x 110B)
Class org.gradle.tooling.internal.adapter.ProtocolToModelAdapter$PropertyCachingMethodInvoker: loaded 3 times (x 72B)
Class com.amazon.ion.SubstituteSymbolTableException                                   : loaded 3 times (x 80B)
Class com.android.builder.model.v2.ide.BasicArtifact                                  : loaded 3 times (x 66B)
Class com.android.utils.FileUtils                                                     : loaded 3 times (x 67B)
Class org.gradle.util.internal.DefaultGradleVersion$Stage                             : loaded 3 times (x 71B)
Class kotlin.coroutines.jvm.internal.RestrictedContinuationImpl                       : loaded 3 times (x 83B)
Class com.google.common.collect.ComparisonChain$InactiveComparisonChain               : loaded 3 times (x 76B)
Class com.intellij.util.ThrowableConsumer                                             : loaded 3 times (x 66B)
Class com.amazon.ion.impl.bin.PooledBlockAllocatorProvider                            : loaded 3 times (x 69B)
Class com.amazon.ion.IonContainer                                                     : loaded 3 times (x 66B)
Class com.amazon.ion.impl.lite.IonValueLite                                           : loaded 3 times (x 143B)
Class com.amazon.ion.impl._Private_IonSymbol                                          : loaded 3 times (x 66B)
Class kotlin.text.StringsKt                                                           : loaded 3 times (x 67B)
Class com.google.common.collect.ImmutableMap$MapViewOfValuesAsSingletonSets           : loaded 3 times (x 122B)
Class com.amazon.ion.impl.bin.utf8.Utf8StringEncoderPool$1                            : loaded 3 times (x 72B)
Class com.amazon.ion.impl.lite.IonLoaderLite                                          : loaded 3 times (x 78B)
Class com.amazon.ion.impl.lite.IonContext                                             : loaded 3 times (x 66B)
Class com.amazon.ion.impl.IonWriterSystemText                                         : loaded 3 times (x 186B)
Class [Lcom.amazon.ion.impl.bin.IonManagedBinaryWriter$ImportedSymbolResolverMode;    : loaded 3 times (x 65B)
Class com.amazon.ion.ValueFactory                                                     : loaded 3 times (x 66B)
Class com.google.common.collect.RegularImmutableMap                                   : loaded 3 times (x 117B)
Class kotlin.coroutines.jvm.internal.SuspendFunction                                  : loaded 3 times (x 66B)
Class com.android.builder.model.v2.models.ProjectSyncIssues                           : loaded 3 times (x 66B)
Class kotlin.Result$Failure                                                           : loaded 3 times (x 68B)
Class org.gradle.util.GradleVersion                                                   : loaded 3 times (x 75B)
Class com.amazon.ion.impl.bin.IonManagedBinaryWriter$ImportDescriptor                 : loaded 3 times (x 72B)
Class com.amazon.ion.SymbolTable                                                      : loaded 3 times (x 66B)
Class org.gradle.internal.time.DefaultCountdownTimer                                  : loaded 3 times (x 84B)
Class com.amazon.ion.impl._Private_SymtabExtendsCache                                 : loaded 3 times (x 68B)
Class com.amazon.ion.impl.bin.utf8.Pool                                               : loaded 3 times (x 70B)
Class kotlin.jvm.internal.StringCompanionObject                                       : loaded 3 times (x 67B)
Class org.gradle.tooling.internal.adapter.TargetTypeProvider                          : loaded 3 times (x 66B)
Class org.jetbrains.plugins.gradle.model.UnresolvedExternalDependency                 : loaded 3 times (x 66B)
Class kotlin.coroutines.intrinsics.IntrinsicsKt__IntrinsicsJvmKt                      : loaded 3 times (x 67B)
Class com.amazon.ion.system.IonBinaryWriterBuilder                                    : loaded 3 times (x 95B)
Class com.amazon.ion.impl.bin.IonManagedBinaryWriter$UserState$4                      : loaded 3 times (x 81B)
Class com.amazon.ion.impl.bin.IonManagedBinaryWriter$SymbolState$4                    : loaded 3 times (x 76B)
Class com.google.common.base.CharMatcher$AnyOf                                        : loaded 3 times (x 108B)
Class kotlin.io.FilesKt__UtilsKt                                                      : loaded 3 times (x 67B)
Class kotlin.coroutines.jvm.internal.CoroutineStackFrame                              : loaded 3 times (x 66B)
Class org.gradle.tooling.internal.adapter.ProtocolToModelAdapter$MethodInvocationCache$MethodInvocationKey: loaded 3 times (x 69B)
Class com.google.common.collect.Lists$TransformingRandomAccessList                    : loaded 3 times (x 195B)
Class [Lcom.amazon.ion.impl.bin.IonManagedBinaryWriter$SymbolState;                   : loaded 3 times (x 65B)
Class com.amazon.ion.IonBinaryWriter                                                  : loaded 3 times (x 66B)
Class com.google.common.collect.ObjectArrays                                          : loaded 3 times (x 67B)
Class com.amazon.ion.impl.bin.IonRawBinaryWriter$StreamFlushMode                      : loaded 3 times (x 75B)
Class com.amazon.ion.impl.bin.IonManagedBinaryWriter$SymbolState$3                    : loaded 3 times (x 76B)
Class com.amazon.ion.impl.bin.IonRawBinaryWriter$ContainerInfo                        : loaded 3 times (x 70B)
Class com.amazon.ion.impl._Private_IonReaderBuilder$TwoElementSequenceInputStream     : loaded 3 times (x 88B)
Class com.amazon.ion.impl.bin.IonManagedBinaryWriter$SymbolResolver                   : loaded 3 times (x 66B)
Class com.amazon.ion.impl._Private_SymbolToken                                        : loaded 3 times (x 66B)
Class com.google.common.base.CharMatcher$ForPredicate                                 : loaded 3 times (x 108B)
Class com.amazon.ion.impl.bin._Private_IonManagedBinaryWriterBuilder$AllocatorMode    : loaded 3 times (x 76B)
Class com.amazon.ion.impl._Private_IonWriterBase                                      : loaded 3 times (x 158B)
Class com.amazon.ion.system.IonSystemBuilder                                          : loaded 3 times (x 71B)
Class kotlin.coroutines.intrinsics.IntrinsicsKt__IntrinsicsKt                         : loaded 3 times (x 67B)
Class com.amazon.ion.IonCatalog                                                       : loaded 3 times (x 66B)
Class org.gradle.tooling.internal.adapter.ProtocolToModelAdapter$AdaptingMethodInvoker: loaded 3 times (x 72B)
Class org.gradle.tooling.internal.gradle.DefaultBuildIdentifier                       : loaded 3 times (x 75B)
Class kotlin.io.NoSuchFileException                                                   : loaded 3 times (x 78B)
Class kotlin.text.RegexKt                                                             : loaded 3 times (x 67B)
Class com.google.common.collect.ImmutableMapEntrySet                                  : loaded 3 times (x 148B)
Class com.google.common.collect.ImmutableSortedAsList                                 : loaded 3 times (x 217B)
Class com.amazon.ion.impl._Private_IonReaderBuilder$Mutable                           : loaded 3 times (x 91B)
Class org.gradle.tooling.internal.adapter.ProtocolToModelAdapter$InvocationHandlerImpl: loaded 3 times (x 73B)
Class org.gradle.tooling.model.build.GradleEnvironment                                : loaded 3 times (x 66B)
Class com.amazon.ion.IonNull                                                          : loaded 3 times (x 66B)
Class com.amazon.ion.impl.bin.IonManagedBinaryWriter$SymbolState$2                    : loaded 3 times (x 76B)
Class com.android.builder.model.v2.models.VariantDependenciesAdjacencyList            : loaded 3 times (x 66B)
Class com.amazon.ion.IonException                                                     : loaded 3 times (x 80B)
Class org.gradle.tooling.internal.adapter.ObjectGraphAdapter                          : loaded 3 times (x 66B)
Class kotlin.internal.ProgressionUtilKt                                               : loaded 3 times (x 67B)
Class com.android.ide.common.repository.AgpVersion$PreviewKind$Companion              : loaded 3 times (x 67B)
Class kotlin.io.FileAlreadyExistsException                                            : loaded 3 times (x 78B)
Class com.amazon.ion.impl.bin.IonManagedBinaryWriter$UserState$3                      : loaded 3 times (x 81B)
Class com.google.common.base.CharMatcher$IsEither                                     : loaded 3 times (x 107B)
Class kotlin.coroutines.CoroutineContext                                              : loaded 3 times (x 66B)
Class kotlin.coroutines.jvm.internal.DebugProbesKt                                    : loaded 3 times (x 67B)
Class org.gradle.tooling.internal.adapter.WeakIdentityHashMap                         : loaded 3 times (x 72B)
Class org.gradle.tooling.GradleConnectionException                                    : loaded 3 times (x 79B)
Class kotlin.sequences.FilteringSequence$iterator$1                                   : loaded 3 times (x 75B)
Class [Lcom.amazon.ion.IonType;                                                       : loaded 3 times (x 65B)
Class com.amazon.ion.impl.LocalSymbolTableAsStruct$Factory                            : loaded 3 times (x 75B)
Class com.amazon.ion.impl.bin.IonManagedBinaryWriter$SymbolState$1                    : loaded 3 times (x 76B)
Class com.google.common.collect.ImmutableBiMap                                        : loaded 3 times (x 139B)
Class com.android.builder.model.v2.models.ndk.NativeModule                            : loaded 3 times (x 66B)
Class kotlin.io.FilesKt__FileTreeWalkKt                                               : loaded 3 times (x 67B)
Class org.gradle.tooling.internal.adapter.ProtocolToModelAdapter$1                    : loaded 3 times (x 71B)
Class org.gradle.tooling.internal.adapter.ProtocolToModelAdapter$ViewDecoration       : loaded 3 times (x 66B)
Class com.amazon.ion.impl._Private_RecyclingQueue$Recycler                            : loaded 3 times (x 66B)
Class org.gradle.tooling.internal.adapter.ProtocolToModelAdapter$MethodInvocationCache: loaded 3 times (x 69B)
Class com.android.builder.model.v2.models.Versions                                    : loaded 3 times (x 66B)
Class kotlin.jvm.internal.CollectionToArray                                           : loaded 3 times (x 67B)
Class com.google.common.collect.ImmutableMap$IteratorBasedImmutableMap                : loaded 3 times (x 122B)
Class com.amazon.ion.impl.lite.ContainerlessContext                                   : loaded 3 times (x 76B)
Class kotlin.Metadata                                                                 : loaded 3 times (x 66B)
Class kotlin.text.MatchResult$Destructured                                            : loaded 3 times (x 68B)
Class com.google.common.collect.ForwardingCollection                                  : loaded 3 times (x 126B)
Class com.amazon.ion.UnknownSymbolException                                           : loaded 3 times (x 82B)
Class com.google.common.collect.LexicographicalOrdering                               : loaded 3 times (x 111B)
Class org.gradle.tooling.model.Model                                                  : loaded 3 times (x 66B)
Class org.gradle.tooling.internal.adapter.MethodInvoker                               : loaded 3 times (x 66B)
Class com.google.common.collect.ImmutableMap$Builder                                  : loaded 3 times (x 78B)
Class com.amazon.ion.impl._Private_IonValue                                           : loaded 3 times (x 66B)
Class com.amazon.ion.IonBufferConfiguration                                           : loaded 3 times (x 69B)
Class com.amazon.ion.impl.bin.Symbols                                                 : loaded 3 times (x 67B)
Class com.amazon.ion.impl.bin.IonManagedBinaryWriter$UserState$2                      : loaded 3 times (x 81B)
Class com.amazon.ion.impl.bin.IonRawBinaryWriter$ThrowingRunnable                     : loaded 3 times (x 66B)
Class com.amazon.ion.impl.bin.IonManagedBinaryWriter$LocalSymbolTableView             : loaded 3 times (x 103B)
Class com.amazon.ion.impl._Private_RecyclingStack$Recycler                            : loaded 3 times (x 66B)
Class org.gradle.tooling.internal.gradle.GradleProjectIdentity                        : loaded 3 times (x 66B)
Class com.google.common.collect.Iterables                                             : loaded 3 times (x 67B)
Class com.google.common.collect.RegularImmutableMap$KeySet                            : loaded 3 times (x 148B)
Class com.amazon.ion.UnexpectedEofException                                           : loaded 3 times (x 80B)
Class com.amazon.ion.impl.bin.IonManagedBinaryWriter$SymbolResolverBuilder            : loaded 3 times (x 66B)
Class com.amazon.ion.system.IonSystemBuilder$Mutable                                  : loaded 3 times (x 71B)
Class org.jetbrains.plugins.gradle.model.ExternalProjectDependency                    : loaded 3 times (x 66B)
Class kotlin.collections.ArrayDeque                                                   : loaded 3 times (x 203B)
Class com.amazon.ion.IonSexp                                                          : loaded 3 times (x 66B)
Class kotlin.text.StringsKt__StringsKt                                                : loaded 3 times (x 67B)
Class com.amazon.ion.ReadOnlyValueException                                           : loaded 3 times (x 80B)
Class com.amazon.ion.impl._Private_LocalSymbolTable                                   : loaded 3 times (x 66B)
Class kotlin.text.StringsKt__IndentKt                                                 : loaded 3 times (x 67B)
Class com.amazon.ion.BufferConfiguration$DataHandler                                  : loaded 3 times (x 66B)
Class [Lcom.amazon.ion.impl.bin.AbstractIonWriter$WriteValueOptimization;             : loaded 3 times (x 65B)
Class com.amazon.ion.impl._Private_IonBinaryWriterBuilder                             : loaded 3 times (x 111B)
Class kotlin.sequences.FlatteningSequence                                             : loaded 3 times (x 71B)
Class com.android.builder.model.v2.AndroidModel                                       : loaded 3 times (x 66B)
Class com.android.builder.model.v2.models.AndroidProject                              : loaded 3 times (x 66B)
Class kotlin.text.MatcherMatchResult                                                  : loaded 3 times (x 76B)
Class [Lcom.amazon.ion.SymbolToken;                                                   : loaded 3 times (x 65B)
Class kotlin.text.StringsKt__StringsJVMKt                                             : loaded 3 times (x 67B)
Class kotlin.text.MatchGroupCollection                                                : loaded 3 times (x 66B)
Class com.amazon.ion.impl.bin.IonManagedBinaryWriter$UserState$1                      : loaded 3 times (x 81B)
Class com.amazon.ion.impl.bin._Private_IonManagedBinaryWriterBuilder                  : loaded 3 times (x 68B)
Class org.gradle.tooling.internal.adapter.ProtocolToModelAdapter$DefaultViewBuilder   : loaded 3 times (x 76B)
Class com.amazon.ion.impl._Private_IonWriter                                          : loaded 3 times (x 66B)
Class com.amazon.ion.impl.bin.IonManagedBinaryWriter$UserState                        : loaded 3 times (x 81B)
Class com.google.common.collect.Multimap                                              : loaded 3 times (x 66B)
Class [Lorg.jetbrains.kotlin.config.JvmDefaultMode;                                   : loaded 2 times (x 65B)
Class com.google.common.collect.ImmutableMultimap$Keys                                : loaded 2 times (x 162B)
Class com.android.builder.model.v2.ide.JavaArtifact                                   : loaded 2 times (x 66B)
Class com.google.common.primitives.IntsMethodsForWeb                                  : loaded 2 times (x 67B)
Class org.jetbrains.kotlin.cli.common.messages.MessageCollector                       : loaded 2 times (x 66B)
Class kotlin.ranges.ClosedRange                                                       : loaded 2 times (x 66B)
Class org.gradle.api.internal.ClassPathRegistry                                       : loaded 2 times (x 66B)
Class org.gradle.internal.classpath.DefaultClassPath$ImmutableUniqueList              : loaded 2 times (x 195B)
Class com.google.common.reflect.Invokable$ConstructorInvokable                        : loaded 2 times (x 103B)
Class com.google.common.collect.Maps$EntryFunction$2                                  : loaded 2 times (x 87B)
Class ijJvmDebugger1_ecfgso8jaqt0z3dnaum6lbzry$_run_closure1$_closure2                : loaded 2 times (x 136B)
Class org.jetbrains.kotlin.protobuf.AbstractMessageLite$Builder$LimitedInputStream    : loaded 2 times (x 88B)
Class org.jetbrains.kotlin.protobuf.SmallSortedMap$EmptySet$1                         : loaded 2 times (x 74B)
Class org.jetbrains.plugins.gradle.tooling.builder.EarModelBuilderImplKt              : loaded 2 times (x 67B)
Class org.jetbrains.plugins.gradle.tooling.builder.MavenRepositoriesModelBuilder      : loaded 2 times (x 77B)
Class org.jetbrains.kotlin.metadata.ProtoBuf$Type$Argument$Projection$1               : loaded 2 times (x 70B)
Class org.gradle.tooling.model.Launchable                                             : loaded 2 times (x 66B)
Class org.gradle.tooling.model.cpp.CppComponent                                       : loaded 2 times (x 66B)
Class com.intellij.gradle.toolingExtension.impl.model.warmUp.GradleTaskWarmUpModelProvider: loaded 2 times (x 73B)
Class org.jetbrains.kotlin.descriptors.Visibilities$Protected                         : loaded 2 times (x 75B)
Class org.jetbrains.kotlin.metadata.ProtoBuf$PackageOrBuilder                         : loaded 2 times (x 66B)
Class org.jetbrains.kotlin.metadata.jvm.JvmProtoBuf$JvmPropertySignature              : loaded 2 times (x 110B)
Class org.jetbrains.kotlin.metadata.ProtoBuf$ValueParameterOrBuilder                  : loaded 2 times (x 66B)
Class org.jetbrains.org.objectweb.asm.ByteVector                                      : loaded 2 times (x 74B)
Class org.jetbrains.kotlin.protobuf.SmallSortedMap$EmptySet$2                         : loaded 2 times (x 74B)
Class org.gradle.tooling.internal.consumer.connection.UnparameterizedBuildController  : loaded 2 times (x 97B)
Class com.google.common.reflect.TypeToken                                             : loaded 2 times (x 69B)
Class com.google.common.collect.MapMakerInternalMap$Segment                           : loaded 2 times (x 138B)
Class com.google.common.base.ExtraObjectsMethodsForWeb                                : loaded 2 times (x 67B)
Class jdk.internal.jimage.decompressor.ResourceDecompressor                           : loaded 2 times (x 66B)
Class kotlin.collections.IntIterator                                                  : loaded 2 times (x 78B)
Class io.opentelemetry.api.internal.AutoValue_ImmutableSpanContext                    : loaded 2 times (x 88B)
Class org.jetbrains.kotlin.idea.gradleTooling.PrepareKotlinIdeaImportTaskModelBuilder$Companion: loaded 2 times (x 67B)
Class org.jetbrains.plugins.gradle.tooling.ModelBuilderService                        : loaded 2 times (x 66B)
Class com.intellij.gradle.toolingExtension.impl.modelSerialization.SerializationServiceNotFoundException: loaded 2 times (x 78B)
Class com.android.tools.idea.projectsystem.gradle.sync.Counter                        : loaded 2 times (x 68B)
Class com.android.builder.model.ProjectSyncIssues                                     : loaded 2 times (x 66B)
Class com.android.tools.idea.gradle.project.sync.BasicIncompleteGradleModule          : loaded 2 times (x 69B)
Class com.intellij.gradle.toolingExtension.impl.model.dependencyDownloadPolicyModel.GradleDependencyDownloadPolicyBuilder: loaded 2 times (x 82B)
Class com.intellij.openapi.util.io.FileUtilRt$RepeatableIOOperation                   : loaded 2 times (x 66B)
Class org.gradle.api.internal.DefaultClassPathRegistry                                : loaded 2 times (x 72B)
Class org.gradle.tooling.internal.consumer.versioning.ModelMapping$DefaultModelIdentifier: loaded 2 times (x 72B)
Class io.opentelemetry.api.trace.ImmutableTraceFlags                                  : loaded 2 times (x 73B)
Class org.jetbrains.kotlin.descriptors.DeclarationDescriptor                          : loaded 2 times (x 66B)
Class org.jetbrains.kotlin.descriptors.DescriptorVisibilities                         : loaded 2 times (x 67B)
Class [Lorg.jetbrains.org.objectweb.asm.AnnotationWriter;                             : loaded 2 times (x 65B)
Class org.jetbrains.org.objectweb.asm.tree.LookupSwitchInsnNode                       : loaded 2 times (x 74B)
Class org.jetbrains.kotlin.load.kotlin.KotlinJvmBinaryClass$AnnotationArrayArgumentVisitor: loaded 2 times (x 66B)
Class com.google.common.cache.RemovalListener                                         : loaded 2 times (x 66B)
Class org.objectweb.asm.tree.LineNumberNode                                           : loaded 2 times (x 75B)
Class com.google.common.cache.RemovalCause                                            : loaded 2 times (x 76B)
Class org.jetbrains.kotlin.config.JvmDefaultMode$Companion                            : loaded 2 times (x 67B)
Class com.google.common.io.ByteSink                                                   : loaded 2 times (x 72B)
Class com.android.builder.model.v2.dsl.SigningConfig                                  : loaded 2 times (x 66B)
Class org.objectweb.asm.tree.UnsupportedClassVersionException                         : loaded 2 times (x 78B)
Class com.google.common.cache.CacheBuilder                                            : loaded 2 times (x 68B)
Class Settings_gradle$1                                                               : loaded 2 times (x 70B)
Class org.gradle.internal.classpath.ClassPath                                         : loaded 2 times (x 66B)
Class com.intellij.gradle.toolingExtension.impl.javaModel.manifestModel.DefaultJavaGradleManifestModel: loaded 2 times (x 72B)
Class com.intellij.openapi.externalSystem.model.project.ExternalSystemSourceType      : loaded 2 times (x 81B)
Class org.objectweb.asm.tree.FrameNode                                                : loaded 2 times (x 75B)
Class org.jetbrains.kotlin.idea.gradleTooling.model.kapt.KaptModelBuilderService      : loaded 2 times (x 82B)
Class com.intellij.gradle.toolingExtension.impl.model.sourceSetArtifactIndex.GradleSourceSetArtifactIndexBuilder: loaded 2 times (x 82B)
Class com.android.tools.idea.gradle.project.sync.AgpVersionTooNew                     : loaded 2 times (x 78B)
Class org.jetbrains.kotlin.cli.common.arguments.CommonToolArguments$Companion         : loaded 2 times (x 67B)
Class com.google.common.collect.AbstractMapBasedMultimap$WrappedCollection$WrappedIterator: loaded 2 times (x 80B)
Class com.google.common.base.Present                                                  : loaded 2 times (x 77B)
Class com.android.tools.idea.projectsystem.gradle.sync.PerformanceMeasurementUtilKt   : loaded 2 times (x 67B)
Class org.gradle.tooling.internal.consumer.connection.StreamingAwareBuildControllerAdapter: loaded 2 times (x 97B)
Class com.google.common.collect.Maps$EntryFunction$1                                  : loaded 2 times (x 87B)
Class com.android.tools.idea.gradle.project.sync.SwitchVariantRequest                 : loaded 2 times (x 68B)
Class org.jetbrains.kotlin.metadata.deserialization.TypeTable                         : loaded 2 times (x 68B)
Class org.jetbrains.kotlin.load.kotlin.FileBasedKotlinClass$1                         : loaded 2 times (x 83B)
Class kotlin.sequences.SequencesKt__SequencesKt$asSequence$$inlined$Sequence$1        : loaded 2 times (x 71B)
Class [Lcom.google.common.reflect.Types$JavaVersion;                                  : loaded 2 times (x 65B)
Class com.google.common.collect.Interners$InternerBuilder                             : loaded 2 times (x 72B)
Class com.google.common.io.Files$FileByteSource                                       : loaded 2 times (x 81B)
Class org.objectweb.asm.tree.IincInsnNode                                             : loaded 2 times (x 74B)
Class com.google.common.base.JdkPattern                                               : loaded 2 times (x 71B)
Class kotlin.io.ByteStreamsKt                                                         : loaded 2 times (x 67B)
Class org.jetbrains.org.objectweb.asm.MethodVisitor                                   : loaded 2 times (x 100B)
Class org.jetbrains.org.objectweb.asm.tree.VarInsnNode                                : loaded 2 times (x 74B)
Class org.jetbrains.org.objectweb.asm.FieldWriter                                     : loaded 2 times (x 73B)
Class com.android.builder.model.v2.ide.TestSuiteVariantTarget                         : loaded 2 times (x 66B)
Class [Lkotlin.reflect.KAnnotatedElement;                                             : loaded 2 times (x 65B)
Class org.jetbrains.plugins.gradle.tooling.serialization.internal.adapter.kotlin.dsl.InternalKotlinDslScriptModel: loaded 2 times (x 80B)
Class [Lio.opentelemetry.api.trace.TraceFlags;                                        : loaded 2 times (x 65B)
Class [Lio.opentelemetry.context.ContextStorage;                                      : loaded 2 times (x 65B)
Class com.intellij.platform.diagnostic.telemetry.rt.context.TelemetryContext          : loaded 2 times (x 130B)
Class org.jetbrains.kotlin.metadata.ProtoBuf$Type$ArgumentOrBuilder                   : loaded 2 times (x 66B)
Class kotlin.jvm.internal.Lambda                                                      : loaded 2 times (x 71B)
Class org.jetbrains.kotlin.protobuf.GeneratedMessageLite$GeneratedExtension           : loaded 2 times (x 75B)
Class org.jetbrains.kotlin.load.kotlin.FileBasedKotlinClass$2                         : loaded 2 times (x 83B)
Class org.objectweb.asm.tree.InnerClassNode                                           : loaded 2 times (x 69B)
Class org.objectweb.asm.tree.TypeInsnNode                                             : loaded 2 times (x 75B)
Class org.jetbrains.kotlin.cli.common.arguments.Freezable                             : loaded 2 times (x 68B)
Class org.objectweb.asm.SymbolTable$Entry                                             : loaded 2 times (x 70B)
Class com.google.common.util.concurrent.AbstractFuture$AtomicHelper                   : loaded 2 times (x 74B)
Class com.google.gson.internal.JsonReaderInternalAccess                               : loaded 2 times (x 68B)
Class com.android.tools.idea.gradle.project.sync.SyncActionRunnerKt                   : loaded 2 times (x 67B)
Class com.android.builder.model.Variant                                               : loaded 2 times (x 66B)
Class com.android.tools.idea.gradle.project.sync.ModelCacheKt                         : loaded 2 times (x 67B)
Class org.jetbrains.kotlin.idea.gradleTooling.model.noarg.NoArgModelBuilderService    : loaded 2 times (x 81B)
Class org.gradle.internal.impldep.com.google.common.collect.UnmodifiableListIterator  : loaded 2 times (x 91B)
Class com.google.common.util.concurrent.AbstractFuture$Cancellation                   : loaded 2 times (x 68B)
Class com.android.tools.idea.gradle.project.sync.ActionToRun                          : loaded 2 times (x 68B)
Class org.gradle.internal.impldep.com.google.common.base.Optional                     : loaded 2 times (x 76B)
Class org.gradle.tooling.model.eclipse.EclipseClasspathEntry                          : loaded 2 times (x 66B)
Class io.opentelemetry.context.ThreadLocalContextStorage                              : loaded 2 times (x 81B)
Class com.google.common.io.Files$2                                                    : loaded 2 times (x 72B)
Class org.jetbrains.kotlin.metadata.ProtoBuf$Class                                    : loaded 2 times (x 176B)
Class org.jetbrains.kotlin.metadata.ProtoBuf$Property$1                               : loaded 2 times (x 140B)
Class org.jetbrains.kotlin.metadata.ProtoBuf$Type                                     : loaded 2 times (x 141B)
Class org.jetbrains.org.objectweb.asm.ClassWriter                                     : loaded 2 times (x 100B)
Class org.jetbrains.kotlin.load.kotlin.FileBasedKotlinClass$3                         : loaded 2 times (x 73B)
Class com.android.builder.model.v2.ide.Variant                                        : loaded 2 times (x 66B)
Class org.objectweb.asm.Edge                                                          : loaded 2 times (x 68B)
Class com.google.common.base.Suppliers$SupplierOfInstance                             : loaded 2 times (x 75B)
Class jdk.internal.jimage.ImageStringsReader                                          : loaded 2 times (x 76B)
Class com.google.common.base.NullnessCasts                                            : loaded 2 times (x 67B)
Class org.jetbrains.kotlin.build.report.metrics.BuildMetricsReporter                  : loaded 2 times (x 66B)
Class com.android.ide.common.repository.AgpVersion$PreviewKind$WhenMappings           : loaded 2 times (x 67B)
Class org.jetbrains.kotlin.protobuf.LazyFieldLite                                     : loaded 2 times (x 78B)
Class org.jetbrains.kotlin.protobuf.LiteralByteString                                 : loaded 2 times (x 108B)
Class com.android.tools.idea.gradle.project.sync.AndroidExtraModelProviderWorker      : loaded 2 times (x 68B)
Class kotlin.collections.IndexingIterator                                             : loaded 2 times (x 75B)
Class org.gradle.tooling.internal.adapter.ProtocolToModelAdapter$BeanMixInMethodInvoker: loaded 2 times (x 72B)
Class com.intellij.gradle.toolingExtension.modelAction.GradleModelFetchPhase          : loaded 2 times (x 75B)
Class org.jetbrains.kotlin.load.kotlin.FileBasedKotlinClass$4                         : loaded 2 times (x 83B)
Class com.google.common.reflect.TypeToken$1                                           : loaded 2 times (x 106B)
Class org.objectweb.asm.tree.LabelNode                                                : loaded 2 times (x 76B)
Class org.objectweb.asm.tree.RecordComponentNode                                      : loaded 2 times (x 75B)
Class com.google.common.cache.LocalCache$ComputingValueReference                      : loaded 2 times (x 92B)
Class com.intellij.gradle.toolingExtension.impl.modelAction.GradleModelId             : loaded 2 times (x 68B)
Class sync_studio_tooling_53a5vlg9cey4smyek1fevv4ld                                   : loaded 2 times (x 175B)
Class org.gradle.internal.impldep.com.google.common.collect.Multimap                  : loaded 2 times (x 66B)
Class com.intellij.gradle.toolingExtension.impl.model.dependencyDownloadPolicyModel.GradleDependencyDownloadPolicyCache: loaded 2 times (x 71B)
Class org.jetbrains.plugins.gradle.tooling.MessageReporter                            : loaded 2 times (x 66B)
Class org.jetbrains.kotlin.idea.gradleTooling.model.annotation.AnnotationBasedPluginModel: loaded 2 times (x 66B)
Class jdk.internal.jimage.ImageHeader                                                 : loaded 2 times (x 67B)
Class com.intellij.compose.ide.plugin.gradleTooling.rt.ComposeResourcesModelBuilder   : loaded 2 times (x 74B)
Class org.jetbrains.kotlin.idea.gradleTooling.model.assignment.AssignmentModelBuilderService: loaded 2 times (x 81B)
Class [Lcom.google.common.collect.SortedLists$KeyAbsentBehavior;                      : loaded 2 times (x 65B)
Class com.google.gson.stream.JsonReader$1                                             : loaded 2 times (x 68B)
Class [Lcom.android.tools.idea.gradle.project.sync.MeasurementCheckpoint;             : loaded 2 times (x 65B)
Class org.jetbrains.plugins.gradle.tooling.serialization.internal.adapter.InternalBuildEnvironment: loaded 2 times (x 76B)
Class io.opentelemetry.context.ContextExecutorService                                 : loaded 2 times (x 100B)
Class io.opentelemetry.context.Context                                                : loaded 2 times (x 66B)
Class com.google.common.cache.Cache                                                   : loaded 2 times (x 66B)
Class [Lcom.android.tools.idea.gradle.project.sync.SyncTestMode;                      : loaded 2 times (x 65B)
Class com.intellij.gradle.toolingExtension.impl.modelSerialization.ToolingSerializerConverter: loaded 2 times (x 69B)
Class org.jetbrains.org.objectweb.asm.tree.LocalVariableNode                          : loaded 2 times (x 69B)
Class org.jetbrains.kotlin.metadata.ProtoBuf$Class$Kind                               : loaded 2 times (x 78B)
Class org.jetbrains.kotlin.metadata.ProtoBuf$Annotation$Argument                      : loaded 2 times (x 104B)
Class org.jetbrains.kotlin.protobuf.GeneratedMessageLite$Builder                      : loaded 2 times (x 124B)
Class org.jetbrains.kotlin.protobuf.WireFormat$FieldType$1                            : loaded 2 times (x 79B)
Class org.jetbrains.kotlin.metadata.jvm.JvmProtoBuf$JvmMethodSignatureOrBuilder       : loaded 2 times (x 66B)
Class org.jetbrains.kotlin.protobuf.ByteString                                        : loaded 2 times (x 104B)
Class com.google.common.reflect.TypeToken$2                                           : loaded 2 times (x 106B)
Class com.android.builder.model.v2.ide.Library                                        : loaded 2 times (x 66B)
Class com.android.builder.model.v2.ide.ArtifactDependenciesAdjacencyList              : loaded 2 times (x 66B)
Class com.google.common.cache.LocalCache$Segment                                      : loaded 2 times (x 150B)
Class jdk.internal.jimage.ImageReader                                                 : loaded 2 times (x 71B)
Class com.android.ide.gradle.model.builder.LegacyAndroidGradlePluginPropertiesModelBuilder: loaded 2 times (x 76B)
Class com.google.common.cache.LocalCache$Strength                                     : loaded 2 times (x 77B)
Class com.google.common.base.Stopwatch                                                : loaded 2 times (x 68B)
Class org.jetbrains.plugins.gradle.tooling.builder.VersionCatalogsModelBuilder        : loaded 2 times (x 82B)
Class com.intellij.openapi.externalSystem.model.project.dependencies.AbstractDependencyNode: loaded 2 times (x 83B)
Class com.intellij.gradle.toolingExtension.impl.model.utilDummyModel.DummyModelBuilder: loaded 2 times (x 82B)
Class _BuildScript_$_run_closure1                                                     : loaded 2 times (x 128B)
Class org.jetbrains.kotlin.cli.common.arguments.K2JVMCompilerArguments$Companion      : loaded 2 times (x 67B)
Class org.jetbrains.kotlin.config.ApiVersion                                          : loaded 2 times (x 82B)
Class com.android.builder.model.NativeVariantAbi                                      : loaded 2 times (x 66B)
Class [Lorg.jetbrains.kotlin.metadata.ProtoBuf$Class$Kind;                            : loaded 2 times (x 65B)
Class org.jetbrains.kotlin.metadata.ProtoBuf$TypeParameter                            : loaded 2 times (x 126B)
Class org.jetbrains.kotlin.metadata.ProtoBuf$ValueParameter$1                         : loaded 2 times (x 140B)
Class [Lorg.jetbrains.kotlin.protobuf.WireFormat$FieldType;                           : loaded 2 times (x 65B)
Class org.jetbrains.kotlin.protobuf.WireFormat$FieldType$2                            : loaded 2 times (x 79B)
Class org.jetbrains.kotlin.utils.DescriptionAware                                     : loaded 2 times (x 66B)
Class com.google.common.collect.AbstractListMultimap                                  : loaded 2 times (x 168B)
Class [Lorg.objectweb.asm.SymbolTable$Entry;                                          : loaded 2 times (x 65B)
Class com.google.common.cache.CacheLoader                                             : loaded 2 times (x 70B)
Class org.jetbrains.kotlin.metadata.ProtoBuf$TypeAliasOrBuilder                       : loaded 2 times (x 66B)
Class jdk.internal.jimage.ImageReader$SharedImageReader                               : loaded 2 times (x 91B)
Class org.gradle.internal.installation.GradleInstallation$1                           : loaded 2 times (x 71B)
Class org.gradle.api.internal.classpath.ModuleRegistry                                : loaded 2 times (x 66B)
Class io.opentelemetry.api.trace.TraceStateBuilder                                    : loaded 2 times (x 66B)
Class org.jetbrains.plugins.gradle.model.GradleLightBuild                             : loaded 2 times (x 66B)
Class org.jetbrains.plugins.gradle.model.DefaultGradleLightProject                    : loaded 2 times (x 78B)
Class org.gradle.internal.impldep.com.google.common.collect.PeekingIterator           : loaded 2 times (x 66B)
Class org.jetbrains.plugins.gradle.tooling.builder.IntelliJSettingsBuilder            : loaded 2 times (x 74B)
Class org.gradle.api.internal.classpath.UnknownModuleException                        : loaded 2 times (x 78B)
Class com.google.common.cache.Weigher                                                 : loaded 2 times (x 66B)
Class org.jetbrains.kotlin.metadata.deserialization.Flags$FlagField                   : loaded 2 times (x 69B)
Class com.android.tools.idea.gradle.project.sync.AndroidExtraModelProviderKt          : loaded 2 times (x 67B)
Class org.gradle.tooling.internal.adapter.ProtocolToModelAdapter$MixInBeanMappingAction: loaded 2 times (x 77B)
Class com.android.tools.idea.gradle.project.sync.AndroidExtraModelProvider            : loaded 2 times (x 75B)
Class org.jetbrains.kotlin.protobuf.WireFormat$FieldType$3                            : loaded 2 times (x 79B)
Class org.jetbrains.org.objectweb.asm.AnnotationVisitor                               : loaded 2 times (x 73B)
Class com.google.common.base.Splitter$SplittingIterator                               : loaded 2 times (x 80B)
Class com.android.builder.model.v2.ide.PrivacySandboxSdkInfo                          : loaded 2 times (x 66B)
Class com.google.common.util.concurrent.internal.InternalFutureFailureAccess          : loaded 2 times (x 68B)
Class com.google.common.collect.ImmutableSet$JdkBackedSetBuilderImpl                  : loaded 2 times (x 72B)
Class jdk.internal.jimage.decompressor.ResourceDecompressorFactory                    : loaded 2 times (x 70B)
Class org.gradle.tooling.internal.consumer.versioning.VersionDetails$R48VersionDetails: loaded 2 times (x 76B)
Class com.android.tools.idea.gradle.project.sync.BuildModelsAndMap                    : loaded 2 times (x 68B)
Class com.android.builder.model.v2.models.BasicTestSuite                              : loaded 2 times (x 66B)
Class com.intellij.openapi.externalSystem.model.project.dependencies.ArtifactDependencyNodeImpl: loaded 2 times (x 91B)
Class com.intellij.gradle.toolingExtension.impl.util.GradleObjectUtil                 : loaded 2 times (x 67B)
Class com.android.tools.idea.gradle.project.sync.LibraryIdentity$LibraryIdentityProvider$Companion: loaded 2 times (x 67B)
Class org.gradle.api.internal.classpath.Module                                        : loaded 2 times (x 66B)
Class org.jetbrains.kotlin.protobuf.ByteString$ByteIterator                           : loaded 2 times (x 66B)
Class org.gradle.tooling.model.java.InstalledJdk                                      : loaded 2 times (x 66B)
Class org.jetbrains.plugins.gradle.tooling.serialization.internal.adapter.Suppliers   : loaded 2 times (x 67B)
Class org.jetbrains.kotlin.descriptors.Visibilities$Internal                          : loaded 2 times (x 75B)
Class [Lorg.jetbrains.kotlin.metadata.ProtoBuf$Annotation$Argument$Value$Type;        : loaded 2 times (x 65B)
Class org.jetbrains.kotlin.metadata.ProtoBuf$VersionRequirement$Level                 : loaded 2 times (x 78B)
Class org.jetbrains.kotlin.metadata.ProtoBuf$VersionRequirementOrBuilder              : loaded 2 times (x 66B)
Class org.jetbrains.kotlin.metadata.ProtoBuf$Contract$1                               : loaded 2 times (x 140B)
Class org.jetbrains.kotlin.metadata.ProtoBuf$Type$1                                   : loaded 2 times (x 140B)
Class [Lorg.jetbrains.org.objectweb.asm.Type;                                         : loaded 2 times (x 65B)
Class org.jetbrains.kotlin.protobuf.WireFormat$FieldType$4                            : loaded 2 times (x 79B)
Class org.jetbrains.kotlin.metadata.jvm.JvmProtoBuf$JvmMethodSignature$1              : loaded 2 times (x 140B)
Class org.jetbrains.kotlin.load.kotlin.FileBasedKotlinClass$3$1                       : loaded 2 times (x 73B)
Class org.jetbrains.kotlin.name.FqNameUnsafe                                          : loaded 2 times (x 68B)
Class com.google.common.collect.Iterators$6                                           : loaded 2 times (x 77B)
Class com.google.common.collect.ImmutableMultimap$Values                              : loaded 2 times (x 122B)
Class com.android.builder.model.v2.ide.Installation                                   : loaded 2 times (x 66B)
Class com.google.common.collect.HashBiMap$Inverse                                     : loaded 2 times (x 138B)
Class com.google.common.util.concurrent.AbstractFuture$UnsafeAtomicHelper             : loaded 2 times (x 74B)
Class com.intellij.gradle.toolingExtension.impl.model.sourceSetArtifactIndex.GradleSourceSetArtifactModel: loaded 2 times (x 72B)
Class com.google.common.cache.LocalCache$LocalManualCache$1                           : loaded 2 times (x 71B)
Class com.google.common.math.MathPreconditions                                        : loaded 2 times (x 67B)
Class com.google.common.collect.ArrayListMultimapGwtSerializationDependencies         : loaded 2 times (x 168B)
Class com.google.common.collect.Multiset                                              : loaded 2 times (x 66B)
Class com.google.common.collect.FluentIterable$3                                      : loaded 2 times (x 77B)
Class ijJvmDebugger1_ecfgso8jaqt0z3dnaum6lbzry$_run_closure1                          : loaded 2 times (x 135B)
Class org.jetbrains.org.objectweb.asm.FieldVisitor                                    : loaded 2 times (x 72B)
Class com.google.common.collect.SortedLists$KeyPresentBehavior                        : loaded 2 times (x 76B)
Class org.jetbrains.kotlin.protobuf.InvalidProtocolBufferException                    : loaded 2 times (x 80B)
Class org.jetbrains.org.objectweb.asm.tree.JumpInsnNode                               : loaded 2 times (x 74B)
Class org.jetbrains.plugins.gradle.tooling.serialization.internal.adapter.InternalJavaEnvironment: loaded 2 times (x 72B)
Class org.gradle.tooling.internal.consumer.converters.BasicGradleProjectIdentifierMixin: loaded 2 times (x 69B)
Class org.gradle.tooling.model.idea.BasicIdeaProject                                  : loaded 2 times (x 66B)
Class org.gradle.tooling.internal.consumer.versioning.ModelMapping                    : loaded 2 times (x 69B)
Class org.jetbrains.kotlin.metadata.ProtoBuf$Expression                               : loaded 2 times (x 116B)
Class org.jetbrains.kotlin.protobuf.GeneratedMessageLite$ExtensionDescriptor          : loaded 2 times (x 80B)
Class org.jetbrains.kotlin.config.AnalysisFlag                                        : loaded 2 times (x 68B)
Class com.android.builder.model.v2.models.ModelBuilderParameter                       : loaded 2 times (x 66B)
Class org.jetbrains.kotlin.metadata.deserialization.NameResolver                      : loaded 2 times (x 66B)
Class jdk.internal.jimage.ImageReader$Node                                            : loaded 2 times (x 80B)
Class ijInit1_89agn0kjs496cfdcosbpit3qo                                               : loaded 2 times (x 175B)
Class org.gradle.api.internal.classpath.DefaultModuleRegistry                         : loaded 2 times (x 82B)
Class com.android.ide.gradle.model.dependencies.CoordinatesImpl                       : loaded 2 times (x 73B)
Class com.android.ide.gradle.model.dependencies.DeclaredDependenciesModelBuilder$Companion: loaded 2 times (x 67B)
Class kotlin.collections.IndexingIterable                                             : loaded 2 times (x 75B)
Class org.jetbrains.kotlin.metadata.jvm.JvmProtoBuf$StringTableTypes$Record$Operation$1: loaded 2 times (x 70B)
Class org.jetbrains.kotlin.metadata.ProtoBuf$VersionRequirement$VersionKind           : loaded 2 times (x 78B)
Class org.jetbrains.kotlin.metadata.ProtoBuf$Visibility$1                             : loaded 2 times (x 70B)
Class org.jetbrains.kotlin.serialization.deserialization.ProtoEnumFlagsUtilsKt        : loaded 2 times (x 67B)
Class com.android.tools.idea.gradle.project.sync.BuildId                              : loaded 2 times (x 68B)
Class org.jetbrains.kotlin.descriptors.Named                                          : loaded 2 times (x 66B)
Class [Lorg.jetbrains.kotlin.metadata.ProtoBuf$Effect$InvocationKind;                 : loaded 2 times (x 65B)
Class org.jetbrains.kotlin.metadata.deserialization.Flags$BooleanFlagField            : loaded 2 times (x 72B)
Class org.jetbrains.kotlin.metadata.ProtoBuf$Annotation$Argument$1                    : loaded 2 times (x 140B)
Class kotlin.collections.IndexedValue                                                 : loaded 2 times (x 68B)
Class org.jetbrains.kotlin.metadata.ProtoBuf$Function$1                               : loaded 2 times (x 140B)
Class org.jetbrains.org.objectweb.asm.AnnotationWriter                                : loaded 2 times (x 74B)
Class org.jetbrains.kotlin.metadata.jvm.deserialization.JvmProtoBufUtil               : loaded 2 times (x 67B)
Class org.jetbrains.kotlin.load.kotlin.KotlinJvmBinaryClass$AnnotationVisitor         : loaded 2 times (x 66B)
Class org.jetbrains.kotlin.build.report.metrics.GradleBuildTime$Companion             : loaded 2 times (x 67B)
Class com.google.common.util.concurrent.ListenableFuture                              : loaded 2 times (x 66B)
Class com.google.common.cache.ReferenceEntry                                          : loaded 2 times (x 66B)
Class com.google.common.base.Converter                                                : loaded 2 times (x 86B)
Class jdk.internal.jimage.BasicImageReader$1                                          : loaded 2 times (x 73B)
Class com.android.ide.gradle.model.builder.AndroidStudioToolingPlugin                 : loaded 2 times (x 71B)
Class com.intellij.openapi.externalSystem.model.ExternalSystemException               : loaded 2 times (x 82B)
Class org.jetbrains.kotlin.idea.projectModel.KotlinTarget                             : loaded 2 times (x 66B)
Class io.opentelemetry.api.GlobalOpenTelemetry$ObfuscatedOpenTelemetry                : loaded 2 times (x 88B)
Class org.jetbrains.kotlin.idea.gradleTooling.model.annotation.AnnotationBasedPluginModelBuilderService: loaded 2 times (x 81B)
Class com.intellij.gradle.toolingExtension.impl.model.taskModel.GradleTaskModelBuilder: loaded 2 times (x 82B)
Class com.google.common.collect.SortedLists$KeyAbsentBehavior                         : loaded 2 times (x 76B)
Class io.opentelemetry.api.internal.IncubatingUtil                                    : loaded 2 times (x 67B)
Class org.jetbrains.kotlin.idea.gradleTooling.MultiplatformModelImportingChecker      : loaded 2 times (x 66B)
Class com.android.tools.idea.gradle.project.sync.ModelFetchersKt                      : loaded 2 times (x 67B)
Class org.gradle.tooling.internal.consumer.converters.BackwardsCompatibleIdeaModuleDependency: loaded 2 times (x 66B)
Class com.google.common.primitives.Ints                                               : loaded 2 times (x 67B)
Class com.google.common.hash.HashFunction                                             : loaded 2 times (x 66B)
Class org.objectweb.asm.tree.IntInsnNode                                              : loaded 2 times (x 75B)
Class [Lcom.android.builder.model.v2.ide.CodeShrinker;                                : loaded 2 times (x 65B)
Class com.google.common.collect.AbstractMapBasedMultimap                              : loaded 2 times (x 135B)
Class com.google.common.util.concurrent.AbstractFuture                                : loaded 2 times (x 102B)
Class com.google.common.base.FunctionalEquivalence                                    : loaded 2 times (x 79B)
Class com.google.common.collect.FluentIterable$2                                      : loaded 2 times (x 77B)
Class com.google.common.base.Absent                                                   : loaded 2 times (x 76B)
Class com.google.common.reflect.Reflection                                            : loaded 2 times (x 67B)
Class org.jetbrains.kotlin.name.ClassId                                               : loaded 2 times (x 68B)
Class org.jetbrains.kotlin.metadata.ProtoBuf$TypeParameter$Variance                   : loaded 2 times (x 78B)
Class org.jetbrains.kotlin.metadata.jvm.deserialization.JvmNameResolverKt             : loaded 2 times (x 67B)
Class com.android.tools.idea.gradle.project.sync.AndroidSyncException                 : loaded 2 times (x 78B)
Class org.jetbrains.kotlin.protobuf.UninitializedMessageException                     : loaded 2 times (x 80B)
Class [Lio.opentelemetry.context.Scope;                                               : loaded 2 times (x 65B)
Class org.jetbrains.kotlin.metadata.ProtoBuf$Annotation$Argument$Value$1              : loaded 2 times (x 140B)
Class org.gradle.tooling.model.GradleProject                                          : loaded 2 times (x 66B)
Class org.jetbrains.kotlin.descriptors.Visibilities$Private                           : loaded 2 times (x 75B)
Class kotlin.LazyKt__LazyJVMKt                                                        : loaded 2 times (x 67B)
Class com.google.common.reflect.TypeResolver$TypeTable                                : loaded 2 times (x 69B)
Class com.google.common.hash.HashCode                                                 : loaded 2 times (x 76B)
Class org.jetbrains.kotlin.config.ExplicitApiMode                                     : loaded 2 times (x 75B)
Class com.google.common.collect.ImmutableMultiset                                     : loaded 2 times (x 159B)
Class org.objectweb.asm.tree.InsnNode                                                 : loaded 2 times (x 74B)
Class org.objectweb.asm.RecordComponentVisitor                                        : loaded 2 times (x 73B)
Class com.google.common.cache.CacheLoader$SupplierToCacheLoader                       : loaded 2 times (x 71B)
Class org.jetbrains.kotlin.descriptors.Visibilities$InvisibleFake                     : loaded 2 times (x 75B)
Class org.gradle.tooling.internal.consumer.connection.InternalPhasedActionAdapter     : loaded 2 times (x 74B)
Class io.opentelemetry.context.DefaultContextKey                                      : loaded 2 times (x 68B)
Class [Lcom.android.tools.idea.gradle.project.upgrade.AndroidGradlePluginCompatibility;: loaded 2 times (x 65B)
Class com.intellij.gradle.toolingExtension.impl.util.GradleTreeTraverserUtil          : loaded 2 times (x 67B)
Class org.gradle.internal.impldep.com.google.common.collect.Iterators$ArrayItr        : loaded 2 times (x 93B)
Class com.android.tools.idea.gradle.model.impl.IdeCompositeBuildMapImpl               : loaded 2 times (x 72B)
Class org.jetbrains.kotlin.idea.gradleTooling.model.lombok.LombokModel                : loaded 2 times (x 66B)
Class org.gradle.tooling.internal.adapter.ProtocolToModelAdapter$MixInTypeMappingAction: loaded 2 times (x 77B)
Class org.jetbrains.kotlin.idea.gradleTooling.reflect.ReflectionLogger                : loaded 2 times (x 66B)
Class com.intellij.gradle.toolingExtension.impl.telemetry.GradleOpenTelemetry         : loaded 2 times (x 68B)
Class org.jetbrains.kotlin.metadata.ProtoBuf$VersionRequirement$VersionKind$1         : loaded 2 times (x 70B)
Class org.jetbrains.kotlin.metadata.ProtoBuf$Annotation$1                             : loaded 2 times (x 140B)
Class org.jetbrains.kotlin.protobuf.AbstractParser                                    : loaded 2 times (x 140B)
Class org.jetbrains.plugins.gradle.tooling.internal.DefaultRepositoryModels           : loaded 2 times (x 72B)
Class org.gradle.api.internal.classpath.DefaultModuleRegistry$DefaultModule           : loaded 2 times (x 82B)
Class com.google.common.reflect.TypeResolver$TypeTable$1                              : loaded 2 times (x 69B)
Class org.objectweb.asm.tree.ParameterNode                                            : loaded 2 times (x 69B)
Class com.google.common.collect.Maps$EntryTransformer                                 : loaded 2 times (x 66B)
Class jdk.internal.jimage.decompressor.Decompressor                                   : loaded 2 times (x 68B)
Class jdk.internal.jimage.ImageReader$Resource                                        : loaded 2 times (x 80B)
Class [Lkotlin.Pair;                                                                  : loaded 2 times (x 65B)
Class org.gradle.internal.service.ServiceLookupException                              : loaded 2 times (x 78B)
Class jdk.internal.jimage.ImageBufferCache$2                                          : loaded 2 times (x 87B)
Class org.objectweb.asm.FieldVisitor                                                  : loaded 2 times (x 73B)
Class com.google.common.base.Objects                                                  : loaded 2 times (x 67B)
Class org.jetbrains.plugins.gradle.tooling.builder.ProjectExtensionsDataBuilderImpl$Companion: loaded 2 times (x 67B)
Class com.android.tools.idea.gradle.project.sync.GradleModule                         : loaded 2 times (x 70B)
Class org.objectweb.asm.tree.LookupSwitchInsnNode                                     : loaded 2 times (x 74B)
Class com.android.tools.idea.gradle.project.sync.BasicNonAndroidIncompleteGradleModule: loaded 2 times (x 69B)
Class com.google.common.collect.FluentIterable$1                                      : loaded 2 times (x 77B)
Class com.intellij.gradle.toolingExtension.impl.model.projectModel.GradleExternalProjectModelProvider: loaded 2 times (x 75B)
Class org.jetbrains.kotlin.metadata.ProtoBuf$Expression$ConstantValue                 : loaded 2 times (x 78B)
Class [Lorg.jetbrains.kotlin.protobuf.Internal$EnumLite;                              : loaded 2 times (x 65B)
Class com.google.common.base.CharMatcher$JavaLetter                                   : loaded 2 times (x 107B)
Class com.google.common.hash.AbstractByteHasher                                       : loaded 2 times (x 143B)
Class org.objectweb.asm.tree.AbstractInsnNode                                         : loaded 2 times (x 74B)
Class com.google.common.collect.Lists$ReverseList                                     : loaded 2 times (x 196B)
Class [Lcom.google.common.cache.LocalCache$EntryFactory;                              : loaded 2 times (x 65B)
Class jdk.internal.jrtfs.JrtFileAttributes                                            : loaded 2 times (x 79B)
Class kotlin.sequences.SequencesKt___SequencesKt$sortedWith$1                         : loaded 2 times (x 71B)
Class org.gradle.internal.classloader.ClassLoaderFactory                              : loaded 2 times (x 66B)
Class com.android.ide.gradle.model.builder.LegacyAndroidGradlePluginPropertiesModelBuilder$PluginType: loaded 2 times (x 75B)
Class org.jetbrains.kotlin.protobuf.BoundedByteString                                 : loaded 2 times (x 108B)
Class org.jetbrains.kotlin.metadata.ProtoBuf$EffectOrBuilder                          : loaded 2 times (x 66B)
Class org.jetbrains.kotlin.metadata.ProtoBuf$Effect$EffectType$1                      : loaded 2 times (x 70B)
Class io.opentelemetry.context.ImplicitContextKeyed                                   : loaded 2 times (x 66B)
Class com.android.tools.idea.gradle.project.sync.ModuleId                             : loaded 2 times (x 68B)
Class com.intellij.gradle.toolingExtension.impl.model.projectModel.GradleExternalProjectModelBuilder: loaded 2 times (x 82B)
Class org.gradle.tooling.internal.consumer.converters.EclipseProjectHasAutoBuildMixin : loaded 2 times (x 68B)
Class org.gradle.tooling.UnknownModelException                                        : loaded 2 times (x 79B)
Class com.google.common.collect.ImmutableMap$SerializedForm                           : loaded 2 times (x 69B)
Class com.android.builder.model.v2.ide.LibraryInfo                                    : loaded 2 times (x 66B)
Class com.google.common.base.CommonPattern                                            : loaded 2 times (x 70B)
Class org.jetbrains.kotlin.idea.gradleTooling.KotlinMPPGradleModelBuilder$Companion   : loaded 2 times (x 67B)
Class com.google.common.cache.LocalCache$LocalManualCache                             : loaded 2 times (x 95B)
Class org.gradle.internal.service.CachingServiceLocator                               : loaded 2 times (x 78B)
Class org.jetbrains.kotlin.tooling.core.InternerImpl$Store                            : loaded 2 times (x 66B)
Class org.gradle.internal.classloader.ClasspathUtil$1                                 : loaded 2 times (x 72B)
Class jdk.internal.jimage.ImageBufferCache$1                                          : loaded 2 times (x 79B)
Class com.google.common.cache.CacheLoader$UnsupportedLoadingOperationException        : loaded 2 times (x 78B)
Class sync_studio_tooling1_b0bb3rynczfteoi60gjkixboy                                  : loaded 2 times (x 175B)
Class org.objectweb.asm.ClassWriter                                                   : loaded 2 times (x 102B)
Class com.android.ide.common.gradle.Separator                                         : loaded 2 times (x 75B)
Class com.google.common.collect.AbstractMapBasedMultimap$KeySet$1                     : loaded 2 times (x 78B)
Class org.gradle.tooling.model.idea.IdeaModule                                        : loaded 2 times (x 66B)
Class org.jetbrains.kotlin.descriptors.Visibilities$Public                            : loaded 2 times (x 75B)
Class org.jetbrains.kotlin.protobuf.ExtensionRegistryLite$ObjectIntPair               : loaded 2 times (x 68B)
Class org.jetbrains.kotlin.metadata.ProtoBuf$Class$1                                  : loaded 2 times (x 140B)
Class org.jetbrains.kotlin.load.kotlin.header.ReadKotlinClassHeaderAnnotationVisitor$KotlinMetadataArgumentVisitor$1: loaded 2 times (x 81B)
Class com.google.common.collect.Streams                                               : loaded 2 times (x 67B)
Class com.google.common.collect.AbstractMapBasedMultimap$KeySet                       : loaded 2 times (x 133B)
Class com.google.common.math.IntMath                                                  : loaded 2 times (x 67B)
Class kotlin.jvm.internal.Intrinsics$Kotlin                                           : loaded 2 times (x 67B)
Class com.android.builder.model.v2.ide.AndroidGradlePluginProjectFlags$BooleanFlag    : loaded 2 times (x 75B)
Class org.jetbrains.org.objectweb.asm.tree.IntInsnNode                                : loaded 2 times (x 74B)
Class org.jetbrains.kotlin.protobuf.SmallSortedMap$1                                  : loaded 2 times (x 126B)
Class com.intellij.gradle.toolingExtension.impl.modelBuilder.DefaultMessageReporter   : loaded 2 times (x 71B)
Class org.gradle.internal.impldep.com.google.common.collect.UnmodifiableIterator      : loaded 2 times (x 76B)
Class org.jetbrains.kotlin.descriptors.Visibilities$PrivateToThis                     : loaded 2 times (x 75B)
Class io.opentelemetry.context.ThreadLocalContextStorage$NoopScope                    : loaded 2 times (x 81B)
Class [Lio.opentelemetry.context.ThreadLocalContextStorage$NoopScope;                 : loaded 2 times (x 65B)
Class org.jetbrains.kotlin.metadata.ProtoBuf$VersionRequirement$1                     : loaded 2 times (x 140B)
Class org.jetbrains.kotlin.metadata.jvm.JvmProtoBuf$StringTableTypes$Record$1         : loaded 2 times (x 140B)
Class org.jetbrains.kotlin.load.kotlin.header.ReadKotlinClassHeaderAnnotationVisitor$KotlinMetadataArgumentVisitor$2: loaded 2 times (x 81B)
Class org.jetbrains.org.objectweb.asm.tree.AnnotationNode                             : loaded 2 times (x 75B)
Class org.jetbrains.kotlin.build.report.metrics.BuildTime                             : loaded 2 times (x 66B)
Class ijKotlinCoroutineJvmDebugInit1_5ztahoo8aeekdl38ew6rt4zw4$_run_closure1$_closure2: loaded 2 times (x 135B)
Class com.google.common.reflect.Types$TypeVariableInvocationHandler                   : loaded 2 times (x 71B)
Class com.google.common.collect.MapMakerInternalMap$InternalEntry                     : loaded 2 times (x 66B)
Class [Lcom.google.common.collect.HashBiMap$BiEntry;                                  : loaded 2 times (x 65B)
Class org.objectweb.asm.commons.InstructionAdapter                                    : loaded 2 times (x 184B)
Class com.android.tools.idea.gradle.project.sync.MeasurementCheckpoint                : loaded 2 times (x 75B)
Class [Lorg.gradle.api.JavaVersion;                                                   : loaded 2 times (x 65B)
Class kotlin.ranges.IntRange                                                          : loaded 2 times (x 89B)
Class ijInit2_cq2hli442ptzktqtsihe49wmv                                               : loaded 2 times (x 175B)
Class org.gradle.internal.InternalTransformer                                         : loaded 2 times (x 66B)
Class org.jetbrains.kotlin.metadata.jvm.deserialization.JvmMemberSignature$Method     : loaded 2 times (x 71B)
Class org.jetbrains.plugins.gradle.tooling.ModelBuilderService$ParameterizedModelBuilderService: loaded 2 times (x 66B)
Class org.jetbrains.plugins.gradle.tooling.builder.EarModelBuilderImpl                : loaded 2 times (x 82B)
Class org.jetbrains.org.objectweb.asm.ClassTooLargeException                          : loaded 2 times (x 79B)
Class org.gradle.tooling.model.idea.IdeaSourceDirectory                               : loaded 2 times (x 66B)
Class org.jetbrains.kotlin.protobuf.WireFormat$JavaType                               : loaded 2 times (x 75B)
Class [Lorg.jetbrains.kotlin.metadata.ProtoBuf$VersionRequirement$Level;              : loaded 2 times (x 65B)
Class org.jetbrains.kotlin.descriptors.CallableMemberDescriptor$Kind                  : loaded 2 times (x 75B)
Class org.jetbrains.kotlin.metadata.ProtoBuf$TypeParameterOrBuilder                   : loaded 2 times (x 66B)
Class org.jetbrains.kotlin.metadata.ProtoBuf$Property                                 : loaded 2 times (x 144B)
Class org.jetbrains.org.objectweb.asm.Type                                            : loaded 2 times (x 68B)
Class org.jetbrains.kotlin.name.FqName                                                : loaded 2 times (x 68B)
Class com.google.common.base.Predicates                                               : loaded 2 times (x 67B)
Class org.jetbrains.kotlin.cli.common.arguments.CommonCompilerArguments$Companion     : loaded 2 times (x 67B)
Class org.jetbrains.plugins.gradle.model.DefaultGradleLightBuild                      : loaded 2 times (x 78B)
Class org.objectweb.asm.tree.TableSwitchInsnNode                                      : loaded 2 times (x 75B)
Class com.android.builder.model.v2.ide.TestInfo                                       : loaded 2 times (x 66B)
Class com.google.common.base.Equivalence                                              : loaded 2 times (x 78B)
Class com.android.tools.idea.gradle.project.sync.Modules                              : loaded 2 times (x 67B)
Class com.android.builder.model.v2.ide.BasicTestSuiteArtifact                         : loaded 2 times (x 66B)
Class jdk.internal.jrtfs.JrtDirectoryStream$1                                         : loaded 2 times (x 79B)
Class org.jetbrains.kotlin.idea.gradleTooling.KotlinDslScriptTaskModelBuilder$Companion: loaded 2 times (x 67B)
Class com.intellij.gradle.toolingExtension.impl.javaModel.manifestModel.JavaGradleManifestModelBuilder: loaded 2 times (x 82B)
Class com.android.builder.model.v2.models.SourceType                                  : loaded 2 times (x 75B)
Class com.android.tools.idea.gradle.project.sync.SyncProjectActionWorker              : loaded 2 times (x 68B)
Class jdk.internal.jimage.ImageLocation                                               : loaded 2 times (x 86B)
Class org.jetbrains.plugins.gradle.model.ExternalFilter                               : loaded 2 times (x 66B)
Class com.google.common.util.concurrent.UncheckedExecutionException                   : loaded 2 times (x 78B)
Class com.google.common.io.ByteSink$AsCharSink                                        : loaded 2 times (x 76B)
Class com.android.tools.idea.gradle.project.sync.SingleVariantSyncActionOptions       : loaded 2 times (x 69B)
Class org.jetbrains.org.objectweb.asm.TypePath                                        : loaded 2 times (x 68B)
Class org.jetbrains.kotlin.metadata.jvm.deserialization.UtfEncodingKt                 : loaded 2 times (x 67B)
Class org.jetbrains.kotlin.metadata.jvm.JvmProtoBuf$JvmFieldSignature$1               : loaded 2 times (x 140B)
Class org.jetbrains.kotlin.metadata.ProtoBuf$TypeTable                                : loaded 2 times (x 105B)
Class org.jetbrains.kotlin.metadata.jvm.JvmProtoBuf$JvmMethodSignature                : loaded 2 times (x 104B)
Class org.jetbrains.kotlin.protobuf.MessageLiteOrBuilder                              : loaded 2 times (x 66B)
Class org.jetbrains.kotlin.load.kotlin.header.ReadKotlinClassHeaderAnnotationVisitor$KotlinMetadataArgumentVisitor: loaded 2 times (x 82B)
Class org.jetbrains.kotlin.name.ClassId$Companion                                     : loaded 2 times (x 67B)
Class com.google.common.hash.Hashing                                                  : loaded 2 times (x 67B)
Class com.android.builder.model.v2.ide.JavaCompileOptions                             : loaded 2 times (x 66B)
Class org.objectweb.asm.tree.VarInsnNode                                              : loaded 2 times (x 75B)
Class com.google.common.collect.IndexedImmutableSet$1                                 : loaded 2 times (x 209B)
Class com.google.common.cache.CacheBuilder$OneWeigher                                 : loaded 2 times (x 78B)
Class org.jetbrains.kotlin.idea.gradleTooling.AndroidAwareGradleModelProvider$Result  : loaded 2 times (x 68B)
Class org.jetbrains.kotlin.idea.gradleTooling.reflect.ReflectionKt                    : loaded 2 times (x 67B)
Class com.android.builder.model.v2.ide.LibraryType                                    : loaded 2 times (x 75B)
Class [Lcom.android.builder.model.v2.ide.LibraryType;                                 : loaded 2 times (x 65B)
Class org.jetbrains.kotlin.tooling.core.KotlinToolingVersion                          : loaded 2 times (x 71B)
Class [Lorg.jetbrains.kotlin.build.report.metrics.BuildTime;                          : loaded 2 times (x 65B)
Class com.android.tools.idea.projectsystem.gradle.sync.Counter$time$1                 : loaded 2 times (x 74B)
Class org.jetbrains.plugins.gradle.model.MavenRepositoryModel                         : loaded 2 times (x 66B)
Class org.jetbrains.kotlin.load.kotlin.KotlinJvmBinaryClass                           : loaded 2 times (x 66B)
Class org.jetbrains.kotlin.gradle.idea.tcs.IdeaKotlinDependency                       : loaded 2 times (x 66B)
Class org.jetbrains.kotlin.metadata.ProtoBuf$AnnotationOrBuilder                      : loaded 2 times (x 66B)
Class org.jetbrains.kotlin.protobuf.WireFormat$FieldType                              : loaded 2 times (x 79B)
Class org.jetbrains.kotlin.load.kotlin.FileBasedKotlinClass                           : loaded 2 times (x 84B)
Class com.google.common.collect.Maps$EntryFunction                                    : loaded 2 times (x 87B)
Class com.google.common.reflect.Types$ClassOwnership$1LocalClass                      : loaded 2 times (x 67B)
Class org.objectweb.asm.tree.ModuleNode                                               : loaded 2 times (x 79B)
Class jdk.internal.jimage.ImageBufferCache                                            : loaded 2 times (x 67B)
Class jdk.internal.jrtfs.JrtPath                                                      : loaded 2 times (x 114B)
Class org.gradle.internal.classloader.ClasspathUtil                                   : loaded 2 times (x 67B)
Class [Lcom.android.ide.gradle.model.builder.LegacyAndroidGradlePluginPropertiesModelBuilder$PluginType;: loaded 2 times (x 65B)
Class com.intellij.gradle.toolingExtension.impl.model.sourceSetDependencyModel.GradleSourceSetDependencyResolver: loaded 2 times (x 68B)
Class org.jetbrains.plugins.gradle.model.DefaultExternalProject                       : loaded 2 times (x 91B)
Class org.jetbrains.org.objectweb.asm.tree.MethodNode                                 : loaded 2 times (x 105B)
Class com.intellij.gradle.toolingExtension.impl.model.sourceSetDependencyModel.GradleSourceSetDependencyModelBuilder: loaded 2 times (x 82B)
Class org.jetbrains.kotlin.protobuf.Parser                                            : loaded 2 times (x 66B)
Class com.android.tools.idea.gradle.project.sync.AgpCompatibilityKt$WhenMappings      : loaded 2 times (x 67B)
Class org.jetbrains.org.objectweb.asm.tree.MethodInsnNode                             : loaded 2 times (x 75B)
Class com.android.tools.idea.projectsystem.gradle.sync.Counter$time$2                 : loaded 2 times (x 74B)
Class org.gradle.tooling.internal.consumer.converters.GradleProjectIdentifierMixin    : loaded 2 times (x 69B)
Class com.intellij.util.ReflectionUtilRt                                              : loaded 2 times (x 67B)
Class org.jetbrains.kotlin.descriptors.Visibilities$Inherited                         : loaded 2 times (x 75B)
Class org.jetbrains.kotlin.idea.gradleTooling.KotlinMPPGradleModel$Companion          : loaded 2 times (x 67B)
Class org.jetbrains.kotlin.metadata.ProtoBuf$TypeAlias                                : loaded 2 times (x 133B)
Class [Lorg.jetbrains.kotlin.metadata.ProtoBuf$TypeParameter$Variance;                : loaded 2 times (x 65B)
Class org.jetbrains.kotlin.metadata.ProtoBuf$Constructor                              : loaded 2 times (x 120B)
Class org.jetbrains.kotlin.metadata.jvm.deserialization.JvmMemberSignature            : loaded 2 times (x 70B)
Class org.jetbrains.kotlin.load.kotlin.header.KotlinClassHeader$Kind                  : loaded 2 times (x 75B)
Class org.jetbrains.kotlin.load.kotlin.KotlinJvmBinaryClass$AnnotationArgumentVisitor : loaded 2 times (x 66B)
Class org.jetbrains.kotlin.descriptors.Visibilities$Unknown                           : loaded 2 times (x 75B)
Class com.android.builder.model.v2.ide.ComponentInfo                                  : loaded 2 times (x 66B)
Class org.objectweb.asm.tree.MethodNode                                               : loaded 2 times (x 106B)
Class com.google.common.base.Charsets                                                 : loaded 2 times (x 67B)
Class com.google.common.util.concurrent.Uninterruptibles                              : loaded 2 times (x 67B)
Class io.opentelemetry.api.trace.DefaultTracerProvider                                : loaded 2 times (x 75B)
Class org.gradle.tooling.internal.consumer.converters.FixedBuildIdentifierProvider    : loaded 2 times (x 71B)
Class io.opentelemetry.context.ForwardingExecutorService                              : loaded 2 times (x 100B)
Class org.jetbrains.plugins.gradle.tooling.AbstractModelBuilderService                : loaded 2 times (x 82B)
Class org.gradle.internal.impldep.com.google.common.collect.ImmutableList             : loaded 2 times (x 202B)
Class [Lorg.gradle.tooling.internal.adapter.MethodInvoker;                            : loaded 2 times (x 65B)
Class io.opentelemetry.context.propagation.TextMapGetter                              : loaded 2 times (x 66B)
Class kotlin.text.CharsKt                                                             : loaded 2 times (x 67B)
Class com.google.common.util.concurrent.AbstractFuture$Trusted                        : loaded 2 times (x 66B)
Class com.android.tools.idea.gradle.project.sync.SyncActionOptions                    : loaded 2 times (x 68B)
Class org.jetbrains.kotlin.resolve.scopes.receivers.ReceiverValue                     : loaded 2 times (x 66B)
Class org.jetbrains.kotlin.metadata.jvm.JvmProtoBuf$JvmMethodSignature$Builder        : loaded 2 times (x 130B)
Class org.jetbrains.kotlin.metadata.ProtoBuf$VersionRequirementTableOrBuilder         : loaded 2 times (x 66B)
Class org.jetbrains.kotlin.metadata.jvm.JvmProtoBuf$JvmFieldSignatureOrBuilder        : loaded 2 times (x 66B)
Class org.jetbrains.org.objectweb.asm.ModuleVisitor                                   : loaded 2 times (x 76B)
Class com.android.builder.model.v2.dsl.BaseConfig                                     : loaded 2 times (x 66B)
Class org.objectweb.asm.tree.FieldNode                                                : loaded 2 times (x 76B)
Class com.google.common.collect.Maps                                                  : loaded 2 times (x 67B)
Class org.gradle.api.specs.Spec                                                       : loaded 2 times (x 66B)
Class org.jetbrains.kotlin.tooling.core.InternerImpl                                  : loaded 2 times (x 72B)
Class com.google.common.base.Optional                                                 : loaded 2 times (x 76B)
Class ijKotlinCoroutineJvmDebugInit1_5ztahoo8aeekdl38ew6rt4zw4                        : loaded 2 times (x 175B)
Class org.jetbrains.kotlin.protobuf.GeneratedMessageLite                              : loaded 2 times (x 97B)
Class io.opentelemetry.context.ThreadLocalContextStorage$ScopeImpl                    : loaded 2 times (x 75B)
Class org.jetbrains.kotlin.descriptors.DelegatedDescriptorVisibility                  : loaded 2 times (x 75B)
Class org.jetbrains.kotlin.serialization.deserialization.ProtoEnumFlagsUtilsKt$WhenMappings: loaded 2 times (x 67B)
Class org.jetbrains.kotlin.load.kotlin.header.KotlinClassHeader                       : loaded 2 times (x 68B)
Class org.jetbrains.kotlin.name.Name                                                  : loaded 2 times (x 71B)
Class com.google.common.reflect.Types$JavaVersion                                     : loaded 2 times (x 79B)
Class com.google.common.collect.MapMaker                                              : loaded 2 times (x 68B)
Class org.jetbrains.org.objectweb.asm.tree.InsnList                                   : loaded 2 times (x 99B)
Class jdk.internal.jimage.ImageReader$SharedImageReader$LocationVisitor               : loaded 2 times (x 66B)
Class org.jetbrains.kotlin.protobuf.Internal$EnumLiteMap                              : loaded 2 times (x 66B)
Class org.jetbrains.kotlin.protobuf.AbstractMessageLite$Builder                       : loaded 2 times (x 118B)
Class com.android.tools.idea.gradle.model.impl.IdeBuildImpl                           : loaded 2 times (x 72B)
Class org.jetbrains.plugins.gradle.tooling.builder.WarModelBuilderImpl                : loaded 2 times (x 82B)
Class com.intellij.gradle.toolingExtension.impl.modelBuilder.ExtraModelBuilder        : loaded 2 times (x 81B)
Class com.android.tools.idea.gradle.model.impl.BuildFolderPaths                       : loaded 2 times (x 68B)
Class com.intellij.gradle.toolingExtension.impl.modelAction.GradleModelHolderState    : loaded 2 times (x 74B)
Class org.jetbrains.kotlin.metadata.deserialization.Flags                             : loaded 2 times (x 67B)
Class org.jetbrains.kotlin.metadata.ProtoBuf$TypeTable$1                              : loaded 2 times (x 140B)
Class org.jetbrains.org.objectweb.asm.Symbol                                          : loaded 2 times (x 69B)
Class com.google.common.cache.LocalCache$LoadingValueReference                        : loaded 2 times (x 92B)
Class org.jetbrains.plugins.gradle.tooling.builder.ProjectExtensionsDataBuilderImpl   : loaded 2 times (x 74B)
Class com.google.common.util.concurrent.AbstractFuture$UnsafeAtomicHelper$1           : loaded 2 times (x 72B)
Class com.android.builder.model.v2.ide.CodeShrinker                                   : loaded 2 times (x 75B)
Class org.jetbrains.kotlin.idea.gradleTooling.PrepareKotlinIdeaImportTaskModelBuilder$KotlinNativePlatformDependenciesKt: loaded 2 times (x 67B)
Class com.google.common.hash.AbstractHashFunction                                     : loaded 2 times (x 91B)
Class com.intellij.gradle.toolingExtension.impl.model.buildScriptClasspathModel.GradleBuildScriptClasspathModelBuilder: loaded 2 times (x 82B)
Class org.jetbrains.kotlin.metadata.deserialization.ProtoBufUtilKt                    : loaded 2 times (x 67B)
Class com.intellij.gradle.toolingExtension.impl.modelSerialization.DefaultSerializationService: loaded 2 times (x 72B)
Class io.opentelemetry.api.trace.SpanBuilder                                          : loaded 2 times (x 66B)
Class io.opentelemetry.api.DefaultOpenTelemetry                                       : loaded 2 times (x 85B)
Class io.opentelemetry.api.trace.DefaultTracer$NoopSpanBuilder                        : loaded 2 times (x 87B)
Class org.gradle.tooling.model.BuildModel                                             : loaded 2 times (x 66B)
Class io.opentelemetry.api.trace.SpanContext                                          : loaded 2 times (x 66B)
Class org.jetbrains.kotlin.metadata.ProtoBuf$Function                                 : loaded 2 times (x 145B)
Class kotlin.SynchronizedLazyImpl                                                     : loaded 2 times (x 72B)
Class com.intellij.gradle.toolingExtension.impl.util.javaPluginUtil.JavaPluginAccessor: loaded 2 times (x 66B)
Class com.google.common.collect.CollectSpliterators                                   : loaded 2 times (x 67B)
Class com.google.common.reflect.Invokable$MethodInvokable                             : loaded 2 times (x 103B)
Class com.google.common.collect.MapMakerInternalMap$StrongKeyDummyValueEntry          : loaded 2 times (x 78B)
Class com.google.common.base.Platform                                                 : loaded 2 times (x 67B)
Class jdk.internal.jimage.decompressor.ResourceDecompressorRepository                 : loaded 2 times (x 67B)
Class org.jetbrains.plugins.gradle.tooling.serialization.RepositoriesModelSerializationService$1: loaded 2 times (x 72B)
Class org.jetbrains.kotlin.idea.gradleTooling.reflect.KotlinExtensionReflection       : loaded 2 times (x 68B)
Class org.jetbrains.kotlin.idea.gradleTooling.reflect.KotlinExtensionReflection$Companion: loaded 2 times (x 67B)
Class org.gradle.internal.impldep.com.google.common.collect.ImmutableCollection       : loaded 2 times (x 121B)
Class com.android.tools.idea.gradle.project.sync.AgpVersionIncompatible               : loaded 2 times (x 78B)
Class com.google.common.cache.LocalCache$2                                            : loaded 2 times (x 138B)
Class com.android.tools.idea.gradle.project.sync.ModelVersion                         : loaded 2 times (x 71B)
Class com.google.common.collect.Sets$ImprovedAbstractSet                              : loaded 2 times (x 131B)
Class com.android.builder.model.v2.ide.BytecodeTransformation                         : loaded 2 times (x 75B)
Class io.opentelemetry.context.propagation.TextMapPropagator                          : loaded 2 times (x 66B)
Class com.google.common.collect.MapMakerInternalMap$AbstractStrongKeyEntry            : loaded 2 times (x 76B)
Class com.google.common.reflect.TypeToken$SimpleTypeToken                             : loaded 2 times (x 69B)
Class kotlin.io.CloseableKt                                                           : loaded 2 times (x 67B)
Class kotlin.collections.CollectionsKt___CollectionsKt$withIndex$1                    : loaded 2 times (x 75B)
Class [Lorg.jetbrains.org.objectweb.asm.tree.AbstractInsnNode;                        : loaded 2 times (x 65B)
Class org.jetbrains.kotlin.metadata.ProtoBuf$Effect$InvocationKind                    : loaded 2 times (x 78B)
Class org.jetbrains.kotlin.metadata.ProtoBuf$VersionRequirementTable                  : loaded 2 times (x 103B)
Class org.jetbrains.kotlin.protobuf.LazyField                                         : loaded 2 times (x 79B)
Class org.jetbrains.kotlin.load.kotlin.header.ReadKotlinClassHeaderAnnotationVisitor  : loaded 2 times (x 76B)
Class com.google.common.collect.AbstractMapBasedMultimap$WrappedList                  : loaded 2 times (x 201B)
Class com.android.builder.model.v2.dsl.ProductFlavor                                  : loaded 2 times (x 66B)
Class [Lorg.objectweb.asm.AnnotationWriter;                                           : loaded 2 times (x 65B)
Class [Lorg.objectweb.asm.tree.AbstractInsnNode;                                      : loaded 2 times (x 65B)
Class org.objectweb.asm.tree.LocalVariableAnnotationNode                              : loaded 2 times (x 78B)
Class [Lcom.android.builder.model.v2.ide.TestInfo$Execution;                          : loaded 2 times (x 65B)
Class com.google.common.collect.Maps$8                                                : loaded 2 times (x 78B)
Class jdk.internal.jimage.ImageReader$Directory                                       : loaded 2 times (x 80B)
Class kotlin.io.FilePathComponents                                                    : loaded 2 times (x 68B)
Class com.intellij.gradle.toolingExtension.impl.util.javaPluginUtil.JavaPluginUtil    : loaded 2 times (x 67B)
Class com.android.ide.gradle.model.builder.GradlePropertiesModelBuilder               : loaded 2 times (x 71B)
Class jdk.internal.jrtfs.JrtFileSystemProvider                                        : loaded 2 times (x 97B)
Class com.google.common.cache.LocalCache$1                                            : loaded 2 times (x 85B)
Class com.google.common.collect.SingletonImmutableBiMap                               : loaded 2 times (x 139B)
Class com.google.common.base.Ascii                                                    : loaded 2 times (x 67B)
Class com.google.common.collect.HashBiMap$BiEntry                                     : loaded 2 times (x 79B)
Class org.objectweb.asm.tree.AnnotationNode                                           : loaded 2 times (x 76B)
Class org.jetbrains.kotlin.load.kotlin.header.ReadKotlinClassHeaderAnnotationVisitor$CollectStringArrayAnnotationVisitor: loaded 2 times (x 81B)
Class io.opentelemetry.context.ArrayBasedContext                                      : loaded 2 times (x 96B)
Class [Lkotlin.Function;                                                              : loaded 2 times (x 65B)
Class org.jetbrains.kotlin.metadata.ProtoBuf$Expression$ConstantValue$1               : loaded 2 times (x 70B)
Class org.jetbrains.kotlin.descriptors.DescriptorVisibilities$10                      : loaded 2 times (x 72B)
Class kotlin.collections.ArrayAsCollection                                            : loaded 2 times (x 101B)
Class org.jetbrains.kotlin.metadata.ProtoBuf$TypeParameter$1                          : loaded 2 times (x 140B)
Class org.jetbrains.org.objectweb.asm.tree.LineNumberNode                             : loaded 2 times (x 75B)
Class org.jetbrains.kotlin.utils.StringsKt                                            : loaded 2 times (x 67B)
Class kotlin.LazyKt__LazyKt                                                           : loaded 2 times (x 67B)
Class com.intellij.gradle.toolingExtension.impl.util.GradleExecutorServiceUtil        : loaded 2 times (x 67B)
Class com.google.common.base.Predicates$CompositionPredicate                          : loaded 2 times (x 84B)
Class [Lcom.google.common.collect.Iterators$EmptyModifiableIterator;                  : loaded 2 times (x 65B)
Class com.google.common.collect.Lists$ReverseList$1                                   : loaded 2 times (x 95B)
Class com.google.common.collect.Sets$SetView                                          : loaded 2 times (x 134B)
Class com.google.common.cache.LocalCache$StrongValueReference                         : loaded 2 times (x 86B)
Class com.google.common.util.concurrent.AbstractFuture$SynchronizedHelper             : loaded 2 times (x 74B)
Class org.gradle.internal.impldep.com.google.common.collect.Iterators                 : loaded 2 times (x 67B)
Class org.jetbrains.kotlin.tooling.core.InternerImpl$Store$Strong                     : loaded 2 times (x 72B)
Class _BuildScript_$_run_closure1$_closure2                                           : loaded 2 times (x 128B)
Class com.android.tools.idea.gradle.project.sync.LibraryIdentity$LibraryIdentityProvider: loaded 2 times (x 68B)
Class org.gradle.tooling.model.SourceDirectory                                        : loaded 2 times (x 66B)
Class com.intellij.openapi.util.io.FileUtilRt                                         : loaded 2 times (x 67B)
Class org.gradle.internal.service.ServiceLocator                                      : loaded 2 times (x 66B)
Class org.gradle.tooling.model.idea.IdeaSingleEntryLibraryDependency                  : loaded 2 times (x 66B)
Class org.gradle.tooling.model.ExternalDependency                                     : loaded 2 times (x 66B)
Class com.android.tools.idea.gradle.project.sync.ModelConsumerVersion                 : loaded 2 times (x 71B)
Class org.jetbrains.kotlin.descriptors.DescriptorVisibilities$11                      : loaded 2 times (x 72B)
Class org.jetbrains.kotlin.metadata.deserialization.BinaryVersion$Companion           : loaded 2 times (x 67B)
Class kotlin.UNINITIALIZED_VALUE                                                      : loaded 2 times (x 67B)
Class [Lorg.jetbrains.kotlin.config.JVMAssertionsMode;                                : loaded 2 times (x 65B)
Class org.jetbrains.kotlin.config.JVMAssertionsMode                                   : loaded 2 times (x 75B)
Class com.google.common.graph.SuccessorsFunction                                      : loaded 2 times (x 66B)
Class [Lcom.google.gson.stream.JsonToken;                                             : loaded 2 times (x 65B)
Class org.objectweb.asm.Type                                                          : loaded 2 times (x 68B)
Class org.gradle.internal.classloader.VisitableURLClassLoader$InstrumentingVisitableURLClassLoader: loaded 2 times (x 119B)
Class [Lorg.objectweb.asm.Type;                                                       : loaded 2 times (x 65B)
Class com.android.builder.model.v2.ide.TestInfo$Execution                             : loaded 2 times (x 75B)
Class [Lorg.objectweb.asm.Attribute;                                                  : loaded 2 times (x 65B)
Class org.jetbrains.kotlin.config.LanguageOrApiVersion                                : loaded 2 times (x 66B)
Class org.jetbrains.kotlin.build.report.metrics.GradleBuildTime                       : loaded 2 times (x 82B)
Class org.jetbrains.org.objectweb.asm.tree.LabelNode                                  : loaded 2 times (x 76B)
Class org.jetbrains.kotlin.metadata.ProtoBuf$Constructor$1                            : loaded 2 times (x 140B)
Class io.opentelemetry.api.trace.SpanId                                               : loaded 2 times (x 67B)
Class com.intellij.gradle.toolingExtension.impl.model.taskModel.GradleTaskModelProvider: loaded 2 times (x 74B)
Class org.jetbrains.kotlin.descriptors.DescriptorVisibilities$12                      : loaded 2 times (x 72B)
Class org.jetbrains.kotlin.metadata.ProtoBuf$ClassOrBuilder                           : loaded 2 times (x 66B)
Class org.jetbrains.kotlin.metadata.ProtoBuf$ValueParameter                           : loaded 2 times (x 124B)
Class org.jetbrains.kotlin.metadata.ProtoBuf$PropertyOrBuilder                        : loaded 2 times (x 66B)
Class com.google.common.collect.MapMakerInternalMap$StrongKeyDummyValueEntry$Helper   : loaded 2 times (x 75B)
Class com.google.common.io.Files$FileByteSink                                         : loaded 2 times (x 73B)
Class com.android.builder.model.v2.ide.AndroidGradlePluginProjectFlags                : loaded 2 times (x 66B)
Class [Lcom.android.builder.model.v2.ide.AndroidGradlePluginProjectFlags$BooleanFlag; : loaded 2 times (x 65B)
Class org.objectweb.asm.ByteVector                                                    : loaded 2 times (x 75B)
Class [Lcom.google.common.cache.CacheBuilder$NullListener;                            : loaded 2 times (x 65B)
Class com.google.common.math.IntMath$1                                                : loaded 2 times (x 67B)
Class org.gradle.internal.classloader.VisitableURLClassLoader$Spec                    : loaded 2 times (x 70B)
Class org.gradle.internal.classpath.DefaultClassPath                                  : loaded 2 times (x 86B)
Class org.jetbrains.kotlin.metadata.jvm.JvmProtoBuf$StringTableTypes$1                : loaded 2 times (x 140B)
Class org.jetbrains.kotlin.utils.CollectionsKt                                        : loaded 2 times (x 67B)
Class com.intellij.gradle.toolingExtension.impl.model.sourceSetArtifactIndex.GradleSourceSetArtifactIndex: loaded 2 times (x 74B)
Class org.jetbrains.kotlin.idea.gradleTooling.KotlinMPPGradleModelBinary              : loaded 2 times (x 66B)
Class org.gradle.tooling.internal.consumer.connection.ParameterAwareBuildControllerAdapter: loaded 2 times (x 97B)
Class com.intellij.openapi.externalSystem.model.project.dependencies.ArtifactDependencyNode: loaded 2 times (x 66B)
Class org.gradle.internal.impldep.com.google.common.collect.Iterators$MergingIterator : loaded 2 times (x 77B)
Class io.opentelemetry.context.propagation.DefaultContextPropagators                  : loaded 2 times (x 71B)
Class io.opentelemetry.context.ContextStorageWrappers                                 : loaded 2 times (x 67B)
Class com.android.tools.idea.gradle.project.sync.ModelConverter                       : loaded 2 times (x 67B)
Class com.android.tools.idea.gradle.project.sync.SyncActionRunnerKt$toMeasuringController$1: loaded 2 times (x 82B)
Class org.gradle.tooling.internal.consumer.versioning.VersionDetails$R26VersionDetails: loaded 2 times (x 76B)
Class org.jetbrains.kotlin.metadata.ProtoBuf$TypeAlias$1                              : loaded 2 times (x 140B)
Class org.jetbrains.org.objectweb.asm.Handler                                         : loaded 2 times (x 68B)
Class org.jetbrains.kotlin.metadata.ProtoBuf$Annotation$Argument$ValueOrBuilder       : loaded 2 times (x 66B)
Class com.google.common.collect.TreeRangeSet$AsRanges                                 : loaded 2 times (x 145B)
Class org.gradle.internal.impldep.com.google.common.collect.AbstractIterator          : loaded 2 times (x 78B)
Class jdk.internal.jrtfs.SystemImage$2                                                : loaded 2 times (x 72B)
Class [Lorg.jetbrains.kotlin.build.report.metrics.GradleBuildTime;                    : loaded 2 times (x 65B)
Class com.google.common.reflect.Types$ClassOwnership                                  : loaded 2 times (x 76B)
Class com.google.common.base.AbstractIterator                                         : loaded 2 times (x 76B)
Class com.android.builder.model.v2.ide.BundleInfo                                     : loaded 2 times (x 66B)
Class org.objectweb.asm.Symbol                                                        : loaded 2 times (x 69B)
Class jdk.internal.jimage.decompressor.ZipDecompressorFactory                         : loaded 2 times (x 70B)
Class kotlin.text.CharsKt__CharJVMKt                                                  : loaded 2 times (x 67B)
Class org.jetbrains.kotlin.idea.gradleTooling.UtilsKt                                 : loaded 2 times (x 67B)
Class org.jetbrains.kotlin.idea.gradleTooling.KotlinDslScriptTaskModelBuilder         : loaded 2 times (x 82B)
Class org.gradle.internal.impldep.com.google.common.collect.Lists                     : loaded 2 times (x 67B)
Class com.google.common.base.MoreObjects                                              : loaded 2 times (x 67B)
Class com.android.tools.idea.gradle.model.IdeCompositeBuildMap                        : loaded 2 times (x 66B)
Class org.gradle.tooling.model.cpp.CppBinary                                          : loaded 2 times (x 66B)
Class [Lio.opentelemetry.context.ThreadLocalContextStorage;                           : loaded 2 times (x 65B)
Class org.jetbrains.kotlin.metadata.ProtoBuf$Effect$1                                 : loaded 2 times (x 140B)
Class org.jetbrains.kotlin.metadata.ProtoBuf$Visibility                               : loaded 2 times (x 78B)
Class org.jetbrains.kotlin.metadata.ProtoBuf$ConstructorOrBuilder                     : loaded 2 times (x 66B)
Class org.jetbrains.kotlin.metadata.jvm.JvmProtoBuf                                   : loaded 2 times (x 67B)
Class com.google.common.collect.Sets$FilteredSet                                      : loaded 2 times (x 133B)
Class com.google.common.io.Closer                                                     : loaded 2 times (x 74B)
Class com.google.common.base.CharMatcher$Ascii                                        : loaded 2 times (x 108B)
Class com.google.common.collect.EmptyImmutableListMultimap                            : loaded 2 times (x 172B)
Class org.jetbrains.kotlin.config.LanguageFeature                                     : loaded 2 times (x 76B)
Class org.gradle.internal.classloader.ClassLoaderSpec                                 : loaded 2 times (x 67B)
Class org.jetbrains.kotlin.tooling.core.InternerKt                                    : loaded 2 times (x 67B)
Class com.google.common.reflect.TypeResolver$TypeVariableKey                          : loaded 2 times (x 68B)
Class org.jetbrains.kotlin.metadata.jvm.JvmProtoBuf$StringTableTypes                  : loaded 2 times (x 106B)
Class org.jetbrains.plugins.gradle.tooling.builder.IntelliJProjectSettingsBuilder     : loaded 2 times (x 74B)
Class org.gradle.internal.impldep.com.google.common.collect.Iterators$SingletonIterator: loaded 2 times (x 77B)
Class com.google.common.collect.SortedLists$KeyAbsentBehavior$1                       : loaded 2 times (x 76B)
Class org.jetbrains.kotlin.descriptors.DescriptorVisibilities$9                       : loaded 2 times (x 75B)
Class org.jetbrains.kotlin.protobuf.GeneratedMessageLite$ExtendableBuilder            : loaded 2 times (x 134B)
Class org.jetbrains.kotlin.idea.gradleTooling.IdeaKpmProjectProvider                  : loaded 2 times (x 74B)
Class org.jetbrains.kotlin.descriptors.DeclarationDescriptorWithVisibility            : loaded 2 times (x 66B)
Class org.jetbrains.kotlin.protobuf.SmallSortedMap                                    : loaded 2 times (x 126B)
Class org.jetbrains.org.objectweb.asm.tree.AbstractInsnNode                           : loaded 2 times (x 74B)
Class org.objectweb.asm.AnnotationWriter                                              : loaded 2 times (x 75B)
Class com.google.common.cache.CacheStats                                              : loaded 2 times (x 67B)
Class org.gradle.tooling.internal.consumer.converters.IdeaProjectJavaLanguageSettingsMixin: loaded 2 times (x 69B)
Class com.intellij.gradle.toolingExtension.impl.model.resourceFilterModel.GradleResourceFilterModelBuilder: loaded 2 times (x 67B)
Class com.android.tools.idea.gradle.project.sync.BuildInfo                            : loaded 2 times (x 68B)
Class org.jetbrains.kotlin.idea.gradleTooling.KotlinGradleModelBuilder                : loaded 2 times (x 82B)
Class com.google.common.collect.SortedLists$KeyAbsentBehavior$2                       : loaded 2 times (x 76B)
Class com.google.common.collect.Cut$AboveAll                                          : loaded 2 times (x 84B)
Class _BuildScript_                                                                   : loaded 2 times (x 169B)
Class com.intellij.gradle.toolingExtension.impl.model.sourceSetModel.GradleSourceSetModelBuilder: loaded 2 times (x 82B)
Class org.jetbrains.kotlin.idea.gradleTooling.model.samWithReceiver.SamWithReceiverModelBuilderService: loaded 2 times (x 81B)
Class com.android.tools.idea.gradle.project.sync.SyncCounters                         : loaded 2 times (x 68B)
Class org.jetbrains.plugins.gradle.model.DefaultBuildController                       : loaded 2 times (x 94B)
Class org.jetbrains.kotlin.idea.gradleTooling.ModelBuilderUtilsKt                     : loaded 2 times (x 67B)
Class io.opentelemetry.api.trace.Tracer                                               : loaded 2 times (x 66B)
Class jdk.internal.jrtfs.SystemImage$1                                                : loaded 2 times (x 74B)
Class com.intellij.gradle.toolingExtension.modelProvider.GradleClassBuildModelProvider: loaded 2 times (x 76B)
Class org.jetbrains.kotlin.protobuf.SmallSortedMap$EmptySet                           : loaded 2 times (x 67B)
Class org.jetbrains.kotlin.protobuf.MessageLite                                       : loaded 2 times (x 66B)
Class org.jetbrains.kotlin.load.kotlin.header.KotlinClassHeader$Kind$Companion        : loaded 2 times (x 67B)
Class com.google.common.collect.Interners                                             : loaded 2 times (x 67B)
Class com.google.common.collect.ImmutableMultisetGwtSerializationDependencies         : loaded 2 times (x 121B)
Class com.google.common.io.Closer$Suppressor                                          : loaded 2 times (x 66B)
Class com.google.common.io.LineProcessor                                              : loaded 2 times (x 66B)
Class org.objectweb.asm.RecordComponentWriter                                         : loaded 2 times (x 74B)
Class [Lcom.android.builder.model.v2.ide.ProjectType;                                 : loaded 2 times (x 65B)
Class com.google.common.util.concurrent.AbstractFuture$Listener                       : loaded 2 times (x 68B)
Class com.google.common.cache.CacheLoader$FunctionToCacheLoader                       : loaded 2 times (x 71B)
Class Settings_gradle$1$1                                                             : loaded 2 times (x 70B)
Class com.android.ide.gradle.model.composites.BuildMapModelBuilder                    : loaded 2 times (x 71B)
Class com.intellij.gradle.toolingExtension.impl.model.warmUp.GradleTaskWarmUpService  : loaded 2 times (x 82B)
Class com.intellij.gradle.toolingExtension.impl.modelBuilder.DefaultModelBuilderContext: loaded 2 times (x 73B)
Class com.google.common.collect.SortedLists$KeyAbsentBehavior$3                       : loaded 2 times (x 76B)
Class com.google.common.collect.ImmutableListMultimap                                 : loaded 2 times (x 172B)
Class com.intellij.gradle.toolingExtension.impl.modelAction.GradleDaemonModelHolder$1 : loaded 2 times (x 74B)
Class com.google.common.reflect.Types$ParameterizedTypeImpl                           : loaded 2 times (x 77B)
Class io.opentelemetry.api.trace.ArrayBasedTraceState                                 : loaded 2 times (x 82B)
Class io.opentelemetry.context.ContextKey                                             : loaded 2 times (x 66B)
Class io.opentelemetry.context.propagation.TextMapSetter                              : loaded 2 times (x 66B)
Class com.android.tools.idea.gradle.project.sync.AndroidExtraModelProviderImpl        : loaded 2 times (x 68B)
Class org.jetbrains.kotlin.cli.common.ModuleVisibilityHelperImpl                      : loaded 2 times (x 70B)
Class [Lcom.android.builder.model.v2.ide.AaptOptions$Namespacing;                     : loaded 2 times (x 65B)
Class [Lorg.objectweb.asm.Label;                                                      : loaded 2 times (x 65B)
Class com.android.ide.common.gradle.Version$Companion$ParseState                      : loaded 2 times (x 66B)
Class org.objectweb.asm.Attribute                                                     : loaded 2 times (x 73B)
Class com.google.common.base.Supplier                                                 : loaded 2 times (x 66B)
Class org.gradle.internal.classloader.VisitableURLClassLoader                         : loaded 2 times (x 113B)
Class com.android.ide.gradle.model.dependencies.DeclaredDependenciesModelBuilderKt    : loaded 2 times (x 67B)
Class com.google.common.collect.Maps$IteratorBasedAbstractMap$1                       : loaded 2 times (x 134B)
Class org.jetbrains.kotlin.resolve.jvm.JvmClassName                                   : loaded 2 times (x 72B)
Class [Lorg.jetbrains.org.objectweb.asm.SymbolTable$Entry;                            : loaded 2 times (x 65B)
Class org.jetbrains.kotlin.metadata.jvm.JvmProtoBuf$StringTableTypes$RecordOrBuilder  : loaded 2 times (x 66B)
Class org.jetbrains.kotlin.metadata.ProtoBuf$MemberKind$1                             : loaded 2 times (x 70B)
Class org.jetbrains.kotlin.idea.gradleTooling.model.allopen.AllOpenModelBuilderService: loaded 2 times (x 81B)
Class org.jetbrains.kotlin.descriptors.DescriptorVisibilities$8                       : loaded 2 times (x 75B)
Class com.android.tools.idea.gradle.project.sync.SelectedVariants                     : loaded 2 times (x 68B)
Class com.intellij.gradle.toolingExtension.impl.modelSerialization.ToolingSerializer$1: loaded 2 times (x 72B)
Class com.android.tools.idea.gradle.model.IdeBuild                                    : loaded 2 times (x 66B)
Class com.intellij.gradle.toolingExtension.impl.modelSerialization.ToolingSerializer  : loaded 2 times (x 68B)
Class org.gradle.internal.impldep.com.google.common.collect.Iterators$9               : loaded 2 times (x 77B)
Class com.android.ide.gradle.model.dependencies.DeclaredDependenciesImpl              : loaded 2 times (x 71B)
Class org.gradle.tooling.model.eclipse.EclipseProject                                 : loaded 2 times (x 66B)
Class com.android.ide.gradle.model.composites.BuildMapImpl                            : loaded 2 times (x 71B)
Class org.gradle.internal.classloader.InstrumentingClassLoader                        : loaded 2 times (x 66B)
Class com.google.common.util.concurrent.AbstractFuture$Waiter                         : loaded 2 times (x 68B)
Class Settings_gradle                                                                 : loaded 2 times (x 124B)
Class org.gradle.internal.classpath.TransformedClassPath                              : loaded 2 times (x 92B)
Class org.jetbrains.kotlin.idea.gradleTooling.PrepareKotlinIdeaImportTaskModelBuilder : loaded 2 times (x 82B)
Class org.gradle.internal.impldep.com.google.common.collect.Lists$StringAsImmutableList: loaded 2 times (x 203B)
Class com.google.common.cache.CacheBuilder$NullListener                               : loaded 2 times (x 78B)
Class org.jetbrains.plugins.gradle.tooling.serialization.internal.adapter.Suppliers$SupplierOfInstance: loaded 2 times (x 72B)
Class org.objectweb.asm.FieldWriter                                                   : loaded 2 times (x 74B)
Class [Lorg.jetbrains.kotlin.metadata.ProtoBuf$VersionRequirement$VersionKind;        : loaded 2 times (x 65B)
Class org.jetbrains.kotlin.protobuf.CodedOutputStream                                 : loaded 2 times (x 68B)
Class org.jetbrains.kotlin.metadata.ProtoBuf$Annotation                               : loaded 2 times (x 105B)
Class org.jetbrains.org.objectweb.asm.tree.TypeInsnNode                               : loaded 2 times (x 74B)
Class com.google.common.collect.MapMakerInternalMap                                   : loaded 2 times (x 157B)
Class com.android.builder.model.v2.ide.AaptOptions                                    : loaded 2 times (x 66B)
Class [Lcom.android.builder.model.v2.ide.BytecodeTransformation;                      : loaded 2 times (x 65B)
Class com.google.common.collect.HashBiMap                                             : loaded 2 times (x 139B)
Class com.google.common.base.Strings                                                  : loaded 2 times (x 67B)
Class com.android.ide.common.gradle.Version$Companion                                 : loaded 2 times (x 67B)
Class com.google.common.collect.Sets                                                  : loaded 2 times (x 67B)
Class org.objectweb.asm.Handler                                                       : loaded 2 times (x 68B)
Class org.objectweb.asm.tree.LdcInsnNode                                              : loaded 2 times (x 74B)
Class com.google.common.base.Ticker                                                   : loaded 2 times (x 68B)
Class jdk.internal.jimage.decompressor.ZipDecompressor                                : loaded 2 times (x 71B)
Class com.google.common.collect.MapMaker$Dummy                                        : loaded 2 times (x 75B)
Class com.google.common.reflect.Invokable                                             : loaded 2 times (x 99B)
Class kotlin._Assertions                                                              : loaded 2 times (x 67B)
Class org.jetbrains.plugins.gradle.tooling.builder.WarModelBuilderImplKt              : loaded 2 times (x 67B)
Class org.jetbrains.kotlin.descriptors.DescriptorVisibilities$7                       : loaded 2 times (x 75B)
Class com.android.tools.idea.gradle.project.upgrade.AndroidGradlePluginCompatibility  : loaded 2 times (x 75B)
Class com.google.common.collect.Cut$AboveValue                                        : loaded 2 times (x 84B)
Class kotlin.coroutines.jvm.internal.CoroutineDumpState                               : loaded 2 times (x 67B)
Class com.android.tools.idea.gradle.project.sync.ModelVersions                        : loaded 2 times (x 68B)
Class org.gradle.tooling.model.idea.IdeaContentRoot                                   : loaded 2 times (x 66B)
Class io.opentelemetry.api.trace.ArrayBasedTraceStateBuilder                          : loaded 2 times (x 73B)
Class com.android.tools.idea.gradle.project.sync.SyncProjectActionOptions             : loaded 2 times (x 69B)
Class org.gradle.tooling.BuildController                                              : loaded 2 times (x 66B)
Class [Lorg.jetbrains.kotlin.metadata.jvm.JvmProtoBuf$StringTableTypes$Record$Operation;: loaded 2 times (x 65B)
Class [Lorg.jetbrains.kotlin.load.kotlin.header.KotlinClassHeader$Kind;               : loaded 2 times (x 65B)
Class com.google.common.cache.RemovalCause$1                                          : loaded 2 times (x 76B)
Class com.android.builder.model.v2.models.ndk.NativeModelBuilderParameter             : loaded 2 times (x 66B)
Class [Lcom.google.common.cache.LocalCache$Segment;                                   : loaded 2 times (x 65B)
Class [Lcom.google.common.cache.LocalCache$Strength;                                  : loaded 2 times (x 65B)
Class com.google.common.cache.CacheBuilder$1                                          : loaded 2 times (x 81B)
Class com.android.ide.gradle.model.artifacts.builder.AdditionalClassifierArtifactsModelBuilder: loaded 2 times (x 75B)
Class kotlin.KotlinNothingValueException                                              : loaded 2 times (x 78B)
Class org.gradle.internal.classpath.DefaultClassPath$ImmutableUniqueList$Builder      : loaded 2 times (x 71B)
Class com.google.common.collect.MapDifference                                         : loaded 2 times (x 66B)
Class com.google.common.cache.LocalCache$Strength$3                                   : loaded 2 times (x 77B)
Class com.android.builder.model.v2.ide.AbstractArtifact                               : loaded 2 times (x 66B)
Class com.google.common.io.ByteStreams                                                : loaded 2 times (x 67B)
Class com.google.common.base.Splitter$1                                               : loaded 2 times (x 73B)
Class com.google.common.collect.TransformedIterator                                   : loaded 2 times (x 76B)
Class io.opentelemetry.api.trace.TracerProvider                                       : loaded 2 times (x 66B)
Class com.google.common.collect.Interner                                              : loaded 2 times (x 66B)
Class org.jetbrains.kotlin.serialization.deserialization.ProtoEnumFlags               : loaded 2 times (x 67B)
Class org.jetbrains.kotlin.protobuf.Internal$EnumLite                                 : loaded 2 times (x 66B)
Class kotlin.jvm.functions.Function3                                                  : loaded 2 times (x 66B)
Class com.google.common.cache.RemovalCause$2                                          : loaded 2 times (x 76B)
Class com.google.common.collect.MapMakerInternalMap$WeakValueReference                : loaded 2 times (x 66B)
Class com.google.gson.stream.JsonToken                                                : loaded 2 times (x 75B)
Class com.google.common.collect.Interners$InternerImpl                                : loaded 2 times (x 71B)
Class com.google.common.cache.LocalCache                                              : loaded 2 times (x 183B)
Class com.google.common.cache.CacheBuilder$2                                          : loaded 2 times (x 75B)
Class com.intellij.openapi.externalSystem.model.project.dependencies.ProjectDependenciesImpl: loaded 2 times (x 73B)
Class [Lcom.google.common.collect.Maps$EntryFunction;                                 : loaded 2 times (x 65B)
Class org.jetbrains.kotlin.protobuf.CodedOutputStream$OutOfSpaceException             : loaded 2 times (x 78B)
Class org.jetbrains.kotlin.idea.gradleTooling.model.samWithReceiver.SamWithReceiverModel: loaded 2 times (x 66B)
Class com.android.tools.idea.gradle.project.sync.LibraryIdentity$LibraryIdentityProvider$special$$inlined$thenBy$1: loaded 2 times (x 86B)
Class org.jetbrains.kotlin.metadata.ProtoBuf$Annotation$Argument$Value                : loaded 2 times (x 123B)
Class org.jetbrains.kotlin.descriptors.DescriptorVisibilities$6                       : loaded 2 times (x 75B)
Class io.opentelemetry.api.trace.AutoValue_ArrayBasedTraceState                       : loaded 2 times (x 83B)
Class com.intellij.openapi.util.Pair                                                  : loaded 2 times (x 68B)
Class JetGradlePlugin$getJetModelBuilderOrRegisterIfAbsent                            : loaded 2 times (x 142B)
Class com.intellij.gradle.toolingExtension.impl.util.GradleProjectUtil                : loaded 2 times (x 67B)
Class com.google.common.cache.LocalCache$Strength$2                                   : loaded 2 times (x 77B)
Class org.jetbrains.kotlin.protobuf.RopeByteString                                    : loaded 2 times (x 106B)
Class com.google.common.util.concurrent.SettableFuture                                : loaded 2 times (x 110B)
Class org.jetbrains.kotlin.metadata.jvm.deserialization.JvmNameResolverBase           : loaded 2 times (x 76B)
Class org.jetbrains.org.objectweb.asm.tree.IincInsnNode                               : loaded 2 times (x 74B)
Class org.jetbrains.org.objectweb.asm.tree.MultiANewArrayInsnNode                     : loaded 2 times (x 75B)
Class com.google.common.cache.RemovalCause$3                                          : loaded 2 times (x 76B)
Class org.jetbrains.kotlin.config.LanguageVersion                                     : loaded 2 times (x 87B)
Class org.jetbrains.kotlin.cli.common.arguments.K2JVMCompilerArguments                : loaded 2 times (x 77B)
Class com.google.common.collect.ArrayListMultimap                                     : loaded 2 times (x 168B)
Class com.google.common.cache.CacheBuilder$3                                          : loaded 2 times (x 68B)
Class com.google.common.reflect.Types$ClassOwnership$3                                : loaded 2 times (x 67B)
Class com.google.common.collect.Collections2$FilteredCollection                       : loaded 2 times (x 115B)
Class kotlin.jvm.functions.Function4                                                  : loaded 2 times (x 66B)
Class org.jetbrains.kotlin.idea.gradleTooling.model.kapt.KaptGradleModelImpl          : loaded 2 times (x 73B)
Class org.jetbrains.kotlin.protobuf.GeneratedMessageLite$ExtendableMessage            : loaded 2 times (x 109B)
Class org.jetbrains.kotlin.idea.gradleTooling.PrepareKotlinIdeaImportTaskModelBuilder$Messages: loaded 2 times (x 67B)
Class org.jetbrains.kotlin.metadata.jvm.JvmProtoBuf$JvmPropertySignatureOrBuilder     : loaded 2 times (x 66B)
Class org.jetbrains.kotlin.descriptors.DescriptorVisibilities$5                       : loaded 2 times (x 75B)
Class com.intellij.gradle.toolingExtension.impl.model.dependencyGraphModel.GradleDependencyReportGenerator: loaded 2 times (x 69B)
Class org.jetbrains.kotlin.idea.gradleTooling.IdeaKotlinDependenciesContainer         : loaded 2 times (x 66B)
Class com.intellij.gradle.toolingExtension.impl.util.GradleExecutorServiceUtil$SimpleThreadFactory: loaded 2 times (x 71B)
Class org.gradle.tooling.model.eclipse.EclipseExternalDependency                      : loaded 2 times (x 66B)
Class org.gradle.tooling.internal.adapter.ProtocolToModelAdapter$TypeSpecificMappingAction: loaded 2 times (x 77B)
Class io.opentelemetry.api.trace.TraceState                                           : loaded 2 times (x 66B)
Class org.gradle.tooling.model.eclipse.HierarchicalEclipseProject                     : loaded 2 times (x 66B)
Class org.gradle.tooling.internal.consumer.versioning.VersionDetails$R35VersionDetails: loaded 2 times (x 76B)
Class org.jetbrains.org.objectweb.asm.SymbolTable$Entry                               : loaded 2 times (x 70B)
Class org.jetbrains.org.objectweb.asm.tree.LocalVariableAnnotationNode                : loaded 2 times (x 77B)
Class org.jetbrains.kotlin.metadata.deserialization.BinaryVersion                     : loaded 2 times (x 70B)
Class com.intellij.platform.diagnostic.telemetry.rt.context.TelemetryContextGetter    : loaded 2 times (x 71B)
Class com.google.common.cache.RemovalCause$4                                          : loaded 2 times (x 76B)
Class com.google.common.base.Suppliers$MemoizingSupplier                              : loaded 2 times (x 75B)
Class com.android.builder.model.v2.ide.AndroidLibraryData                             : loaded 2 times (x 66B)
Class com.android.builder.model.v2.ide.ApiVersion                                     : loaded 2 times (x 66B)
Class com.android.ide.common.gradle.Version                                           : loaded 2 times (x 71B)
Class com.google.common.collect.CollectPreconditions                                  : loaded 2 times (x 67B)
Class jdk.internal.jimage.ImageStrings                                                : loaded 2 times (x 66B)
Class gnu.trove.Equality                                                              : loaded 2 times (x 66B)
Class org.jetbrains.plugins.gradle.tooling.serialization.ToolingStreamApiUtilsKt      : loaded 2 times (x 67B)
Class org.jetbrains.plugins.gradle.model.ProjectImportModelProvider$GradleModelConsumer$1: loaded 2 times (x 73B)
Class org.jetbrains.plugins.gradle.tooling.ModelBuilderContext$DataProvider           : loaded 2 times (x 66B)
Class org.gradle.internal.impldep.com.google.common.collect.AbstractIndexedListIterator: loaded 2 times (x 92B)
Class com.android.tools.idea.gradle.project.sync.AndroidExtraModelProviderKt$flattenDag$2: loaded 2 times (x 91B)
Class org.jetbrains.plugins.gradle.tooling.builder.DependencyAccessorsModelBuilder    : loaded 2 times (x 77B)
Class com.intellij.gradle.toolingExtension.impl.util.GradleIdeaPluginUtil             : loaded 2 times (x 67B)
Class com.android.ide.gradle.model.impl.GradlePluginModelImpl$Companion               : loaded 2 times (x 67B)
Class io.opentelemetry.context.LazyStorage                                            : loaded 2 times (x 67B)
Class org.jetbrains.kotlin.metadata.ProtoBuf$EnumEntry$1                              : loaded 2 times (x 140B)
Class org.jetbrains.kotlin.metadata.ProtoBuf$Type$Argument$Projection                 : loaded 2 times (x 78B)
Class org.jetbrains.org.objectweb.asm.tree.InvokeDynamicInsnNode                      : loaded 2 times (x 74B)
Class com.google.common.cache.LocalCache$Strength$1                                   : loaded 2 times (x 77B)
Class com.google.common.cache.RemovalCause$5                                          : loaded 2 times (x 76B)
Class com.google.common.collect.Maps$AbstractFilteredMap                              : loaded 2 times (x 123B)
Class [Lcom.google.common.collect.MapMakerInternalMap$Strength;                       : loaded 2 times (x 65B)
Class [Lcom.google.common.io.FileWriteMode;                                           : loaded 2 times (x 65B)
Class com.google.common.collect.SortedMapDifference                                   : loaded 2 times (x 66B)
Class org.objectweb.asm.ModuleVisitor                                                 : loaded 2 times (x 77B)
Class com.google.common.collect.Sets$4                                                : loaded 2 times (x 135B)
Class com.google.common.io.ByteArrayDataInput                                         : loaded 2 times (x 66B)
Class [Lcom.intellij.openapi.externalSystem.model.project.IExternalSystemSourceType;  : loaded 2 times (x 65B)
Class org.jetbrains.kotlin.config.JvmDefaultMode                                      : loaded 2 times (x 75B)
Class com.google.common.hash.Hasher                                                   : loaded 2 times (x 66B)
Class com.google.common.collect.MapMakerInternalMap$StrongValueEntry                  : loaded 2 times (x 66B)
Class org.jetbrains.kotlin.idea.gradleTooling.KotlinDslScriptModelProvider            : loaded 2 times (x 75B)
Class org.jetbrains.kotlin.metadata.jvm.JvmProtoBuf$JvmPropertySignature$Builder      : loaded 2 times (x 137B)
Class [Lorg.jetbrains.org.objectweb.asm.Symbol;                                       : loaded 2 times (x 65B)
Class com.google.common.collect.Iterables$4                                           : loaded 2 times (x 77B)
Class com.google.common.collect.MapMakerInternalMap$StrongKeyDummyValueSegment        : loaded 2 times (x 138B)
Class com.google.common.hash.HashCode$IntHashCode                                     : loaded 2 times (x 76B)
Class com.google.common.io.Files                                                      : loaded 2 times (x 67B)
Class org.jetbrains.kotlin.cli.common.arguments.CommonCompilerArguments               : loaded 2 times (x 76B)
Class com.google.common.cache.LocalCache$WriteThroughEntry                            : loaded 2 times (x 75B)
Class com.google.common.cache.LocalCache$HashIterator                                 : loaded 2 times (x 82B)
Class com.google.common.cache.LocalCache$EntryFactory                                 : loaded 2 times (x 79B)
Class gnu.trove.TObjectHashingStrategy                                                : loaded 2 times (x 66B)
Class com.google.common.reflect.TypeResolver                                          : loaded 2 times (x 68B)
Class com.google.common.reflect.Types$ClassOwnership$2                                : loaded 2 times (x 76B)
Class [Lorg.jetbrains.org.objectweb.asm.Attribute;                                    : loaded 2 times (x 65B)
Class org.jetbrains.kotlin.idea.gradleTooling.model.assignment.AssignmentModel        : loaded 2 times (x 66B)
Class com.intellij.openapi.externalSystem.model.project.dependencies.ComponentDependencies: loaded 2 times (x 66B)
Class org.jetbrains.plugins.gradle.tooling.ModelBuilderService$Ex                     : loaded 2 times (x 66B)
Class org.jetbrains.org.objectweb.asm.tree.TableSwitchInsnNode                        : loaded 2 times (x 75B)
Class org.gradle.tooling.model.Task                                                   : loaded 2 times (x 66B)
Class [Lorg.jetbrains.kotlin.protobuf.WireFormat$JavaType;                            : loaded 2 times (x 65B)
Class org.jetbrains.kotlin.descriptors.DescriptorVisibilities$4                       : loaded 2 times (x 75B)
Class org.jetbrains.plugins.gradle.tooling.serialization.internal.adapter.InternalGradleEnvironment: loaded 2 times (x 72B)
Class org.gradle.internal.impldep.com.google.common.collect.Iterators$5               : loaded 2 times (x 78B)
Class org.jetbrains.kotlin.idea.projectModel.ExtraFeatures                            : loaded 2 times (x 66B)
Class org.jetbrains.kotlin.metadata.ProtoBuf$VersionRequirementTable$1                : loaded 2 times (x 140B)
Class org.jetbrains.kotlin.metadata.ProtoBuf$Contract                                 : loaded 2 times (x 103B)
Class com.intellij.openapi.externalSystem.model.project.dependencies.UnknownDependencyNode: loaded 2 times (x 83B)
Class com.google.common.collect.Iterables$5                                           : loaded 2 times (x 77B)
Class com.google.common.reflect.Types$NativeTypeVariableEquals                        : loaded 2 times (x 67B)
Class com.google.common.reflect.TypeParameter                                         : loaded 2 times (x 68B)
Class [Lcom.google.common.collect.MapMaker$Dummy;                                     : loaded 2 times (x 65B)
Class com.google.common.base.CharMatcher$Whitespace                                   : loaded 2 times (x 108B)
Class com.google.common.base.Splitter$1$1                                             : loaded 2 times (x 82B)
Class [Lcom.android.ide.common.gradle.Separator;                                      : loaded 2 times (x 65B)
Class com.google.common.cache.LocalCache$AbstractReferenceEntry                       : loaded 2 times (x 103B)
Class com.intellij.gradle.toolingExtension.impl.model.sourceSetModel.GradleSourceSetResolutionContext: loaded 2 times (x 69B)
Class org.gradle.internal.service.UnknownServiceException                             : loaded 2 times (x 79B)
Class org.jetbrains.plugins.gradle.model.web.WebConfiguration                         : loaded 2 times (x 66B)
Class jdk.internal.jrtfs.SystemImage                                                  : loaded 2 times (x 70B)
Class com.google.common.cache.LocalCache$LocalLoadingCache                            : loaded 2 times (x 130B)
Class com.google.common.util.concurrent.AbstractFuture$SafeAtomicHelper               : loaded 2 times (x 75B)
Class com.android.tools.idea.gradle.project.sync.SyncActionRunner$Companion           : loaded 2 times (x 67B)
Class com.android.tools.idea.gradle.project.sync.SyncActionRunner                     : loaded 2 times (x 72B)
Class io.opentelemetry.context.propagation.NoopTextMapPropagator                      : loaded 2 times (x 72B)
Class com.android.tools.idea.gradle.project.sync.GradleSyncStudioFlags                : loaded 2 times (x 68B)
Class org.jetbrains.kotlin.metadata.jvm.deserialization.JvmNameResolverBase$WhenMappings: loaded 2 times (x 67B)
Class org.jetbrains.kotlin.descriptors.Visibilities$Local                             : loaded 2 times (x 75B)
Class org.jetbrains.kotlin.protobuf.WireFormat                                        : loaded 2 times (x 67B)
Class org.jetbrains.kotlin.metadata.jvm.deserialization.BitEncoding                   : loaded 2 times (x 67B)
Class org.jetbrains.org.objectweb.asm.Attribute                                       : loaded 2 times (x 71B)
Class org.jetbrains.org.objectweb.asm.Label                                           : loaded 2 times (x 68B)
Class com.google.common.collect.ImmutableMapKeySet                                    : loaded 2 times (x 148B)
Class org.objectweb.asm.tree.InsnList                                                 : loaded 2 times (x 99B)
Class org.objectweb.asm.SymbolTable                                                   : loaded 2 times (x 68B)
Class com.google.common.cache.CacheLoader$InvalidCacheLoadException                   : loaded 2 times (x 78B)
Class org.gradle.internal.classloader.SystemClassLoaderSpec                           : loaded 2 times (x 67B)
Class com.google.common.collect.Sets$3                                                : loaded 2 times (x 135B)
Class com.intellij.gradle.toolingExtension.impl.model.taskModel.DefaultGradleTaskModel: loaded 2 times (x 71B)
Class JetGradlePlugin$findJetModelBuilder$0                                           : loaded 2 times (x 142B)
Class [Lorg.objectweb.asm.AnnotationVisitor;                                          : loaded 2 times (x 65B)
Class com.google.common.base.AbstractIterator$State                                   : loaded 2 times (x 75B)
Class com.google.common.collect.MapMakerInternalMap$Strength$2                        : loaded 2 times (x 76B)
Class com.google.common.reflect.Types$ClassOwnership$1                                : loaded 2 times (x 76B)
Class org.jetbrains.kotlin.load.java.JvmAnnotationNames                               : loaded 2 times (x 67B)
Class org.jetbrains.kotlin.metadata.jvm.deserialization.JvmNameResolverBase$Companion : loaded 2 times (x 67B)
Class org.jetbrains.kotlin.metadata.ProtoBuf$MemberKind                               : loaded 2 times (x 78B)
Class org.jetbrains.kotlin.descriptors.DescriptorVisibilities$3                       : loaded 2 times (x 75B)
Class [Lorg.jetbrains.kotlin.metadata.ProtoBuf$Effect$EffectType;                     : loaded 2 times (x 65B)
Class org.jetbrains.org.objectweb.asm.Frame                                           : loaded 2 times (x 69B)
Class com.google.common.collect.FluentIterable                                        : loaded 2 times (x 77B)
Class com.android.builder.model.v2.ide.TestedTargetVariant                            : loaded 2 times (x 66B)
Class org.objectweb.asm.tree.MultiANewArrayInsnNode                                   : loaded 2 times (x 75B)
Class com.google.common.cache.LocalCache$StrongEntry                                  : loaded 2 times (x 104B)
Class com.google.common.util.concurrent.AbstractFuture$TrustedFuture                  : loaded 2 times (x 110B)
Class com.google.common.cache.LoadingCache                                            : loaded 2 times (x 66B)
Class kotlin.ranges.IntRange$Companion                                                : loaded 2 times (x 67B)
Class com.intellij.gradle.toolingExtension.impl.model.sourceSetModel.GradleSourceSetModelBuilder$1: loaded 2 times (x 79B)
Class org.jetbrains.kotlin.metadata.jvm.deserialization.ClassMapperLite               : loaded 2 times (x 67B)
Class com.android.tools.idea.gradle.project.sync.SyncTestMode                         : loaded 2 times (x 75B)
Class org.jetbrains.kotlin.idea.gradleTooling.model.parcelize.ParcelizeGradleModel    : loaded 2 times (x 66B)
Class org.jetbrains.plugins.gradle.tooling.builder.AnnotationProcessingModelBuilder   : loaded 2 times (x 82B)
Class com.android.tools.idea.gradle.project.sync.InternedModels                       : loaded 2 times (x 68B)
Class com.android.tools.idea.gradle.project.sync.BasicV2AndroidModuleGradleProject    : loaded 2 times (x 69B)
Class org.jetbrains.plugins.gradle.model.ExternalSourceDirectorySet                   : loaded 2 times (x 66B)
Class org.gradle.internal.impldep.com.google.common.collect.Iterators$4               : loaded 2 times (x 78B)
Class com.android.ide.gradle.model.builder.LegacyV1AgpVersionModelBuilder             : loaded 2 times (x 71B)
Class org.gradle.api.internal.ClassPathProvider                                       : loaded 2 times (x 66B)
Class org.gradle.tooling.internal.consumer.connection.NestedActionAwareBuildControllerAdapter: loaded 2 times (x 97B)
Class org.gradle.tooling.internal.consumer.versioning.VersionDetails$R51VersionDetails: loaded 2 times (x 76B)
Class org.gradle.tooling.model.gradle.GradleBuild                                     : loaded 2 times (x 66B)
Class io.opentelemetry.api.trace.Span                                                 : loaded 2 times (x 66B)
Class org.gradle.tooling.internal.consumer.versioning.VersionDetails                  : loaded 2 times (x 76B)
Class org.jetbrains.kotlin.metadata.ProtoBuf$Type$Argument                            : loaded 2 times (x 106B)
Class org.jetbrains.kotlin.load.kotlin.FileBasedKotlinClass$InnerClassesInfo          : loaded 2 times (x 70B)
Class com.google.common.base.Suppliers$NonSerializableMemoizingSupplier               : loaded 2 times (x 75B)
Class com.google.common.io.ByteStreams$LimitedInputStream                             : loaded 2 times (x 88B)
Class org.objectweb.asm.MethodWriter                                                  : loaded 2 times (x 102B)
Class [Lcom.google.common.cache.Weigher;                                              : loaded 2 times (x 65B)
Class [Lorg.gradle.api.internal.ClassPathProvider;                                    : loaded 2 times (x 65B)
Class jdk.internal.jrtfs.JrtFileSystem                                                : loaded 2 times (x 98B)
Class com.google.common.collect.Sets$2                                                : loaded 2 times (x 135B)
Class com.google.common.hash.HashCode$BytesHashCode                                   : loaded 2 times (x 77B)
Class com.google.common.collect.Maps$ViewCachingAbstractMap                           : loaded 2 times (x 121B)
Class com.intellij.gradle.toolingExtension.impl.model.sourceSetModel.GradleSourceSetModelBuilder$2: loaded 2 times (x 79B)
Class org.jetbrains.plugins.gradle.tooling.MessageReportBuilder                       : loaded 2 times (x 66B)
Class com.google.common.collect.Cut                                                   : loaded 2 times (x 84B)
Class com.google.common.collect.MapMakerInternalMap$Strength$1                        : loaded 2 times (x 76B)
Class [Lcom.google.common.base.Function;                                              : loaded 2 times (x 65B)
Class org.jetbrains.kotlin.resolve.scopes.receivers.Receiver                          : loaded 2 times (x 66B)
Class org.jetbrains.kotlin.metadata.ProtoBuf$Modality$1                               : loaded 2 times (x 70B)
Class org.jetbrains.org.objectweb.asm.tree.TypeAnnotationNode                         : loaded 2 times (x 76B)
Class com.google.common.collect.AbstractMapBasedMultimap$RandomAccessWrappedList      : loaded 2 times (x 201B)
Class com.google.common.collect.ImmutableMultimap$1                                   : loaded 2 times (x 78B)
Class org.objectweb.asm.tree.InvokeDynamicInsnNode                                    : loaded 2 times (x 74B)
Class com.android.ide.common.gradle.Version$Companion$ParseState$EMPTY                : loaded 2 times (x 70B)
Class jdk.internal.jimage.decompressor.CompressedResourceHeader                       : loaded 2 times (x 67B)
Class org.jetbrains.plugins.gradle.model.GradleConfiguration                          : loaded 2 times (x 66B)
Class kotlin.ranges.OpenEndRange                                                      : loaded 2 times (x 66B)
Class org.jetbrains.kotlin.protobuf.ExtensionRegistryLite                             : loaded 2 times (x 70B)
Class com.intellij.gradle.toolingExtension.impl.model.sourceSetModel.GradleSourceSetModelBuilder$3: loaded 2 times (x 79B)
Class org.jetbrains.kotlin.metadata.jvm.JvmProtoBuf$JvmFieldSignature                 : loaded 2 times (x 104B)
Class com.google.common.collect.Range$RangeLexOrdering                                : loaded 2 times (x 111B)
Class org.jetbrains.kotlin.metadata.ProtoBuf$Modality                                 : loaded 2 times (x 78B)
Class org.jetbrains.kotlin.descriptors.DescriptorVisibilities$2                       : loaded 2 times (x 75B)
Class com.android.builder.model.AndroidProject                                        : loaded 2 times (x 66B)
Class com.google.common.collect.TreeRangeSet                                          : loaded 2 times (x 111B)
Class com.intellij.gradle.toolingExtension.impl.model.utilTurnOffDefaultTasksModel.TurnOffDefaultTasksModelBuilder: loaded 2 times (x 82B)
Class io.opentelemetry.api.OpenTelemetry                                              : loaded 2 times (x 66B)
Class org.jetbrains.kotlin.idea.gradleTooling.KotlinMPPGradleModelBuilder             : loaded 2 times (x 82B)
Class com.android.tools.idea.gradle.project.sync.VariantDetails                       : loaded 2 times (x 68B)
Class org.jetbrains.kotlin.metadata.ProtoBuf$VersionRequirement                       : loaded 2 times (x 112B)
Class com.google.common.reflect.Types$JavaVersion$1                                   : loaded 2 times (x 79B)
Class com.google.common.collect.AbstractIterator$State                                : loaded 2 times (x 75B)
Class [Lorg.jetbrains.kotlin.config.ExplicitApiMode;                                  : loaded 2 times (x 65B)
Class com.google.common.collect.ImmutableMultimap$2                                   : loaded 2 times (x 77B)
Class com.google.common.collect.RegularImmutableBiMap                                 : loaded 2 times (x 145B)
Class org.jetbrains.plugins.gradle.tooling.serialization.internal.adapter.InternalProjectIdentifier: loaded 2 times (x 72B)
Class org.gradle.api.internal.DefaultClassPathProvider                                : loaded 2 times (x 72B)
Class com.google.common.cache.LocalCache$ValueReference                               : loaded 2 times (x 66B)
Class org.objectweb.asm.AnnotationVisitor                                             : loaded 2 times (x 74B)
Class com.google.common.collect.Sets$1                                                : loaded 2 times (x 135B)
Class com.android.ide.common.gradle.Numeric                                           : loaded 2 times (x 73B)
Class com.google.common.base.Splitter                                                 : loaded 2 times (x 68B)
Class com.google.common.collect.Iterators$EmptyModifiableIterator                     : loaded 2 times (x 82B)
Class org.jetbrains.kotlin.protobuf.CodedOutputStream$ByteBufferOutputStream          : loaded 2 times (x 82B)
Class io.opentelemetry.api.trace.PropagatedSpan                                       : loaded 2 times (x 108B)
Class org.jetbrains.kotlin.descriptors.DescriptorVisibilities$1                       : loaded 2 times (x 75B)
Class org.jetbrains.org.objectweb.asm.Opcodes                                         : loaded 2 times (x 66B)
Class org.jetbrains.kotlin.descriptors.annotations.Annotated                          : loaded 2 times (x 66B)
Class [Lorg.jetbrains.org.objectweb.asm.AnnotationVisitor;                            : loaded 2 times (x 65B)
Class org.jetbrains.kotlin.descriptors.SourceElement$1                                : loaded 2 times (x 70B)
Class com.google.common.reflect.Types$JavaVersion$2                                   : loaded 2 times (x 79B)
Class com.google.common.reflect.Types                                                 : loaded 2 times (x 67B)
Class com.google.common.hash.PrimitiveSink                                            : loaded 2 times (x 66B)
Class com.android.builder.model.v2.ide.ProjectInfo                                    : loaded 2 times (x 66B)
Class org.jetbrains.kotlin.cli.common.arguments.CommonToolArguments                   : loaded 2 times (x 69B)
Class com.google.common.base.PatternCompiler                                          : loaded 2 times (x 66B)
Class com.google.common.util.concurrent.AbstractFuture$Failure                        : loaded 2 times (x 68B)
Class com.google.common.base.Equivalence$Equals                                       : loaded 2 times (x 78B)
Class com.google.common.collect.Hashing                                               : loaded 2 times (x 67B)
Class kotlin.text.CharsKt__CharKt                                                     : loaded 2 times (x 67B)
Class com.android.ide.gradle.model.builder.LegacyAndroidGradlePluginPropertiesModelBuilder$Companion: loaded 2 times (x 67B)
Class org.jetbrains.kotlin.util.ModuleVisibilityHelper                                : loaded 2 times (x 66B)
Class [Lkotlin.reflect.KCallable;                                                     : loaded 2 times (x 65B)
Class org.gradle.tooling.internal.consumer.converters.ConsumerTargetTypeProvider      : loaded 2 times (x 72B)
Class com.google.common.collect.Cut$BelowValue                                        : loaded 2 times (x 84B)
Class com.android.tools.idea.gradle.project.sync.JavaModule                           : loaded 2 times (x 70B)
Class org.jetbrains.kotlin.idea.gradleTooling.model.allopen.AllOpenModel              : loaded 2 times (x 66B)
Class com.android.tools.idea.gradle.project.upgrade.AndroidGradlePluginCompatibilityKt: loaded 2 times (x 67B)
Class com.android.tools.idea.gradle.project.sync.BasicIncompleteAndroidModule         : loaded 2 times (x 69B)
Class com.google.common.collect.ImmutableEnumMap                                      : loaded 2 times (x 122B)
Class com.google.common.collect.ListMultimap                                          : loaded 2 times (x 66B)
Class com.android.tools.idea.gradle.project.sync.ActionToRun$toSafeController$1       : loaded 2 times (x 82B)
Class org.gradle.tooling.model.GradleTask                                             : loaded 2 times (x 66B)
Class org.objectweb.asm.tree.ClassNode                                                : loaded 2 times (x 87B)
Class com.google.common.collect.CollectSpliterators$1WithCharacteristics              : loaded 2 times (x 86B)
Class io.opentelemetry.api.trace.TraceFlags                                           : loaded 2 times (x 66B)
Class org.jetbrains.kotlin.metadata.jvm.deserialization.JvmMetadataVersion            : loaded 2 times (x 70B)
Class org.jetbrains.kotlin.metadata.ProtoBuf$Expression$1                             : loaded 2 times (x 140B)
Class org.jetbrains.kotlin.descriptors.DescriptorVisibility                           : loaded 2 times (x 74B)
Class kotlin.LazyKt                                                                   : loaded 2 times (x 67B)
Class com.google.common.reflect.Types$JavaVersion$3                                   : loaded 2 times (x 79B)
Class [Lorg.jetbrains.kotlin.descriptors.CallableMemberDescriptor$Kind;               : loaded 2 times (x 65B)
Class com.google.common.io.CharSink                                                   : loaded 2 times (x 75B)
Class com.android.builder.model.v2.dsl.DependenciesInfo                               : loaded 2 times (x 66B)
Class org.objectweb.asm.Label                                                         : loaded 2 times (x 69B)
Class org.objectweb.asm.CurrentFrame                                                  : loaded 2 times (x 69B)
Class org.objectweb.asm.ClassTooLargeException                                        : loaded 2 times (x 79B)
Class org.jetbrains.kotlin.metadata.ProtoBuf$EnumEntry                                : loaded 2 times (x 114B)
Class com.google.gson.stream.JsonReader                                               : loaded 2 times (x 93B)
Class org.jetbrains.kotlin.idea.projectModel.KotlinTarget$Companion                   : loaded 2 times (x 67B)
Class org.gradle.tooling.internal.adapter.ProtocolToModelAdapter$ClassMixInMethodInvoker: loaded 2 times (x 72B)
Class org.gradle.internal.impldep.com.google.common.collect.Iterators$1               : loaded 2 times (x 77B)
Class com.intellij.openapi.externalSystem.model.project.dependencies.DependencyNode   : loaded 2 times (x 66B)
Class org.jetbrains.kotlin.idea.gradleTooling.model.parcelize.ParcelizeModelBuilderService: loaded 2 times (x 77B)
Class org.gradle.api.internal.classpath.EffectiveClassPath                            : loaded 2 times (x 86B)
Class org.jetbrains.kotlin.idea.projectModel.KotlinTaskProperties                     : loaded 2 times (x 66B)
Class org.jetbrains.org.objectweb.asm.ClassReader                                     : loaded 2 times (x 87B)
Class org.jetbrains.org.objectweb.asm.tree.FrameNode                                  : loaded 2 times (x 75B)
Class org.jetbrains.kotlin.metadata.jvm.JvmProtoBuf$StringTableTypesOrBuilder         : loaded 2 times (x 66B)
Class org.jetbrains.kotlin.metadata.ProtoBuf$Type$Argument$1                          : loaded 2 times (x 140B)
Class com.intellij.gradle.toolingExtension.impl.util.GradleModelProviderUtil          : loaded 2 times (x 67B)
Class org.jetbrains.kotlin.metadata.ProtoBuf$ExpressionOrBuilder                      : loaded 2 times (x 66B)
Class [Lorg.jetbrains.kotlin.metadata.ProtoBuf$Type$Argument$Projection;              : loaded 2 times (x 65B)
Class org.jetbrains.org.objectweb.asm.RecordComponentWriter                           : loaded 2 times (x 74B)
Class com.google.common.reflect.Types$JavaVersion$4                                   : loaded 2 times (x 79B)
Class com.google.common.collect.MapMakerInternalMap$InternalEntryHelper               : loaded 2 times (x 66B)
Class com.google.common.collect.Table                                                 : loaded 2 times (x 66B)
Class com.google.common.hash.HashCode$LongHashCode                                    : loaded 2 times (x 76B)
Class com.google.common.collect.Maps$IteratorBasedAbstractMap                         : loaded 2 times (x 121B)
Class com.android.ide.common.gradle.Version$Companion$ParseState$NUMERIC              : loaded 2 times (x 70B)
Class org.objectweb.asm.Frame                                                         : loaded 2 times (x 69B)
Class org.objectweb.asm.MethodVisitor                                                 : loaded 2 times (x 101B)
Class org.jetbrains.kotlin.metadata.deserialization.Flags$EnumLiteFlagField           : loaded 2 times (x 72B)
Class org.jetbrains.kotlin.gradle.idea.tcs.IdeaKotlinDependencyCoordinates            : loaded 2 times (x 66B)
Class com.google.common.cache.LocalCache$EntryFactory$1                               : loaded 2 times (x 79B)
Class [Lcom.google.common.cache.RemovalListener;                                      : loaded 2 times (x 65B)
Class com.intellij.gradle.toolingExtension.impl.model.sourceSetDependencyModel.GradleSourceSetDependencyModelProvider: loaded 2 times (x 75B)
Class com.android.builder.model.v2.models.TestSuiteSource                             : loaded 2 times (x 66B)
Class org.jetbrains.kotlin.tooling.core.Interner                                      : loaded 2 times (x 66B)
Class com.android.ide.gradle.model.builder.GradlePluginModelBuilder                   : loaded 2 times (x 71B)
Class org.jetbrains.kotlin.idea.gradleTooling.OrphanSourceSetImportingChecker         : loaded 2 times (x 70B)
Class org.jetbrains.kotlin.idea.gradleTooling.model.kapt.KaptSourceSetModel           : loaded 2 times (x 66B)
Class org.gradle.internal.classloader.ClassLoaderVisitor                              : loaded 2 times (x 72B)
Class org.jetbrains.kotlin.config.LanguageVersionSettings                             : loaded 2 times (x 66B)
Class org.gradle.tooling.internal.consumer.versioning.VersionDetails$R28VersionDetails: loaded 2 times (x 76B)
Class org.jetbrains.kotlin.metadata.ProtoBuf$EnumEntryOrBuilder                       : loaded 2 times (x 66B)
Class org.jetbrains.kotlin.descriptors.ValidateableDescriptor                         : loaded 2 times (x 66B)
Class org.jetbrains.kotlin.metadata.jvm.JvmProtoBuf$JvmPropertySignature$1            : loaded 2 times (x 140B)
Class org.jetbrains.org.objectweb.asm.MethodWriter                                    : loaded 2 times (x 101B)
Class org.jetbrains.kotlin.metadata.jvm.deserialization.JvmMetadataVersion$Companion  : loaded 2 times (x 67B)
Class com.google.common.hash.AbstractHasher                                           : loaded 2 times (x 138B)
Class com.google.common.reflect.Types$JavaVersion$5                                   : loaded 2 times (x 67B)
Class [Lcom.google.common.reflect.Types$ClassOwnership;                               : loaded 2 times (x 65B)
Class org.objectweb.asm.tree.Util                                                     : loaded 2 times (x 67B)
Class com.google.common.cache.LocalCache$EntryFactory$2                               : loaded 2 times (x 79B)
Class org.gradle.api.internal.classpath.GlobalCacheRootsProvider                      : loaded 2 times (x 66B)
Class com.google.common.base.CharMatcher$None                                         : loaded 2 times (x 108B)
Class [Lcom.google.common.collect.AbstractIterator$State;                             : loaded 2 times (x 65B)
Class org.jetbrains.org.objectweb.asm.ClassVisitor                                    : loaded 2 times (x 83B)
Class org.jetbrains.kotlin.metadata.jvm.deserialization.JvmNameResolver               : loaded 2 times (x 76B)
Class io.opentelemetry.context.Scope                                                  : loaded 2 times (x 66B)
Class org.jetbrains.kotlin.idea.gradleTooling.model.lombok.LombokModelBuilderService  : loaded 2 times (x 83B)
Class org.gradle.tooling.model.kotlin.dsl.EditorPosition                              : loaded 2 times (x 66B)
Class com.google.common.collect.Cut$BelowAll                                          : loaded 2 times (x 84B)
Class com.android.tools.idea.gradle.project.sync.AndroidExtraModelProviderWorkerKt    : loaded 2 times (x 67B)
Class org.jetbrains.plugins.gradle.tooling.builder.ExternalTestsModelBuilderImpl      : loaded 2 times (x 74B)
Class org.jetbrains.plugins.gradle.tooling.util.ClassMap                              : loaded 2 times (x 68B)
Class org.gradle.internal.classloader.DefaultClassLoaderFactory                       : loaded 2 times (x 78B)
Class io.opentelemetry.context.propagation.ContextPropagators                         : loaded 2 times (x 66B)
Class kotlin.Lazy                                                                     : loaded 2 times (x 66B)
Class org.objectweb.asm.tree.MethodInsnNode                                           : loaded 2 times (x 76B)
Class com.google.common.collect.CollectCollectors                                     : loaded 2 times (x 67B)
Class org.objectweb.asm.ModuleWriter                                                  : loaded 2 times (x 78B)
Class com.google.common.cache.LocalCache$EntryFactory$3                               : loaded 2 times (x 79B)
Class com.google.common.base.Ticker$1                                                 : loaded 2 times (x 68B)
Class com.google.common.collect.Maps$BiMapConverter                                   : loaded 2 times (x 86B)
Class com.google.common.base.Suppliers                                                : loaded 2 times (x 67B)
Class org.jetbrains.kotlin.idea.gradleTooling.reflect.GradleReflectionLogger          : loaded 2 times (x 71B)
Class [Lcom.google.common.cache.CacheBuilder$OneWeigher;                              : loaded 2 times (x 65B)
Class org.objectweb.asm.MethodTooLargeException                                       : loaded 2 times (x 79B)
Class com.google.common.base.Platform$JdkPatternCompiler                              : loaded 2 times (x 71B)
Class com.google.common.collect.SortedLists$KeyPresentBehavior$1                      : loaded 2 times (x 76B)
Class org.gradle.tooling.model.kotlin.dsl.EditorReportSeverity                        : loaded 2 times (x 75B)
Class com.intellij.gradle.toolingExtension.impl.modelAction.GradleDaemonModelHolder$ConvertedModel: loaded 2 times (x 68B)
Class org.gradle.tooling.internal.consumer.converters.EclipseExternalDependencyUnresolvedMixin: loaded 2 times (x 69B)
Class org.gradle.tooling.model.BuildableElement                                       : loaded 2 times (x 66B)
Class org.gradle.tooling.model.HasGradleProject                                       : loaded 2 times (x 66B)
Class org.gradle.tooling.internal.consumer.versioning.VersionDetails$R44VersionDetails: loaded 2 times (x 76B)
Class org.jetbrains.kotlin.idea.projectModel.KotlinPlatform                           : loaded 2 times (x 75B)
Class [Lcom.intellij.gradle.toolingExtension.modelAction.GradleModelFetchPhase;       : loaded 2 times (x 65B)
Class [Lorg.jetbrains.kotlin.metadata.ProtoBuf$Expression$ConstantValue;              : loaded 2 times (x 65B)
Class org.jetbrains.kotlin.metadata.ProtoBuf$Effect                                   : loaded 2 times (x 109B)
Class org.jetbrains.org.objectweb.asm.tree.InsnNode                                   : loaded 2 times (x 74B)
Class [Lkotlin.jvm.functions.Function1;                                               : loaded 2 times (x 65B)
Class org.jetbrains.org.objectweb.asm.RecordComponentVisitor                          : loaded 2 times (x 73B)
Class com.google.common.collect.MapMakerInternalMap$Strength                          : loaded 2 times (x 76B)
Class com.android.builder.model.v2.ide.VectorDrawablesOptions                         : loaded 2 times (x 66B)
Class com.google.common.collect.MapMakerInternalMap$StrongKeyDummyValueEntry$LinkedStrongKeyDummyValueEntry: loaded 2 times (x 78B)
Class com.google.common.cache.LocalCache$EntryFactory$4                               : loaded 2 times (x 79B)
Class org.jetbrains.kotlin.name.FqNameUnsafe$1                                        : loaded 2 times (x 70B)
Class org.jetbrains.kotlin.metadata.ProtoBuf$Effect$EffectType                        : loaded 2 times (x 78B)
Class com.intellij.gradle.toolingExtension.impl.modelAction.GradleDaemonModelHolder   : loaded 2 times (x 72B)
Class com.intellij.gradle.toolingExtension.impl.model.sourceSetDependencyModel.DefaultGradleSourceSetDependencyModel: loaded 2 times (x 73B)
Class org.jetbrains.kotlin.idea.gradleTooling.AbstractKotlinGradleModelBuilder$Companion: loaded 2 times (x 67B)
Class com.google.common.collect.SortedLists$KeyPresentBehavior$2                      : loaded 2 times (x 76B)
Class io.opentelemetry.api.GlobalOpenTelemetry                                        : loaded 2 times (x 67B)
Class org.gradle.tooling.model.kotlin.dsl.EditorReport                                : loaded 2 times (x 66B)
Class org.gradle.tooling.internal.consumer.connection.NestedActionAwareBuildControllerAdapter$1: loaded 2 times (x 72B)
Class org.jetbrains.kotlin.idea.gradleTooling.KotlinMPPGradleModelBinaryBuilder       : loaded 2 times (x 82B)
Class com.intellij.gradle.toolingExtension.impl.model.sourceSetModel.GradleSourceSetModelProvider: loaded 2 times (x 75B)
Class org.gradle.tooling.model.build.BuildEnvironment                                 : loaded 2 times (x 66B)
Class org.jetbrains.kotlin.descriptors.Visibility                                     : loaded 2 times (x 75B)
Class org.jetbrains.kotlin.protobuf.RopeByteString$RopeInputStream                    : loaded 2 times (x 88B)
Class org.jetbrains.kotlin.protobuf.CodedInputStream                                  : loaded 2 times (x 68B)
Class org.jetbrains.org.objectweb.asm.MethodTooLargeException                         : loaded 2 times (x 79B)
Class org.jetbrains.org.objectweb.asm.Context                                         : loaded 2 times (x 68B)
Class kotlin.sequences.ConstrainedOnceSequence                                        : loaded 2 times (x 71B)
Class ijKotlinCoroutineJvmDebugInit1_5ztahoo8aeekdl38ew6rt4zw4$_run_closure1          : loaded 2 times (x 135B)
Class com.android.builder.model.v2.ide.Edge                                           : loaded 2 times (x 66B)
Class com.google.common.io.ByteStreams$1                                              : loaded 2 times (x 81B)
Class com.google.common.cache.LocalCache$EntryFactory$5                               : loaded 2 times (x 79B)
Class org.jetbrains.kotlin.idea.gradleTooling.model.noarg.NoArgModel                  : loaded 2 times (x 66B)
Class [Lcom.intellij.openapi.externalSystem.model.project.ExternalSystemSourceType;   : loaded 2 times (x 65B)
Class jdk.internal.jimage.decompressor.StringSharingDecompressorFactory               : loaded 2 times (x 70B)
Class com.google.common.collect.SortedLists$KeyPresentBehavior$3                      : loaded 2 times (x 76B)
Class org.gradle.internal.impldep.com.google.common.base.Present                      : loaded 2 times (x 77B)
Class org.gradle.tooling.internal.consumer.connection.HasCompatibilityMapping         : loaded 2 times (x 69B)
Class org.objectweb.asm.ClassVisitor                                                  : loaded 2 times (x 84B)
Class [Lorg.objectweb.asm.Symbol;                                                     : loaded 2 times (x 65B)
Class org.gradle.tooling.internal.consumer.connection.InternalBuildActionAdapter      : loaded 2 times (x 76B)
Class org.jetbrains.kotlin.mpp.DeclarationSymbolMarker                                : loaded 2 times (x 66B)
Class org.jetbrains.org.objectweb.asm.CurrentFrame                                    : loaded 2 times (x 69B)
Class org.jetbrains.kotlin.protobuf.MessageLite$Builder                               : loaded 2 times (x 66B)
Class org.jetbrains.kotlin.config.JVMAssertionsMode$Companion                         : loaded 2 times (x 67B)
Class com.google.common.cache.LocalCache$EntryFactory$6                               : loaded 2 times (x 79B)
Class org.jetbrains.plugins.gradle.model.GradleExtension                              : loaded 2 times (x 66B)
Class org.gradle.internal.installation.CurrentGradleInstallationLocator               : loaded 2 times (x 67B)
Class com.android.ide.gradle.model.impl.GradlePluginModelImpl                         : loaded 2 times (x 72B)
Class com.android.builder.model.v2.ide.AaptOptions$Namespacing                        : loaded 2 times (x 75B)
Class com.google.common.collect.SortedLists                                           : loaded 2 times (x 67B)
Class [Lcom.google.common.collect.SortedLists$KeyPresentBehavior;                     : loaded 2 times (x 65B)
Class com.google.common.collect.SortedLists$KeyPresentBehavior$4                      : loaded 2 times (x 76B)
Class org.jetbrains.kotlin.config.ExplicitApiMode$Companion                           : loaded 2 times (x 67B)
Class com.android.builder.model.NativeAndroidProject                                  : loaded 2 times (x 66B)
Class org.gradle.tooling.model.idea.IdeaJavaLanguageSettings                          : loaded 2 times (x 66B)
Class org.jetbrains.plugins.gradle.tooling.serialization.internal.adapter.kotlin.dsl.InternalKotlinDslScriptsModel: loaded 2 times (x 72B)
Class org.gradle.tooling.internal.adapter.ProtocolToModelAdapter$ChainedMethodInvoker : loaded 2 times (x 72B)
Class com.google.common.collect.TransformedListIterator                               : loaded 2 times (x 89B)
Class com.google.common.cache.LocalCache$Values                                       : loaded 2 times (x 114B)
Class com.google.common.reflect.TypeCapture                                           : loaded 2 times (x 67B)
Class org.jetbrains.kotlin.protobuf.FieldSet$1                                        : loaded 2 times (x 67B)
Class org.jetbrains.kotlin.metadata.ProtoBuf$VersionRequirement$Level$1               : loaded 2 times (x 70B)
Class org.jetbrains.org.objectweb.asm.tree.LdcInsnNode                                : loaded 2 times (x 74B)
Class com.google.common.collect.ImmutableMultimap$Builder                             : loaded 2 times (x 82B)
Class com.android.builder.model.v2.ide.LintOptions                                    : loaded 2 times (x 66B)
Class org.objectweb.asm.ClassReader                                                   : loaded 2 times (x 90B)
Class com.google.common.collect.Maps$KeySet                                           : loaded 2 times (x 133B)
Class com.google.common.cache.LocalCache$EntryFactory$7                               : loaded 2 times (x 79B)
Class com.google.common.collect.ImmutableSet$EmptySetBuilderImpl                      : loaded 2 times (x 72B)
Class org.gradle.internal.service.DefaultServiceLocator                               : loaded 2 times (x 79B)
Class com.android.ide.gradle.model.dependencies.DeclaredDependenciesModelBuilder      : loaded 2 times (x 71B)
Class org.jetbrains.kotlin.protobuf.ByteString$Output                                 : loaded 2 times (x 82B)
Class org.jetbrains.org.objectweb.asm.tree.FieldInsnNode                              : loaded 2 times (x 75B)
Class io.opentelemetry.api.internal.OtelEncodingUtils                                 : loaded 2 times (x 67B)
Class org.gradle.tooling.internal.consumer.converters.IdeaModuleDependencyTargetNameMixin: loaded 2 times (x 69B)
Class com.android.tools.idea.gradle.project.sync.AgpVersionsMismatch                  : loaded 2 times (x 78B)
Class org.jetbrains.plugins.gradle.tooling.builder.ScalaModelBuilderImpl              : loaded 2 times (x 77B)
Class org.jetbrains.plugins.gradle.tooling.ModelBuilderContext                        : loaded 2 times (x 66B)
Class [Lcom.android.tools.idea.gradle.project.sync.ModelFeature;                      : loaded 2 times (x 65B)
Class com.google.common.collect.SortedLists$KeyPresentBehavior$5                      : loaded 2 times (x 76B)
Class org.jetbrains.plugins.gradle.model.ear.EarConfiguration                         : loaded 2 times (x 66B)
Class kotlin.ranges.IntProgression$Companion                                          : loaded 2 times (x 67B)
Class com.google.gson.stream.MalformedJsonException                                   : loaded 2 times (x 78B)
Class org.jetbrains.plugins.gradle.model.FilePatternSet                               : loaded 2 times (x 66B)
Class org.jetbrains.plugins.gradle.model.GradleLightProject                           : loaded 2 times (x 66B)
Class io.opentelemetry.api.trace.SpanContextKey                                       : loaded 2 times (x 67B)
Class com.android.tools.idea.gradle.project.sync.AdditionalClassifierArtifactsActionOptions: loaded 2 times (x 68B)
Class com.android.builder.model.v2.ide.AndroidArtifact                                : loaded 2 times (x 66B)
Class org.jetbrains.kotlin.metadata.ProtoBuf$Class$Kind$1                             : loaded 2 times (x 70B)
Class org.jetbrains.kotlin.protobuf.SmallSortedMap$Entry                              : loaded 2 times (x 84B)
Class org.jetbrains.kotlin.metadata.ProtoBuf$Package$1                                : loaded 2 times (x 140B)
Class org.jetbrains.org.objectweb.asm.SymbolTable                                     : loaded 2 times (x 68B)
Class org.jetbrains.org.objectweb.asm.tree.UnsupportedClassVersionException           : loaded 2 times (x 78B)
Class com.google.common.cache.LocalCache$SoftValueReference                           : loaded 2 times (x 93B)
Class com.google.common.collect.Maps$EntrySet                                         : loaded 2 times (x 132B)
Class com.google.common.collect.ImmutableMultimap$EntryCollection                     : loaded 2 times (x 124B)
Class org.objectweb.asm.tree.JumpInsnNode                                             : loaded 2 times (x 75B)
Class org.jetbrains.kotlin.util.capitalizeDecapitalize.CapitalizeDecapitalizeKt       : loaded 2 times (x 67B)
Class com.google.common.cache.LocalCache$EntryFactory$8                               : loaded 2 times (x 79B)
Class jdk.internal.jrtfs.JrtDirectoryStream                                           : loaded 2 times (x 85B)
Class org.gradle.internal.installation.CurrentGradleInstallation                      : loaded 2 times (x 69B)
Class com.google.common.io.ByteArrayDataOutput                                        : loaded 2 times (x 66B)
Class org.objectweb.asm.tree.LocalVariableNode                                        : loaded 2 times (x 69B)
Class org.jetbrains.kotlin.protobuf.GeneratedMessageLite$ExtendableMessageOrBuilder   : loaded 2 times (x 66B)
Class org.jetbrains.kotlin.metadata.ProtoBuf$FunctionOrBuilder                        : loaded 2 times (x 66B)
Class org.jetbrains.kotlin.protobuf.GeneratedMessageLite$1                            : loaded 2 times (x 67B)
Class org.jetbrains.plugins.gradle.model.scala.ScalaModel                             : loaded 2 times (x 66B)
Class com.intellij.openapi.externalSystem.model.project.dependencies.ProjectDependencyNodeImpl: loaded 2 times (x 89B)
Class com.android.tools.idea.gradle.project.sync.LibraryIdentity$LibraryIdentityProvider$special$$inlined$compareBy$1: loaded 2 times (x 86B)
Class org.jetbrains.kotlin.metadata.ProtoBuf$Effect$InvocationKind$1                  : loaded 2 times (x 70B)
Class io.opentelemetry.context.ContextStorageProvider                                 : loaded 2 times (x 66B)
Class org.gradle.tooling.internal.consumer.connection.ToolingParameterProxy           : loaded 2 times (x 72B)
Class com.android.tools.idea.gradle.project.sync.GradleInjectedSyncActionRunner       : loaded 2 times (x 66B)
Class com.intellij.openapi.externalSystem.model.project.dependencies.ProjectDependencyNode: loaded 2 times (x 66B)
Class org.gradle.api.internal.classpath.ManifestUtil                                  : loaded 2 times (x 67B)
Class com.google.common.util.concurrent.ExecutionError                                : loaded 2 times (x 78B)
Class org.gradle.tooling.model.gradle.ProjectPublications                             : loaded 2 times (x 66B)
Class org.jetbrains.kotlin.idea.projectModel.KotlinTargetJar                          : loaded 2 times (x 66B)
Class org.jetbrains.kotlin.metadata.ProtoBuf$Annotation$ArgumentOrBuilder             : loaded 2 times (x 66B)
Class org.jetbrains.org.objectweb.asm.ModuleWriter                                    : loaded 2 times (x 77B)
Class org.jetbrains.kotlin.protobuf.FieldSet$FieldDescriptorLite                      : loaded 2 times (x 66B)
Class org.jetbrains.kotlin.protobuf.AbstractMessageLite                               : loaded 2 times (x 94B)
Class com.google.common.cache.CacheLoader$1                                           : loaded 2 times (x 71B)
Class kotlin.jvm.internal.Ref$BooleanRef                                              : loaded 2 times (x 67B)
Class org.gradle.util.internal.GUtil                                                  : loaded 2 times (x 67B)
Class com.google.common.collect.ImmutableEnumSet                                      : loaded 2 times (x 142B)
Class org.objectweb.asm.tree.FieldInsnNode                                            : loaded 2 times (x 75B)
Class com.google.common.collect.AbstractMapBasedMultimap$WrappedCollection            : loaded 2 times (x 120B)
Class com.intellij.gradle.toolingExtension.impl.model.dependencyDownloadPolicyModel.DefaultGradleDependencyDownloadPolicy: loaded 2 times (x 73B)
Class [Lcom.google.common.cache.RemovalCause;                                         : loaded 2 times (x 65B)
Class org.jetbrains.org.objectweb.asm.tree.Util                                       : loaded 2 times (x 67B)
Class [Lorg.jetbrains.kotlin.metadata.ProtoBuf$Modality;                              : loaded 2 times (x 65B)
Class com.android.tools.idea.gradle.project.sync.AgpVersionTooOld                     : loaded 2 times (x 78B)
Class com.intellij.gradle.toolingExtension.modelProvider.GradleClassProjectModelProvider: loaded 2 times (x 76B)
Class io.opentelemetry.api.trace.TraceId                                              : loaded 2 times (x 67B)
Class org.jetbrains.kotlin.metadata.jvm.JvmProtoBuf$StringTableTypes$Record           : loaded 2 times (x 115B)
Class [Lorg.jetbrains.org.objectweb.asm.Label;                                        : loaded 2 times (x 65B)
Class org.jetbrains.kotlin.protobuf.FieldSet                                          : loaded 2 times (x 68B)
Class [Lio.opentelemetry.api.trace.ImmutableTraceFlags;                               : loaded 2 times (x 65B)
Class com.google.common.io.ByteSource                                                 : loaded 2 times (x 80B)
Class com.android.utils.StringHelper                                                  : loaded 2 times (x 67B)
Class com.google.common.util.concurrent.AbstractFuture$SetFuture                      : loaded 2 times (x 71B)
Class com.google.common.cache.AbstractCache$StatsCounter                              : loaded 2 times (x 66B)
Class com.intellij.gradle.toolingExtension.impl.model.sourceSetModel.DefaultGradleSourceSetModel: loaded 2 times (x 76B)
Class com.intellij.gradle.toolingExtension.impl.model.utilDummyModel.DefaultDummyModel: loaded 2 times (x 69B)
Class com.android.builder.model.v2.ide.TestSuiteTarget                                : loaded 2 times (x 66B)
Class org.gradle.internal.classloader.ClassLoaderHierarchy                            : loaded 2 times (x 66B)
Class jdk.internal.jimage.BasicImageReader                                            : loaded 2 times (x 91B)
Class com.google.common.io.FileWriteMode                                              : loaded 2 times (x 75B)
Class [Lcom.google.common.base.AbstractIterator$State;                                : loaded 2 times (x 65B)
Class org.gradle.tooling.internal.consumer.converters.IncludedBuildsMixin             : loaded 2 times (x 70B)
Class io.opentelemetry.api.internal.ImmutableSpanContext                              : loaded 2 times (x 87B)
Class [Lcom.google.common.collect.MapMakerInternalMap$Segment;                        : loaded 2 times (x 65B)
Class com.google.common.cache.LocalCache$ValueIterator                                : loaded 2 times (x 82B)
Class org.jetbrains.kotlin.load.kotlin.FileBasedKotlinClass$OuterAndInnerName         : loaded 2 times (x 68B)
Class org.jetbrains.kotlin.metadata.ProtoBuf$ContractOrBuilder                        : loaded 2 times (x 66B)
Class [Lorg.jetbrains.kotlin.metadata.ProtoBuf$MemberKind;                            : loaded 2 times (x 65B)
Class org.jetbrains.kotlin.metadata.ProtoBuf$Annotation$Argument$Value$Type$1         : loaded 2 times (x 70B)
Class org.jetbrains.kotlin.metadata.ProtoBuf$Package                                  : loaded 2 times (x 125B)
Class org.jetbrains.kotlin.metadata.ProtoBuf$TypeTableOrBuilder                       : loaded 2 times (x 66B)
Class org.jetbrains.kotlin.metadata.ProtoBuf$TypeOrBuilder                            : loaded 2 times (x 66B)
Class com.google.common.reflect.Types$TypeVariableImpl                                : loaded 2 times (x 68B)
Class com.google.common.collect.MapMakerInternalMap$1                                 : loaded 2 times (x 79B)
Class com.android.builder.model.v2.dsl.BuildType                                      : loaded 2 times (x 66B)
Class org.objectweb.asm.Context                                                       : loaded 2 times (x 68B)
Class org.objectweb.asm.tree.TypeAnnotationNode                                       : loaded 2 times (x 77B)
Class kotlin.ranges.IntProgressionIterator                                            : loaded 2 times (x 78B)
Class org.gradle.internal.installation.GradleInstallation                             : loaded 2 times (x 71B)
Class [Lorg.jetbrains.kotlin.metadata.ProtoBuf$Visibility;                            : loaded 2 times (x 65B)
Class org.jetbrains.org.objectweb.asm.TypeReference                                   : loaded 2 times (x 76B)
Class com.intellij.gradle.toolingExtension.impl.util.javaPluginUtil.ExtensionJavaPluginAccessor: loaded 2 times (x 78B)
Class org.gradle.tooling.model.gradle.BasicGradleProject                              : loaded 2 times (x 66B)
Class com.android.tools.idea.gradle.project.sync.AgpCompatibilityKt                   : loaded 2 times (x 67B)
Class com.intellij.gradle.toolingExtension.impl.util.collectionUtil.GradleCollectionVisitor: loaded 2 times (x 66B)
Class com.intellij.gradle.toolingExtension.impl.model.dependencyGraphModel.GradleDependencyGraphModelBuilder: loaded 2 times (x 78B)
Class io.opentelemetry.api.trace.DefaultTracer                                        : loaded 2 times (x 70B)
Class org.gradle.tooling.internal.adapter.ProtocolToModelAdapter$2                    : loaded 2 times (x 74B)
Class com.intellij.gradle.toolingExtension.impl.model.utilTurnOffDefaultTasksModel.DefaultTurnOffDefaultTasks: loaded 2 times (x 67B)
Class org.jetbrains.kotlin.metadata.deserialization.ProtoTypeTableUtilKt              : loaded 2 times (x 67B)
Class [Lorg.jetbrains.kotlin.descriptors.DescriptorVisibility;                        : loaded 2 times (x 65B)
Class kotlin.collections.CollectionsKt__IteratorsJVMKt$iterator$1                     : loaded 2 times (x 75B)
Class com.google.common.base.Splitter$Strategy                                        : loaded 2 times (x 66B)
Class org.jetbrains.kotlin.config.LanguageFeature$State                               : loaded 2 times (x 78B)
Class org.gradle.internal.classloader.FilteringClassLoader                            : loaded 2 times (x 101B)
Class jdk.internal.jimage.decompressor.ResourceDecompressor$StringsProvider           : loaded 2 times (x 66B)
Class com.google.common.base.Equivalence$Identity                                     : loaded 2 times (x 78B)
Class com.google.common.base.PairwiseEquivalence                                      : loaded 2 times (x 79B)
Class com.android.builder.model.v2.ide.ViewBindingOptions                             : loaded 2 times (x 66B)
Class org.jetbrains.kotlin.descriptors.SourceElement                                  : loaded 2 times (x 66B)
Class org.jetbrains.kotlin.metadata.ProtoBuf$TypeParameter$Variance$1                 : loaded 2 times (x 70B)
Class org.jetbrains.kotlin.metadata.ProtoBuf$Annotation$Argument$Value$Type           : loaded 2 times (x 78B)
Class org.jetbrains.plugins.gradle.model.ProjectImportModelProvider$GradleModelConsumer: loaded 2 times (x 66B)
Class com.android.tools.idea.gradle.project.sync.ModelFeature                         : loaded 2 times (x 75B)
Class org.jetbrains.kotlin.idea.gradleTooling.AbstractKotlinGradleModelBuilder        : loaded 2 times (x 77B)
Class com.android.ide.gradle.model.builder.AndroidStudioToolingPluginKt               : loaded 2 times (x 67B)
Class io.opentelemetry.context.ContextStorage                                         : loaded 2 times (x 66B)
Class org.gradle.tooling.model.internal.Exceptions                                    : loaded 2 times (x 67B)
Class org.gradle.tooling.UnsupportedVersionException                                  : loaded 2 times (x 79B)
Class com.intellij.gradle.toolingExtension.impl.model.buildScriptClasspathModel.GradleBuildScriptClasspathModelProvider: loaded 2 times (x 75B)
Class com.intellij.gradle.toolingExtension.impl.modelAction.GradleModelFetchAction    : loaded 2 times (x 82B)
Class org.gradle.tooling.BuildAction                                                  : loaded 2 times (x 66B)
Class org.jetbrains.kotlin.metadata.ProtoBuf$Annotation$Builder                       : loaded 2 times (x 132B)
Class org.jetbrains.kotlin.metadata.jvm.JvmProtoBuf$StringTableTypes$Record$Operation : loaded 2 times (x 78B)
Class ijJvmDebugger1_ecfgso8jaqt0z3dnaum6lbzry                                        : loaded 2 times (x 175B)
Class com.android.ide.common.gradle.Part                                              : loaded 2 times (x 73B)
Class com.google.common.collect.Lists$RandomAccessReverseList                         : loaded 2 times (x 196B)
Class kotlin.ranges.IntProgression                                                    : loaded 2 times (x 77B)

---------------  S Y S T E M  ---------------

OS:
 Windows 10 , 64 bit Build 19041 (10.0.19041.6807)
OS uptime: 0 days 1:31 hours

CPU: total 8 (initial active 8) (4 cores per cpu, 2 threads per core) family 6 model 58 stepping 9 microcode 0x21, cx8, cmov, fxsr, ht, mmx, sse, sse2, sse3, ssse3, sse4.1, sse4.2, popcnt, tsc, tscinvbit, avx, aes, erms, clmul, vzeroupper, clflush, rdtscp, f16c
Processor Information for the first 8 processors :
  Max Mhz: 3401, Current Mhz: 3401, Mhz Limit: 3401

Memory: 4k page, system-wide physical 7875M (172M free)
TotalPageFile size 15171M (AvailPageFile size 2413M)
current process WorkingSet (physical memory assigned to process): 491M, peak: 1257M
current process commit charge ("private bytes"): 1475M, peak: 1553M

vm_info: OpenJDK 64-Bit Server VM (21.0.6+-13391695-b895.109) for windows-amd64 JRE (21.0.6+-13391695-b895.109), built on 2025-04-22T21:19:17Z by "builder" with MS VC++ 16.10 / 16.11 (VS2019)

END.
